Postcode,LGA,Rented Households,Postcode Totals,LGA Totals,Postcode Fraction,LGA Fraction,POA_NAME_2016,LGA_NAME_2016,POA_2016_2021_RATIO,LGA_2016_2021_RATIO
2000,Sydney,6118,6118,53800,1.0,0.1137174721189591,2000,Sydney (C),1.0,1.0
2007,Sydney,2045,2045,53800,1.0,0.03801115241635688,2007,Sydney (C),1.0,1.0
2008,Sydney,3310,3310,53800,1.0,0.06152416356877324,2008,Sydney (C),1.0,1.0
2009,Sydney,3275,3275,53800,1.0,0.06087360594795539,2009,Sydney (C),1.0,1.0
2010,Sydney,7710,7710,53800,1.0,0.1433085501858736,2010,Sydney (C),1.0,1.0
2011,Sydney,6347,6347,53800,1.0,0.11797397769516729,2011,Sydney (C),1.0,1.0
2015,Sydney,2173,2173,53800,1.0,0.04039033457249071,2015,Sydney (C),1.0,1.0
2016,Sydney,3584,3584,53800,1.0,0.06661710037174721,2016,Sydney (C),1.0,1.0
2017,Sydney,7217,7217,53800,1.0,0.1341449814126394,2017,Sydney (C),1.0,1.0
2018,Sydney,1260,2865,53800,0.4397905759162304,0.02342007434944238,2018,Sydney (C),1.0,1.0
2021,Sydney,1084,3002,53800,0.36109260493004663,0.020148698884758363,2021,Sydney (C),1.0,1.0
2021,Woollahra,1918,3002,7735,0.6389073950699533,0.24796380090497738,2021,Woollahra (A),1.0,1.0
2022,Waverley,2101,2101,11880,1.0,0.17685185185185184,2022,Waverley (A),1.0,1.0
2023,Woollahra,1264,1264,7735,1.0,0.1634130575307046,2023,Woollahra (A),1.0,1.0
2024,Waverley,1615,1615,11880,1.0,0.13594276094276095,2024,Waverley (A),1.0,1.0
2025,Woollahra,1048,1048,7735,1.0,0.1354880413703943,2025,Woollahra (A),1.0,1.0
2026,Waverley,6792,6792,11880,1.0,0.5717171717171717,2026,Waverley (A),1.0,1.0
2027,Woollahra,1357,1357,7735,1.0,0.17543632837750484,2027,Woollahra (A),1.0,1.0
2028,Woollahra,802,802,7735,1.0,0.10368455074337428,2028,Woollahra (A),1.0,1.0
2029,Woollahra,902,1636,7735,0.5513447432762836,0.11661279896574014,2029,Woollahra (A),1.0,1.0
2029,Waverley,734,1636,11880,0.44865525672371637,0.06178451178451178,2029,Waverley (A),1.0,1.0
2030,Waverley,638,1082,11880,0.589648798521257,0.053703703703703705,2030,Waverley (A),1.0,1.0
2030,Woollahra,444,1082,7735,0.41035120147874304,0.05740142210730446,2030,Woollahra (A),1.0,1.0
2031,Randwick,6455,6455,23543,1.0,0.274179161534214,2031,Randwick (C),1.0,1.0
2032,Randwick,2885,3295,23543,0.8755690440060698,0.12254173214968356,2032,Randwick (C),1.0,1.0
2033,Randwick,420,420,23543,1.0,0.017839697574650638,2052,Randwick (C),1.0,1.0
2034,Randwick,4274,4274,23543,1.0,0.18154016055727817,2034,Randwick (C),1.0,1.0
2035,Randwick,4710,5012,23543,0.9397446129289705,0.20005946565858218,2035,Randwick (C),1.0,1.0
2036,Randwick,2547,3655,23543,0.6968536251709986,0.10818502314913138,2036,Randwick (C),1.0,1.0
2037,Sydney,4002,4002,53800,1.0,0.07438661710037174,2037,Sydney (C),1.0,1.0
2038,Inner West,1534,1543,29828,0.9941672067401166,0.051428188279468955,2038,Inner West (A),1.0,1.0
2038,Sydney,9,1543,53800,0.005832793259883344,0.00016728624535315985,2038,Sydney (C),1.0,1.0
2039,Inner West,1352,1352,29828,1.0,0.04532653882258281,2039,Inner West (A),1.0,1.0
2040,Inner West,3201,3201,29828,1.0,0.1073152742389701,2040,Inner West (A),1.0,1.0
2041,Inner West,2444,2444,29828,1.0,0.08193643556389969,2041,Inner West (A),1.0,1.0
2042,Inner West,2548,4360,29828,0.5844036697247706,0.08542309239640607,2042,Inner West (A),1.0,1.0
2042,Sydney,1812,4360,53800,0.41559633027522935,0.03368029739776952,2042,Sydney (C),1.0,1.0
2043,Sydney,1714,1714,53800,1.0,0.03185873605947955,2043,Sydney (C),1.0,1.0
2044,Inner West,922,922,29828,1.0,0.030910553842027625,2044,Inner West (A),1.0,1.0
2045,Inner West,385,385,29828,1.0,0.01290733538956685,2045,Inner West (A),1.0,1.0
2046,Canada Bay,3305,3305,11793,1.0,0.2802509963537692,2046,Canada Bay (A),1.0,1.0
2047,Canada Bay,1680,1680,11793,1.0,0.14245738997710505,2047,Canada Bay (A),1.0,1.0
2048,Inner West,1364,1364,29828,1.0,0.0457288453801797,2048,Inner West (A),1.0,1.0
2049,Inner West,2080,2080,29828,1.0,0.0697331366501274,2049,Inner West (A),1.0,1.0
2060,North Sydney,3402,3402,15300,1.0,0.2223529411764706,2060,North Sydney (A),1.0,1.0
2061,North Sydney,1741,1741,15300,1.0,0.11379084967320262,2061,North Sydney (A),1.0,1.0
2062,North Sydney,1283,1283,15300,1.0,0.0838562091503268,2062,North Sydney (A),1.0,1.0
2063,Willoughby,373,373,9606,1.0,0.0388298979804289,2063,Willoughby (C),1.0,1.0
2064,Willoughby,1769,1769,9606,1.0,0.18415573599833437,2064,Willoughby (C),1.0,1.0
2065,Lane Cove,903,5958,4680,0.1515609264853978,0.19294871794871796,2065,Lane Cove (A),1.0,1.0
2065,North Sydney,3508,5958,15300,0.5887881839543471,0.229281045751634,2065,North Sydney (A),1.0,1.0
2065,Willoughby,1547,5958,9606,0.2596508895602551,0.16104518009577348,2065,Willoughby (C),1.0,1.0
2066,Willoughby,184,3961,9606,0.046452915930320623,0.01915469498230273,2066,Willoughby (C),1.0,1.0
2066,Lane Cove,3777,3961,4680,0.9535470840696794,0.8070512820512821,2066,Lane Cove (A),1.0,1.0
2067,Ryde,11,4247,15585,0.0025900635742877325,0.0007058068655758742,2067,Ryde (C),1.0,1.0
2067,Willoughby,4236,4247,9606,0.9974099364257123,0.44097439100562147,2067,Willoughby (C),1.0,1.0
2068,Willoughby,1273,1273,9606,1.0,0.13252134082864875,2068,Willoughby (C),1.0,1.0
2069,Ku-ring-gai,577,801,6509,0.7203495630461922,0.08864648947611001,2069,Ku-ring-gai (A),1.0,1.0
2069,Willoughby,224,801,9606,0.27965043695380776,0.023318759108890277,2069,Willoughby (C),1.0,1.0
2070,Ku-ring-gai,948,948,6509,1.0,0.14564449224151174,2070,Ku-ring-gai (A),1.0,1.0
2071,Ku-ring-gai,897,897,6509,1.0,0.13780918727915195,2071,Ku-ring-gai (A),1.0,1.0
2072,Ku-ring-gai,737,737,6509,1.0,0.11322783837763098,2072,Ku-ring-gai (A),1.0,1.0
2073,Ku-ring-gai,753,753,6509,1.0,0.11568597326778307,2073,Ku-ring-gai (A),1.0,1.0
2074,Ku-ring-gai,1059,1059,6509,1.0,0.16269780304194192,2074,Ku-ring-gai (A),1.0,1.0
2075,Ku-ring-gai,924,924,6509,1.0,0.14195728990628362,2075,Ku-ring-gai (A),1.0,1.0
2076,Hornsby,628,1242,9755,0.5056360708534622,0.06437724243977447,2076,Hornsby (A),1.0,1.0
2076,Ku-ring-gai,614,1242,6509,0.4943639291465378,0.09433092640958672,2076,Ku-ring-gai (A),1.0,1.0
2077,Hornsby,4982,4982,9755,1.0,0.5107124551512046,2077,Hornsby (A),1.0,1.0
2079,Hornsby,288,288,9755,1.0,0.029523321373654536,2079,Hornsby (A),1.0,1.0
2080,Hornsby,71,71,9755,1.0,0.007278318810866222,2080,Hornsby (A),1.0,1.0
2081,Hornsby,190,190,9755,1.0,0.019477191184008202,2081,Hornsby (A),1.0,1.0
2082,Hornsby,196,196,9755,1.0,0.02009226037929267,2082,Hornsby (A),1.0,1.0
2083,Central Coast (NSW),46,120,31926,0.38333333333333336,0.0014408319238238426,2083,Central Coast (C) (NSW),1.0,1.0
2083,Hornsby,74,120,9755,0.6166666666666667,0.007585853408508457,2083,Hornsby (A),1.0,1.0
2084,Northern Beaches,143,143,22446,1.0,0.0063708455849594585,2084,Northern Beaches (A),1.0,1.0
2085,Northern Beaches,293,293,22446,1.0,0.01305355074400784,2085,Northern Beaches (A),0.9867885,1.0
2086,Northern Beaches,518,518,22446,1.0,0.023077608482580416,2086,Northern Beaches (A),1.0,1.0
2087,Northern Beaches,655,655,22446,1.0,0.029181145861177937,2087,Northern Beaches (A),1.0,1.0
2088,Mosman,3724,3724,3724,1.0,1.0,2088,Mosman (A),1.0,1.0
2089,North Sydney,2740,2740,15300,1.0,0.17908496732026144,2089,North Sydney (A),0.9927034,1.0
2090,North Sydney,2626,2626,15300,1.0,0.17163398692810458,2090,North Sydney (A),0.99689,1.0
2092,Northern Beaches,358,358,22446,1.0,0.01594938964626214,2092,Northern Beaches (A),1.0,1.0
2093,Northern Beaches,2094,2094,22446,1.0,0.09329056402031542,2093,Northern Beaches (A),1.0,1.0
2094,Northern Beaches,763,763,22446,1.0,0.033992693575692776,2094,Northern Beaches (A),1.0,1.0
2095,Northern Beaches,3313,3313,22446,1.0,0.14759868127951528,2095,Northern Beaches (A),1.0,1.0
2096,Northern Beaches,2021,2021,22446,1.0,0.09003831417624521,2096,Northern Beaches (A),0.9994544,1.0
2097,Northern Beaches,1079,1079,22446,1.0,0.048070925777421364,2097,Northern Beaches (A),1.0,1.0
2099,Northern Beaches,5135,5135,22446,1.0,0.22877127327808963,2099,Northern Beaches (A),0.9976197,1.0
2100,Northern Beaches,1362,1362,22446,1.0,0.060678962844159315,2100,Northern Beaches (A),0.9940007,1.0
2101,Northern Beaches,1818,1818,22446,1.0,0.0809943865276664,2101,Northern Beaches (A),0.9961361,1.0
2102,Northern Beaches,428,428,22446,1.0,0.019067985387151386,2102,Northern Beaches (A),0.9994652,1.0
2103,Northern Beaches,808,808,22446,1.0,0.03599750512340729,2103,Northern Beaches (A),0.9884982,1.0
2104,Northern Beaches,94,94,22446,1.0,0.004187828566336986,2104,Northern Beaches (A),1.0,1.0
2105,Northern Beaches,66,66,22446,1.0,0.0029403902699812884,2105,Northern Beaches (A),1.0,1.0
2106,Northern Beaches,712,712,22446,1.0,0.031720573821616325,2106,Northern Beaches (A),1.0,1.0
2107,Northern Beaches,667,667,22446,1.0,0.029715762273901807,2107,Northern Beaches (A),1.0,1.0
2108,Northern Beaches,119,119,22446,1.0,0.005301612759511717,2108,Northern Beaches (A),1.0,1.0
2110,Hunters Hill,672,672,1127,1.0,0.5962732919254659,2110,Hunters Hill (A),1.0,1.0
2111,Hunters Hill,455,1807,1127,0.2517985611510791,0.40372670807453415,2111,Hunters Hill (A),1.0,1.0
2111,Ryde,1352,1807,15585,0.7482014388489209,0.08675008020532564,2111,Ryde (C),1.0,1.0
2112,Ryde,4243,4243,15585,1.0,0.27224895733076676,2112,Ryde (C),0.9999997,1.0
2113,Ryde,586,586,15585,1.0,0.03760025665704203,2109,Ryde (C),1.0,1.0
2114,Ryde,3662,3662,15585,1.0,0.23496952197625923,2114,Ryde (C),1.0,1.0
2115,Parramatta,1370,1370,31192,1.0,0.04392151833803539,2115,Parramatta (C),1.0,1.0
2116,Parramatta,843,843,31192,1.0,0.027026160553988203,2116,Parramatta (C),0.9894173,1.0
2117,Parramatta,2540,2540,31192,1.0,0.08143113618876635,2117,Parramatta (C),0.9964627,1.0
2118,Parramatta,2046,2046,31192,1.0,0.0655937419851244,2118,Parramatta (C),1.0,1.0
2119,Hornsby,319,398,9755,0.8015075376884422,0.0327011788826243,2119,Hornsby (A),1.0,1.0
2119,Parramatta,79,398,31192,0.1984924623115578,0.0025327006924852524,2119,Parramatta (C),1.0,1.0
2120,Hornsby,1090,1090,9755,1.0,0.11173757047667862,2120,Hornsby (A),1.0,1.0
2121,Hornsby,162,2750,9755,0.05890909090909091,0.016606868272680677,2121,Hornsby (A),1.0,1.0
2121,Parramatta,2588,2750,31192,0.9410909090909091,0.08296999230571941,2121,Parramatta (C),1.0,1.0
2122,Ryde,3350,3844,15585,0.8714880332986472,0.21495027269810715,2122,Ryde (C),1.0,1.0
2122,Parramatta,494,3844,31192,0.12851196670135276,0.01583739420364196,2122,Parramatta (C),1.0,1.0
2125,Hornsby,180,551,9755,0.32667876588021777,0.018452075858534086,2125,Hornsby (A),1.0,1.0
2125,The Hills Shire,371,551,8018,0.6733212341197822,0.04627089049638314,2125,The Hills Shire (A),1.0,1.0
2126,Hornsby,799,799,9755,1.0,0.08190671450538185,2126,Hornsby (A),1.0,1.0
2127,Parramatta,2864,2864,31192,1.0,0.09181841497819954,2127,Parramatta (C),0.9999997,1.0
2128,Parramatta,348,348,31192,1.0,0.01115670684790972,2128,Parramatta (C),1.0,1.0
2130,Inner West,1476,1476,29828,1.0,0.04948370658441733,2130,Inner West (A),1.0,1.0
2131,Inner West,4341,4341,29828,1.0,0.14553439721067454,2131,Inner West (A),1.0,1.0
2132,Burwood,498,984,4900,0.5060975609756098,0.10163265306122449,2132,Burwood (A),1.0,1.0
2132,Inner West,486,984,29828,0.49390243902439024,0.016293415582673998,2132,Inner West (A),1.0,1.0
2133,Canterbury-Bankstown,802,1219,38542,0.6579163248564397,0.02080846868351409,2133,Canterbury-Bankstown (A),1.0,1.0
2133,Inner West,105,1219,29828,0.08613617719442165,0.0035201823789727774,2133,Inner West (A),1.0,1.0
2133,Burwood,312,1219,4900,0.2559474979491386,0.0636734693877551,2133,Burwood (A),1.0,1.0
2134,Burwood,2816,2816,4900,1.0,0.5746938775510204,2134,Burwood (A),1.0,1.0
2135,Burwood,914,3143,4900,0.29080496341075407,0.18653061224489795,2135,Burwood (A),1.0,1.0
2135,Strathfield,1662,3143,5293,0.5287941457206491,0.3139996221424523,2135,Strathfield (A),1.0,1.0
2135,Canada Bay,567,3143,11793,0.18040089086859687,0.04807936911727296,2135,Canada Bay (A),1.0,1.0
2136,Burwood,360,728,4900,0.4945054945054945,0.07346938775510205,2136,Burwood (A),1.0,1.0
2136,Strathfield,368,728,5293,0.5054945054945055,0.06952578877763084,2136,Strathfield (A),1.0,1.0
2137,Canada Bay,2747,2747,11793,1.0,0.2329347918256593,2137,Canada Bay (A),1.0,1.0
2138,Canada Bay,4,4,11793,1.0,0.00033918426185025017,2139,Canada Bay (A),1.0,1.0
2140,Strathfield,2834,2834,5293,1.0,0.5354241450972983,2140,Strathfield (A),1.0,1.0
2141,Cumberland,3305,3305,25571,1.0,0.1292479762230652,2141,Cumberland (A),0.9997959,0.9999886
2142,Cumberland,2421,4195,25571,0.5771156138259833,0.09467756442845411,2142,Cumberland (A),0.9924219,0.9999886
2142,Parramatta,1774,4195,31192,0.4228843861740167,0.056873557322390356,2142,Parramatta (C),0.9924219,1.0
2143,Canterbury-Bankstown,366,998,38542,0.3667334669338677,0.009496134087488972,2143,Canterbury-Bankstown (A),1.0,1.0
2143,Cumberland,632,998,25571,0.6332665330661322,0.024715498025106565,2143,Cumberland (A),1.0,0.9999886
2144,Cumberland,4564,4564,25571,1.0,0.17848343826991514,2144,Cumberland (A),1.0,0.9999886
2145,Parramatta,3192,9364,31192,0.3408799658265698,0.10233393177737882,2145,Parramatta (C),1.0,1.0
2145,Cumberland,6172,9364,25571,0.6591200341734301,0.2413671737515154,2145,Cumberland (A),1.0,0.9999886
2146,Blacktown,478,1540,32243,0.3103896103896104,0.014824923239152684,2146,Blacktown (C),1.0,0.999982
2146,Cumberland,271,1540,25571,0.17597402597402598,0.010597942982284619,2146,Cumberland (A),1.0,0.9999886
2146,Parramatta,791,1540,31192,0.5136363636363637,0.025359066427289047,2146,Parramatta (C),1.0,1.0
2147,Blacktown,3391,3391,32243,1.0,0.1051701144434451,2147,Blacktown (C),1.0,0.999982
2148,Blacktown,7258,7258,32243,1.0,0.22510312315851502,2148,Blacktown (C),0.9999038,0.999982
2150,Parramatta,7475,7475,31192,1.0,0.23964478071300332,2150,Parramatta (C),1.0,1.0
2151,Parramatta,2852,2865,31192,0.9954624781849912,0.09143370094896128,2151,Parramatta (C),1.0,1.0
2151,The Hills Shire,13,2865,8018,0.004537521815008726,0.0016213519580942878,2151,The Hills Shire (A),1.0,1.0
2152,Parramatta,1385,1385,31192,1.0,0.04440241087458323,2152,Parramatta (C),1.0,1.0
2153,Parramatta,551,3105,31192,0.17745571658615136,0.017664785842523723,2153,Parramatta (C),1.0,1.0
2153,The Hills Shire,2554,3105,8018,0.8225442834138487,0.3185333000748316,2153,The Hills Shire (A),1.0,1.0
2154,Hornsby,256,2454,9755,0.10431947840260798,0.026242952332137366,2154,Hornsby (A),1.0,1.0
2154,The Hills Shire,2198,2454,8018,0.895680521597392,0.27413320029932653,2154,The Hills Shire (A),1.0,1.0
2155,The Hills Shire,2180,2809,8018,0.7760768956924172,0.27188825143427287,2155,The Hills Shire (A),0.9896648,1.0
2155,Blacktown,629,2809,32243,0.22392310430758278,0.019508110287504266,2155,Blacktown (C),0.9896648,0.999982
2156,Hornsby,14,291,9755,0.048109965635738834,0.0014351614556637623,2156,Hornsby (A),1.0,1.0
2156,The Hills Shire,277,291,8018,0.9518900343642611,0.03454726864554752,2156,The Hills Shire (A),1.0,1.0
2157,Hornsby,75,151,9755,0.4966887417218543,0.007688364941055869,2157,Hornsby (A),1.0,1.0
2157,The Hills Shire,76,151,8018,0.5033112582781457,0.009478672985781991,2157,The Hills Shire (A),1.0,1.0
2158,The Hills Shire,136,344,8018,0.3953488372093023,0.01696183586929409,2158,The Hills Shire (A),1.0,1.0
2158,Hornsby,208,344,9755,0.6046511627906976,0.021322398769861608,2158,Hornsby (A),1.0,1.0
2159,Hornsby,200,200,9755,1.0,0.020502306509482315,2159,Hornsby (A),1.0,1.0
2160,Cumberland,4822,4822,25571,1.0,0.18857299284345547,2160,Cumberland (A),0.9985917,0.9999886
2161,Fairfield,404,3609,19585,0.11194236630645608,0.020628031656880267,2161,Fairfield (C),0.9999041,1.0
2161,Cumberland,3205,3609,25571,0.888057633693544,0.1253372961558015,2161,Cumberland (A),0.9999041,0.9999886
2162,Canterbury-Bankstown,1866,1955,38542,0.9544757033248081,0.048414716413263455,2162,Canterbury-Bankstown (A),1.0,1.0
2162,Cumberland,89,1955,25571,0.04552429667519182,0.0034805052598646906,2162,Cumberland (A),1.0,0.9999886
2163,Fairfield,809,1621,19585,0.49907464528069095,0.04130712279805974,2163,Fairfield (C),1.0,1.0
2163,Canterbury-Bankstown,812,1621,38542,0.5009253547193091,0.021067925899019253,2163,Canterbury-Bankstown (A),1.0,1.0
2164,Fairfield,1744,1822,19585,0.9571899012074643,0.08904774061781975,2164,Fairfield (C),1.0,1.0
2164,Cumberland,78,1822,25571,0.042810098792535674,0.003050330452465684,2164,Cumberland (A),1.0,0.9999886
2165,Fairfield,5543,5555,19585,0.9978397839783978,0.28302272147051316,2165,Fairfield (C),1.0,1.0
2165,Cumberland,12,5555,25571,0.00216021602160216,0.00046928160807164365,2165,Cumberland (A),1.0,0.9999886
2166,Fairfield,5966,5966,19585,1.0,0.3046208833290784,2166,Fairfield (C),1.0,1.0
2167,Campbelltown (NSW),876,876,16313,1.0,0.05369950346349537,2167,Campbelltown (C) (NSW),1.0,0.9995917
2168,Liverpool,4450,4450,18546,1.0,0.23994392321794458,2168,Liverpool (C),1.0,1.0
2170,Liverpool,10315,11165,18546,0.9238692342140618,0.556184622020921,2170,Liverpool (C),1.0,1.0
2170,Fairfield,850,11165,19585,0.0761307657859382,0.04340056165432729,2170,Fairfield (C),1.0,1.0
2171,Liverpool,1601,1601,18546,1.0,0.08632589237571443,2171,Liverpool (C),1.0,1.0
2172,Liverpool,109,127,18546,0.8582677165354331,0.005877278119271002,2172,Liverpool (C),1.0,1.0
2172,Sutherland Shire,18,127,15825,0.14173228346456693,0.001137440758293839,2172,Sutherland Shire (A),1.0,0.9999773
2173,Liverpool,1219,1219,18546,1.0,0.06572845896689312,2173,Liverpool (C),1.0,1.0
2174,Liverpool,140,140,18546,1.0,0.007548797584384773,2174,Liverpool (C),1.0,1.0
2175,Fairfield,80,80,19585,1.0,0.0040847587439366865,2175,Fairfield (C),1.0,1.0
2176,Fairfield,2803,2803,19585,1.0,0.14311973449068163,2176,Fairfield (C),1.0,1.0
2177,Fairfield,1354,1354,19585,1.0,0.06913454174112842,2177,Fairfield (C),1.0,1.0
2178,Penrith,48,200,18998,0.24,0.002526581745446889,2178,Penrith (C),1.0,1.0
2178,Liverpool,120,200,18546,0.6,0.006470397929472662,2178,Liverpool (C),1.0,1.0
2178,Fairfield,32,200,19585,0.16,0.0016339034975746745,2178,Fairfield (C),1.0,1.0
2179,Camden,297,533,4947,0.5572232645403377,0.06003638568829594,2179,Camden (A),0.9992883,0.9999408
2179,Liverpool,236,533,18546,0.4427767354596623,0.012725115927962903,2179,Liverpool (C),0.9992883,1.0
2190,Strathfield,262,2238,5293,0.11706881143878463,0.049499338749291515,2190,Strathfield (A),1.0,1.0
2190,Canterbury-Bankstown,1976,2238,38542,0.8829311885612153,0.05126874578382025,2190,Canterbury-Bankstown (A),1.0,1.0
2191,Strathfield,167,597,5293,0.2797319932998325,0.031551105233327034,2191,Strathfield (A),1.0,1.0
2191,Canterbury-Bankstown,430,597,38542,0.7202680067001676,0.011156660266722018,2191,Canterbury-Bankstown (A),1.0,1.0
2192,Canterbury-Bankstown,1823,1823,38542,1.0,0.047299050386591254,2192,Canterbury-Bankstown (A),1.0,1.0
2193,Inner West,36,1613,29828,0.022318660880347178,0.0012069196727906666,2193,Inner West (A),1.0,1.0
2193,Canterbury-Bankstown,1577,1613,38542,0.9776813391196528,0.04091640288516424,2193,Canterbury-Bankstown (A),1.0,1.0
2194,Canterbury-Bankstown,4159,4159,38542,1.0,0.10790825592859737,2194,Canterbury-Bankstown (A),1.0,1.0
2195,Canterbury-Bankstown,4442,4442,38542,1.0,0.11525089512739349,2195,Canterbury-Bankstown (A),1.0,1.0
2196,Canterbury-Bankstown,3047,3047,38542,1.0,0.07905661356442323,2196,Canterbury-Bankstown (A),1.0,1.0
2197,Canterbury-Bankstown,837,837,38542,1.0,0.02171656893778216,2197,Canterbury-Bankstown (A),1.0,1.0
2198,Canterbury-Bankstown,428,428,38542,1.0,0.011104768823620985,2198,Canterbury-Bankstown (A),1.0,1.0
2199,Canterbury-Bankstown,1783,1783,38542,1.0,0.0462612215245706,2199,Canterbury-Bankstown (A),1.0,1.0
2200,Canterbury-Bankstown,5337,5337,38542,1.0,0.1384723159151056,2200,Canterbury-Bankstown (A),0.9944774,1.0
2203,Inner West,2403,2403,29828,1.0,0.08056188815877699,2203,Inner West (A),1.0,1.0
2204,Inner West,4361,4361,29828,1.0,0.14620490814000267,2204,Inner West (A),1.0,1.0
2205,Bayside (NSW),3197,3197,13699,1.0,0.23337469888313014,2205,Rockdale (C),0.9946045,1.0
2206,Canterbury-Bankstown,1234,1234,38542,1.0,0.03201702039333714,2206,Canterbury-Bankstown (A),1.0,1.0
2207,Bayside (NSW),2178,2178,13699,1.0,0.15898970727790349,2207,Rockdale (C),0.9945938,1.0
2208,Canterbury-Bankstown,476,1001,38542,0.4755244755244755,0.012350163458045769,2208,Canterbury-Bankstown (A),1.0,1.0
2208,Bayside (NSW),211,1001,13699,0.21078921078921078,0.015402584130228485,2208,Rockdale (C),1.0,1.0
2208,Georges River,314,1001,15135,0.31368631368631367,0.020746613809051868,2208,Georges River (A),1.0,1.0
2209,Canterbury-Bankstown,666,1671,38542,0.3985637342908438,0.017279850552643868,2209,Canterbury-Bankstown (A),0.9918103,1.0
2209,Georges River,1005,1671,15135,0.6014362657091562,0.06640237859266601,2209,Georges River (A),0.9918103,1.0
2210,Georges River,1760,3293,15135,0.5344670513209839,0.11628675256029072,2210,Georges River (A),0.9967395,1.0
2210,Canterbury-Bankstown,1533,3293,38542,0.46553294867901607,0.03977479113694152,2210,Canterbury-Bankstown (A),0.9967395,1.0
2211,Canterbury-Bankstown,1469,1469,38542,1.0,0.03811426495770848,2211,Canterbury-Bankstown (A),1.0,1.0
2212,Canterbury-Bankstown,1623,1623,38542,1.0,0.042109906076487985,2212,Canterbury-Bankstown (A),1.0,1.0
2213,Canterbury-Bankstown,1739,1739,38542,1.0,0.04511960977634788,2213,Canterbury-Bankstown (A),1.0,1.0
2214,Canterbury-Bankstown,117,117,38542,1.0,0.0030356494214104092,2214,Canterbury-Bankstown (A),1.0,1.0
2216,Bayside (NSW),4082,4082,13699,1.0,0.2979779545952259,2216,Rockdale (C),1.0,1.0
2217,Bayside (NSW),2272,3682,13699,0.617055947854427,0.16585152200890577,2217,Rockdale (C),0.9966257,1.0
2217,Georges River,1410,3682,15135,0.38294405214557303,0.0931615460852329,2217,Georges River (A),0.9966257,1.0
2218,Bayside (NSW),453,2231,13699,0.20304796055580457,0.03306810716110665,2218,Rockdale (C),1.0,1.0
2218,Georges River,1778,2231,15135,0.7969520394441955,0.11747604889329369,2218,Georges River (A),1.0,1.0
2219,Georges River,104,1410,15135,0.07375886524822695,0.0068714899240171785,2219,Georges River (A),1.0,1.0
2219,Bayside (NSW),1306,1410,13699,0.926241134751773,0.09533542594349953,2219,Rockdale (C),1.0,1.0
2220,Georges River,4311,4311,15135,1.0,0.2848364717542121,2220,Georges River (A),0.9957081,1.0
2221,Georges River,890,890,15135,1.0,0.05880409646514701,2221,Georges River (A),1.0,1.0
2222,Georges River,1567,1567,15135,1.0,0.10353485298975884,2222,Georges River (A),1.0,1.0
2223,Georges River,1996,1996,15135,1.0,0.1318797489263297,2223,Georges River (A),1.0,1.0
2224,Sutherland Shire,895,895,15825,1.0,0.056556082148499214,2224,Sutherland Shire (A),0.9996516,0.9999773
2225,Sutherland Shire,121,121,15825,1.0,0.007646129541864139,2225,Sutherland Shire (A),1.0,0.9999773
2226,Sutherland Shire,733,733,15825,1.0,0.04631911532385466,2226,Sutherland Shire (A),1.0,0.9999773
2227,Sutherland Shire,1075,1075,15825,1.0,0.0679304897314376,2227,Sutherland Shire (A),0.9954129,0.9999773
2228,Sutherland Shire,1890,1890,15825,1.0,0.11943127962085308,2228,Sutherland Shire (A),1.0,0.9999773
2229,Sutherland Shire,2286,2286,15825,1.0,0.14445497630331752,2229,Sutherland Shire (A),0.995666,0.9999773
2230,Sutherland Shire,3707,3707,15825,1.0,0.23424960505529227,2230,Sutherland Shire (A),0.9999999,0.9999773
2231,Sutherland Shire,100,100,15825,1.0,0.00631911532385466,2231,Sutherland Shire (A),0.9987701,0.9999773
2232,Sutherland Shire,2987,2987,15825,1.0,0.18875197472353872,2232,Sutherland Shire (A),0.9975861,0.9999773
2233,Sutherland Shire,1058,1058,15825,1.0,0.0668562401263823,2233,Sutherland Shire (A),0.9992845,0.9999773
2234,Sutherland Shire,955,955,15825,1.0,0.06034755134281201,2234,Sutherland Shire (A),1.0,0.9999773
2250,Central Coast (NSW),6905,6910,31926,0.9992764109985528,0.21628140073920943,2250,Central Coast (C) (NSW),1.0,1.0
2250,Cessnock,5,6910,5300,0.000723589001447178,0.0009433962264150943,2250,Cessnock (C),1.0,1.0
2251,Central Coast (NSW),1966,1966,31926,1.0,0.06157990352690597,2251,Central Coast (C) (NSW),0.9997837,1.0
2256,Central Coast (NSW),1993,1993,31926,1.0,0.06242560922132431,2256,Central Coast (C) (NSW),1.0,1.0
2257,Central Coast (NSW),3287,3287,31926,1.0,0.10295683768715154,2257,Central Coast (C) (NSW),1.0,1.0
2258,Central Coast (NSW),360,360,31926,1.0,0.011276075925577899,2258,Central Coast (C) (NSW),1.0,1.0
2259,Lake Macquarie,189,5118,16501,0.0369284876905041,0.0114538512817405,2259,Lake Macquarie (C),1.0,1.0
2259,Central Coast (NSW),4929,5118,31926,0.963071512309496,0.1543882728810374,2259,Central Coast (C) (NSW),1.0,1.0
2260,Central Coast (NSW),1733,1733,31926,1.0,0.05428177660840694,2260,Central Coast (C) (NSW),1.0,1.0
2261,Central Coast (NSW),5722,5722,31926,1.0,0.1792269623504354,2261,Central Coast (C) (NSW),1.0,1.0
2262,Central Coast (NSW),1964,1964,31926,1.0,0.06151725866065276,2262,Central Coast (C) (NSW),1.0,1.0
2263,Central Coast (NSW),2997,2997,31926,1.0,0.09387333208043601,2263,Central Coast (C) (NSW),1.0,1.0
2264,Lake Macquarie,1230,1230,16501,1.0,0.07454093691291437,2264,Lake Macquarie (C),1.0,1.0
2265,Lake Macquarie,426,426,16501,1.0,0.025816617174716682,2265,Lake Macquarie (C),1.0,1.0
2267,Lake Macquarie,247,247,16501,1.0,0.01496878977031695,2267,Lake Macquarie (C),1.0,1.0
2278,Lake Macquarie,109,109,16501,1.0,0.006605660263014363,2278,Lake Macquarie (C),1.0,1.0
2280,Lake Macquarie,2217,2217,16501,1.0,0.1343554936064481,2280,Lake Macquarie (C),1.0,1.0
2281,Lake Macquarie,1206,1206,16501,1.0,0.07308647960729653,2281,Lake Macquarie (C),1.0,1.0
2282,Lake Macquarie,922,922,16501,1.0,0.05587540149081874,2282,Lake Macquarie (C),1.0,1.0
2283,Lake Macquarie,2036,2036,16501,1.0,0.1233864614265802,2283,Lake Macquarie (C),1.0,1.0
2284,Lake Macquarie,1057,1057,16501,1.0,0.0640567238349191,2284,Lake Macquarie (C),1.0,1.0
2285,Lake Macquarie,2417,2417,16501,1.0,0.14647597115326344,2285,Lake Macquarie (C),0.99748,1.0
2286,Lake Macquarie,214,214,16501,1.0,0.012968910975092418,2286,Lake Macquarie (C),1.0,1.0
2287,Lake Macquarie,47,3571,16501,0.013161579389526744,0.002848312223501606,2287,Lake Macquarie (C),1.0,1.0
2287,Newcastle,3524,3571,21152,0.9868384206104732,0.1666036308623298,2287,Newcastle (C),1.0,1.0
2289,Lake Macquarie,201,1612,16501,0.12468982630272953,0.012181079934549421,2289,Lake Macquarie (C),0.9968913,1.0
2289,Newcastle,1411,1612,21152,0.8753101736972705,0.06670763993948563,2289,Newcastle (C),0.9968913,1.0
2290,Lake Macquarie,2871,2871,16501,1.0,0.17398945518453426,2290,Lake Macquarie (C),0.9919595,1.0
2291,Newcastle,1658,1658,21152,1.0,0.07838502269288956,2291,Newcastle (C),0.9943276,1.0
2292,Newcastle,404,404,21152,1.0,0.01909984871406959,2292,Newcastle (C),0.9796337,1.0
2293,Newcastle,465,465,21152,1.0,0.02198373676248109,2293,Newcastle (C),1.0,1.0
2294,Newcastle,364,364,21152,1.0,0.017208774583963693,2294,Newcastle (C),1.0,1.0
2295,Port Stephens,189,639,6651,0.29577464788732394,0.028416779431664412,2295,Port Stephens (A),1.0,1.0
2295,Newcastle,450,639,21152,0.704225352112676,0.021274583963691376,2295,Newcastle (C),1.0,1.0
2296,Newcastle,388,388,21152,1.0,0.01834341906202723,2296,Newcastle (C),1.0,1.0
2297,Newcastle,217,217,21152,1.0,0.010259077155824508,2297,Newcastle (C),1.0,1.0
2298,Newcastle,1505,1505,21152,1.0,0.0711516641452345,2298,Newcastle (C),1.0,1.0
2299,Newcastle,1864,1864,21152,1.0,0.08812405446293495,2299,Newcastle (C),1.0,1.0
2300,Newcastle,2532,2532,21152,1.0,0.11970499243570348,2300,Newcastle (C),1.0,1.0
2302,Newcastle,162,162,21152,1.0,0.007658850226928896,2302,Newcastle (C),0.9999818,1.0
2303,Newcastle,1550,1550,21152,1.0,0.07327912254160363,2303,Newcastle (C),1.0,1.0
2304,Newcastle,2387,2387,21152,1.0,0.1128498487140696,2304,Newcastle (C),0.9999998,1.0
2305,Newcastle,1205,1265,21152,0.9525691699604744,0.056968608169440244,2305,Newcastle (C),1.0,1.0
2305,Lake Macquarie,60,1265,16501,0.04743083003952569,0.0036361432640446036,2305,Lake Macquarie (C),1.0,1.0
2306,Lake Macquarie,1030,1030,16501,1.0,0.062420459366099024,2306,Lake Macquarie (C),1.0,1.0
2307,Newcastle,535,535,21152,1.0,0.025293116490166415,2307,Newcastle (C),1.0,1.0
2311,Dungog,48,48,512,1.0,0.09375,2311,Dungog (A),1.0,1.0
2312,Mid-Coast,90,90,8918,1.0,0.010091948867459071,2312,Mid-Coast (A),1.0,1.0
2315,Port Stephens,1676,1676,6651,1.0,0.251992181626823,2315,Port Stephens (A),1.0,1.0
2316,Port Stephens,426,426,6651,1.0,0.06405051871898963,2316,Port Stephens (A),1.0,1.0
2317,Port Stephens,680,680,6651,1.0,0.10224026462186138,2317,Port Stephens (A),1.0,1.0
2319,Port Stephens,672,672,6651,1.0,0.10103743797925124,2319,Port Stephens (A),1.0,1.0
2320,Maitland,3330,3421,7999,0.9733995907629348,0.41630203775471936,2320,Maitland (C),1.0,1.0
2320,Cessnock,57,3421,5300,0.01666179479684303,0.010754716981132076,2320,Cessnock (C),1.0,1.0
2320,Singleton,10,3421,2153,0.0029231218941829875,0.004644681839294009,2320,Singleton (A),1.0,1.0
2320,Port Stephens,24,3421,6651,0.0070154925460391695,0.0036084799278304014,2320,Port Stephens (A),1.0,1.0
2321,Dungog,87,1154,512,0.07538994800693241,0.169921875,2321,Dungog (A),1.0,1.0
2321,Maitland,736,1154,7999,0.6377816291161178,0.09201150143767971,2321,Maitland (C),1.0,1.0
2321,Cessnock,292,1154,5300,0.2530329289428076,0.05509433962264151,2321,Cessnock (C),1.0,1.0
2321,Port Stephens,39,1154,6651,0.033795493934142114,0.005863779882724403,2321,Port Stephens (A),1.0,1.0
2322,Maitland,983,1586,7999,0.619798234552333,0.1228903612951619,2322,Maitland (C),1.0,1.0
2322,Newcastle,531,1586,21152,0.3348045397225725,0.025104009077155823,2322,Newcastle (C),1.0,1.0
2322,Port Stephens,56,1586,6651,0.03530895334174023,0.008419786498270937,2322,Port Stephens (A),1.0,1.0
2322,Cessnock,16,1586,5300,0.01008827238335435,0.0030188679245283017,2322,Cessnock (C),1.0,1.0
2323,Maitland,2923,2984,7999,0.9795576407506702,0.3654206775846981,2323,Maitland (C),0.9999996,1.0
2323,Lake Macquarie,22,2984,16501,0.007372654155495978,0.0013332525301496879,2323,Lake Macquarie (C),0.9999996,1.0
2323,Cessnock,39,2984,5300,0.01306970509383378,0.007358490566037735,2323,Cessnock (C),0.9999996,1.0
2324,Maitland,15,2585,7999,0.005802707930367505,0.0018752344043005376,2324,Maitland (C),0.9999996,1.0
2324,Mid-Coast,482,2585,8918,0.1864603481624758,0.054047992823503026,2324,Mid-Coast (A),0.9999996,1.0
2324,Port Stephens,2088,2585,6651,0.8077369439071567,0.31393775372124494,2324,Port Stephens (A),0.9999996,1.0
2325,Cessnock,2826,2826,5300,1.0,0.5332075471698113,2325,Cessnock (C),1.0,1.0
2326,Maitland,3,552,7999,0.005434782608695652,0.00037504688086010754,2326,Maitland (C),0.9983552,1.0
2326,Cessnock,549,552,5300,0.9945652173913043,0.10358490566037735,2326,Cessnock (C),0.9983552,1.0
2327,Cessnock,917,917,5300,1.0,0.1730188679245283,2327,Cessnock (C),1.0,1.0
2328,Muswellbrook,204,204,2184,1.0,0.09340659340659341,2328,Muswellbrook (A),0.9999997,1.0
2329,Upper Hunter Shire,181,181,1325,1.0,0.13660377358490566,2329,Upper Hunter Shire (A),1.0,1.0
2330,Singleton,2068,2079,2153,0.9947089947089947,0.9605202043660009,2330,Singleton (A),1.0,1.0
2330,Muswellbrook,11,2079,2184,0.005291005291005291,0.005036630036630037,2330,Muswellbrook (A),1.0,1.0
2333,Upper Hunter Shire,12,1976,1325,0.006072874493927126,0.009056603773584906,2333,Upper Hunter Shire (A),1.0,1.0
2333,Muswellbrook,1964,1976,2184,0.9939271255060729,0.8992673992673993,2333,Muswellbrook (A),1.0,1.0
2334,Cessnock,223,223,5300,1.0,0.04207547169811321,2334,Cessnock (C),1.0,1.0
2335,Cessnock,376,460,5300,0.8173913043478261,0.0709433962264151,2335,Cessnock (C),1.0,1.0
2335,Maitland,9,460,7999,0.01956521739130435,0.0011251406425803225,2335,Maitland (C),1.0,1.0
2335,Singleton,75,460,2153,0.16304347826086957,0.03483511379470506,2335,Singleton (A),1.0,1.0
2336,Muswellbrook,5,245,2184,0.02040816326530612,0.0022893772893772895,2336,Muswellbrook (A),1.0,1.0
2336,Upper Hunter Shire,240,245,1325,0.9795918367346939,0.1811320754716981,2336,Upper Hunter Shire (A),1.0,1.0
2337,Upper Hunter Shire,771,771,1325,1.0,0.5818867924528301,2337,Upper Hunter Shire (A),1.0,1.0
2338,Tamworth Regional,4,129,6508,0.031007751937984496,0.0006146281499692685,2338,Tamworth Regional (A),1.0,1.0
2338,Liverpool Plains,4,129,751,0.031007751937984496,0.005326231691078562,2338,Liverpool Plains (A),1.0,1.0
2338,Upper Hunter Shire,121,129,1325,0.937984496124031,0.09132075471698113,2338,Upper Hunter Shire (A),1.0,1.0
2339,Liverpool Plains,39,39,751,1.0,0.05193075898801598,2339,Liverpool Plains (A),1.0,1.0
2340,Tamworth Regional,5710,5744,6508,0.9940807799442897,0.8773816840811309,2340,Tamworth Regional (A),1.0,1.0
2340,Gunnedah,34,5744,1384,0.005919220055710306,0.024566473988439308,2340,Gunnedah (A),1.0,1.0
2341,Liverpool Plains,176,176,751,1.0,0.23435419440745672,2341,Liverpool Plains (A),1.0,1.0
2342,Gunnedah,12,31,1384,0.3870967741935484,0.008670520231213872,2342,Gunnedah (A),1.0,1.0
2342,Liverpool Plains,19,31,751,0.6129032258064516,0.02529960053262317,2342,Liverpool Plains (A),1.0,1.0
2343,Gunnedah,5,513,1384,0.009746588693957114,0.0036127167630057803,2343,Gunnedah (A),1.0,1.0
2343,Liverpool Plains,508,513,751,0.9902534113060428,0.6764314247669774,2343,Liverpool Plains (A),1.0,1.0
2344,Tamworth Regional,29,29,6508,1.0,0.004456054087277198,2344,Tamworth Regional (A),1.0,1.0
2345,Tamworth Regional,30,30,6508,1.0,0.004609711124769515,2345,Tamworth Regional (A),1.0,1.0
2346,Tamworth Regional,294,294,6508,1.0,0.04517516902274124,2346,Tamworth Regional (A),1.0,1.0
2347,Tamworth Regional,152,169,6508,0.8994082840236687,0.023355869698832205,2347,Tamworth Regional (A),1.0,1.0
2347,Gwydir,17,169,369,0.10059171597633136,0.04607046070460705,2347,Gwydir (A),1.0,1.0
2352,Tamworth Regional,194,194,6508,1.0,0.029809465273509528,2352,Tamworth Regional (A),1.0,1.0
2353,Tamworth Regional,56,56,6508,1.0,0.008604794099569761,2353,Tamworth Regional (A),1.0,1.0
2354,Tamworth Regional,6,262,6508,0.022900763358778626,0.0009219422249539029,2354,Tamworth Regional (A),1.0,1.0
2354,Uralla,17,262,422,0.0648854961832061,0.04028436018957346,2354,Uralla (A),1.0,1.0
2354,Walcha,239,262,239,0.9122137404580153,1.0,2354,Walcha (A),1.0,1.0
2355,Tamworth Regional,33,33,6508,1.0,0.0050706822372464655,2355,Tamworth Regional (A),1.0,1.0
2356,Narrabri,10,10,1364,1.0,0.007331378299120235,2356,Narrabri (A),1.0,1.0
2357,Warrumbungle Shire,395,395,802,1.0,0.4925187032418953,2357,Warrumbungle Shire (A),0.9857787,1.0
2358,Uralla,330,330,422,1.0,0.7819905213270142,2358,Uralla (A),1.0,1.0
2359,Gwydir,4,52,369,0.07692307692307693,0.01084010840108401,2359,Gwydir (A),1.0,1.0
2359,Armidale Regional,4,52,3591,0.07692307692307693,0.001113895850737956,2359,Armidale Regional (A),1.0,0.9703365
2359,Uralla,44,52,422,0.8461538461538461,0.10426540284360189,2359,Uralla (A),1.0,1.0
2360,Inverell,1628,1634,1744,0.996328029375765,0.9334862385321101,2360,Inverell (A),1.0,1.0
2360,Armidale Regional,6,1634,3591,0.0036719706242350062,0.001670843776106934,2360,Armidale Regional (A),1.0,0.9703365
2361,Inverell,52,52,1744,1.0,0.02981651376146789,2361,Inverell (A),1.0,1.0
2365,Armidale Regional,303,320,3591,0.946875,0.08437761069340016,2365,Armidale Regional (A),1.0,0.9703365
2365,Glen Innes Severn,17,320,857,0.053125,0.019836639439906652,2365,Glen Innes Severn (A),1.0,1.0
2369,Inverell,7,61,1744,0.11475409836065574,0.0040137614678899085,2369,Inverell (A),1.0,1.0
2369,Armidale Regional,54,61,3591,0.8852459016393442,0.015037593984962405,2369,Armidale Regional (A),1.0,0.9703365
2370,Glen Innes Severn,785,790,857,0.9936708860759493,0.9159859976662778,2370,Glen Innes Severn (A),1.0,1.0
2370,Inverell,5,790,1744,0.006329113924050633,0.0028669724770642203,2370,Inverell (A),1.0,1.0
2371,Glen Innes Severn,55,59,857,0.9322033898305084,0.06417736289381563,2371,Glen Innes Severn (A),1.0,1.0
2371,Tenterfield,4,59,543,0.06779661016949153,0.007366482504604052,2371,Tenterfield (A),1.0,1.0
2372,Tenterfield,435,435,543,1.0,0.8011049723756906,2372,Tenterfield (A),1.0,1.0
2379,Warrumbungle Shire,10,21,802,0.47619047619047616,0.012468827930174564,2379,Warrumbungle Shire (A),0.8412327,1.0
2379,Gunnedah,11,21,1384,0.5238095238095238,0.007947976878612716,2379,Gunnedah (A),0.8412327,1.0
2380,Gunnedah,1226,1226,1384,1.0,0.8858381502890174,2380,Gunnedah (A),1.0,1.0
2381,Gunnedah,86,94,1384,0.9148936170212766,0.06213872832369942,2381,Gunnedah (A),1.0,1.0
2381,Warrumbungle Shire,3,94,802,0.031914893617021274,0.003740648379052369,2381,Warrumbungle Shire (A),1.0,1.0
2381,Liverpool Plains,5,94,751,0.05319148936170213,0.006657789613848202,2381,Liverpool Plains (A),1.0,1.0
2382,Gunnedah,10,145,1384,0.06896551724137931,0.0072254335260115606,2382,Gunnedah (A),1.0,1.0
2382,Narrabri,135,145,1364,0.9310344827586207,0.09897360703812316,2382,Narrabri (A),1.0,1.0
2386,Narrabri,5,26,1364,0.19230769230769232,0.0036656891495601175,2386,Narrabri (A),1.0,1.0
2386,Walgett,21,26,802,0.8076923076923077,0.026184538653366583,2386,Walgett (A),1.0,1.0
2387,Walgett,16,16,802,1.0,0.0199501246882793,2387,Walgett (A),1.0,1.0
2388,Narrabri,279,279,1364,1.0,0.20454545454545456,2388,Narrabri (A),1.0,1.0
2390,Narrabri,900,905,1364,0.994475138121547,0.6598240469208211,2390,Narrabri (A),1.0,1.0
2390,Gwydir,5,905,369,0.0055248618784530384,0.013550135501355014,2390,Gwydir (A),1.0,1.0
2395,Warrumbungle Shire,50,50,802,1.0,0.06234413965087282,2395,Warrumbungle Shire (A),1.0,1.0
2396,Warrumbungle Shire,81,81,802,1.0,0.10099750623441396,2396,Warrumbungle Shire (A),1.0,1.0
2397,Narrabri,35,35,1364,1.0,0.025659824046920823,2397,Narrabri (A),1.0,1.0
2398,Moree Plains,16,16,1669,1.0,0.009586578789694428,2398,Moree Plains (A),1.0,1.0
2399,Moree Plains,28,33,1669,0.8484848484848485,0.016776512881965248,2399,Moree Plains (A),1.0,1.0
2399,Gwydir,5,33,369,0.15151515151515152,0.013550135501355014,2399,Gwydir (A),1.0,1.0
2400,Moree Plains,1355,1355,1669,1.0,0.8118633912522468,2400,Moree Plains (A),1.0,1.0
2401,Gwydir,12,12,369,1.0,0.032520325203252036,2401,Gwydir (A),1.0,1.0
2402,Gwydir,150,150,369,1.0,0.4065040650406504,2402,Gwydir (A),1.0,1.0
2403,Inverell,35,35,1744,1.0,0.020068807339449542,2403,Inverell (A),1.0,1.0
2404,Gwydir,140,140,369,1.0,0.3794037940379404,2404,Gwydir (A),1.0,1.0
2405,Moree Plains,21,21,1669,1.0,0.012582384661473937,2405,Moree Plains (A),1.0,1.0
2406,Moree Plains,93,93,1669,1.0,0.05572198921509886,2406,Moree Plains (A),1.0,1.0
2408,Gwydir,26,26,369,1.0,0.07046070460704607,2408,Gwydir (A),1.0,1.0
2409,Gwydir,3,159,369,0.018867924528301886,0.008130081300813009,2409,Gwydir (A),1.0,1.0
2409,Moree Plains,156,159,1669,0.9811320754716981,0.09346914319952067,2409,Moree Plains (A),1.0,1.0
2410,Inverell,17,17,1744,1.0,0.00974770642201835,2410,Inverell (A),1.0,1.0
2411,Gwydir,7,7,369,1.0,0.018970189701897018,2411,Gwydir (A),1.0,1.0
2415,Mid-Coast,33,33,8918,1.0,0.0037003812514016595,2415,Mid-Coast (A),1.0,1.0
2420,Dungog,315,315,512,1.0,0.615234375,2420,Dungog (A),1.0,1.0
2421,Dungog,62,62,512,1.0,0.12109375,2421,Dungog (A),1.0,1.0
2422,Mid-Coast,484,484,8918,1.0,0.054272258353891004,2422,Mid-Coast (A),1.0,1.0
2423,Mid-Coast,215,215,8918,1.0,0.024108544516707783,2423,Mid-Coast (A),1.0,1.0
2424,Mid-Coast,27,27,8918,1.0,0.0030275846602377215,2424,Mid-Coast (A),1.0,1.0
2425,Mid-Coast,88,88,8918,1.0,0.009867683337071092,2425,Mid-Coast (A),1.0,1.0
2426,Mid-Coast,48,48,8918,1.0,0.005382372729311505,2426,Mid-Coast (A),1.0,1.0
2427,Mid-Coast,299,299,8918,1.0,0.033527696793002916,2427,Mid-Coast (A),1.0,1.0
2428,Mid-Coast,2731,2731,8918,1.0,0.30623458174478585,2428,Mid-Coast (A),1.0,1.0
2429,Port Macquarie-Hastings,43,672,8127,0.06398809523809523,0.005291005291005291,2429,Port Macquarie-Hastings (A),1.0,1.0
2429,Mid-Coast,629,672,8918,0.9360119047619048,0.07053150930701951,2429,Mid-Coast (A),1.0,1.0
2430,Mid-Coast,3710,3710,8918,1.0,0.41601255886970173,2430,Mid-Coast (A),1.0,1.0
2431,Kempsey,600,600,2744,1.0,0.21865889212827988,2431,Kempsey (A),1.0,1.0
2439,Port Macquarie-Hastings,119,119,8127,1.0,0.014642549526270457,2439,Port Macquarie-Hastings (A),1.0,1.0
2440,Kempsey,1948,1948,2744,1.0,0.7099125364431487,2440,Kempsey (A),1.0,1.0
2441,Nambucca Valley,43,309,2029,0.13915857605177995,0.021192705766387383,2441,Nambucca (A),1.0,1.0
2441,Port Macquarie-Hastings,70,309,8127,0.22653721682847897,0.008613264427217916,2441,Port Macquarie-Hastings (A),1.0,1.0
2441,Kempsey,196,309,2744,0.6343042071197411,0.07142857142857142,2441,Kempsey (A),1.0,1.0
2443,Port Macquarie-Hastings,761,843,8127,0.9027283511269276,0.0936384889873262,2443,Port Macquarie-Hastings (A),0.961499,1.0
2443,Mid-Coast,82,843,8918,0.09727164887307237,0.009194886745907155,2443,Mid-Coast (A),0.961499,1.0
2444,Port Macquarie-Hastings,5693,5693,8127,1.0,0.7005044912021656,2444,Port Macquarie-Hastings (A),1.0,1.0
2445,Port Macquarie-Hastings,432,432,8127,1.0,0.053156146179401995,2445,Port Macquarie-Hastings (A),1.0,1.0
2446,Port Macquarie-Hastings,1009,1009,8127,1.0,0.12415405438661252,2446,Port Macquarie-Hastings (A),1.0,1.0
2447,Nambucca Valley,553,553,2029,1.0,0.2725480532281912,2447,Nambucca (A),1.0,1.0
2448,Nambucca Valley,1233,1233,2029,1.0,0.6076885165105963,2448,Nambucca (A),1.0,1.0
2449,Nambucca Valley,200,200,2029,1.0,0.09857072449482504,2449,Nambucca (A),0.9966496,1.0
2450,Clarence Valley,45,5119,4973,0.008790779449111155,0.0090488638648703,2450,Clarence Valley (A),1.0,1.0
2450,Coffs Harbour,5074,5119,8320,0.9912092205508889,0.6098557692307692,2450,Coffs Harbour (C),1.0,1.0
2452,Coffs Harbour,1875,1875,8320,1.0,0.22536057692307693,2452,Coffs Harbour (C),1.0,1.0
2453,Bellingen,178,209,1189,0.8516746411483254,0.14970563498738435,2453,Bellingen (A),1.0,1.0
2453,Clarence Valley,22,209,4973,0.10526315789473684,0.004423889000603257,2453,Clarence Valley (A),1.0,1.0
2453,Armidale Regional,9,209,3591,0.0430622009569378,0.002506265664160401,2453,Armidale Regional (A),1.0,0.9703365
2454,Bellingen,621,632,1189,0.9825949367088608,0.5222876366694701,2454,Bellingen (A),1.0,1.0
2454,Coffs Harbour,11,632,8320,0.01740506329113924,0.0013221153846153847,2454,Coffs Harbour (C),1.0,1.0
2455,Bellingen,390,390,1189,1.0,0.3280067283431455,2455,Bellingen (A),1.0,1.0
2456,Coffs Harbour,1360,1360,8320,1.0,0.16346153846153846,2456,Coffs Harbour (C),1.0,1.0
2460,Clarence Valley,2780,2780,4973,1.0,0.5590187009853207,2460,Clarence Valley (A),1.0,1.0
2462,Clarence Valley,191,191,4973,1.0,0.038407399959782824,2462,Clarence Valley (A),1.0,1.0
2463,Clarence Valley,643,643,4973,1.0,0.1292982103358134,2463,Clarence Valley (A),1.0,1.0
2464,Clarence Valley,906,906,4973,1.0,0.1821837924793887,2464,Clarence Valley (A),1.0,1.0
2465,Clarence Valley,31,31,4973,1.0,0.006233661773577317,2465,Clarence Valley (A),1.0,1.0
2466,Clarence Valley,269,269,4973,1.0,0.05409209732555801,2466,Clarence Valley (A),0.9995456,1.0
2469,Tenterfield,52,281,543,0.18505338078291814,0.09576427255985268,2469,Tenterfield (A),1.0,1.0
2469,Richmond Valley,38,281,2464,0.13523131672597866,0.015422077922077922,2469,Richmond Valley (A),1.0,1.0
2469,Kyogle,105,281,712,0.3736654804270463,0.14747191011235955,2469,Kyogle (A),1.0,1.0
2469,Clarence Valley,86,281,4973,0.30604982206405695,0.01729338427508546,2469,Clarence Valley (A),1.0,1.0
2470,Kyogle,12,1603,712,0.007485963817841547,0.016853932584269662,2470,Kyogle (A),1.0,1.0
2470,Lismore,3,1603,4562,0.0018714909544603868,0.000657606313020605,2470,Lismore (C),1.0,1.0
2470,Richmond Valley,1588,1603,2464,0.990642545227698,0.6444805194805194,2470,Richmond Valley (A),1.0,1.0
2471,Lismore,27,182,4562,0.14835164835164835,0.005918456817185445,2471,Lismore (C),1.0,1.0
2471,Richmond Valley,155,182,2464,0.8516483516483516,0.06290584415584416,2471,Richmond Valley (A),1.0,1.0
2472,Richmond Valley,150,155,2464,0.967741935483871,0.060876623376623376,2472,Richmond Valley (A),1.0,1.0
2472,Lismore,5,155,4562,0.03225806451612903,0.0010960105217010083,2472,Lismore (C),1.0,1.0
2473,Richmond Valley,518,518,2464,1.0,0.21022727272727273,2473,Richmond Valley (A),1.0,1.0
2474,Kyogle,525,525,712,1.0,0.7373595505617978,2474,Kyogle (A),1.0,1.0
2475,Kyogle,6,31,712,0.1935483870967742,0.008426966292134831,2475,Kyogle (A),1.0,1.0
2475,Tenterfield,25,31,543,0.8064516129032258,0.04604051565377532,2475,Tenterfield (A),1.0,1.0
2476,Kyogle,46,73,712,0.6301369863013698,0.06460674157303371,2476,Kyogle (A),1.0,1.0
2476,Tenterfield,27,73,543,0.3698630136986301,0.049723756906077346,2476,Tenterfield (A),1.0,1.0
2477,Lismore,5,994,4562,0.005030181086519115,0.0010960105217010083,2477,Lismore (C),1.0,1.0
2477,Ballina,989,994,4514,0.9949698189134809,0.21909614532565352,2477,Ballina (A),1.0,1.0
2478,Ballina,3430,3430,4514,1.0,0.7598582188746124,2478,Ballina (A),1.0,1.0
2479,Byron,314,401,3459,0.7830423940149626,0.09077768141081237,2479,Byron (A),1.0,1.0
2479,Ballina,87,401,4514,0.2169576059850374,0.019273371732388127,2479,Ballina (A),1.0,1.0
2480,Richmond Valley,15,4654,2464,0.0032230339492909325,0.006087662337662338,2480,Richmond Valley (A),1.0,1.0
2480,Lismore,4522,4654,4562,0.9716373012462398,0.9912319158263919,2480,Lismore (C),1.0,1.0
2480,Kyogle,18,4654,712,0.003867640739149119,0.025280898876404494,2480,Kyogle (A),1.0,1.0
2480,Ballina,8,4654,4514,0.0017189514396218307,0.0017722640673460345,2480,Ballina (A),1.0,1.0
2480,Byron,91,4654,3459,0.019553072625698324,0.02630818155536282,2480,Byron (A),1.0,1.0
2481,Byron,1381,1381,3459,1.0,0.3992483376698468,2481,Byron (A),1.0,1.0
2482,Byron,607,607,3459,1.0,0.1754842440011564,2482,Byron (A),1.0,1.0
2483,Tweed,133,1199,9377,0.11092577147623019,0.014183640823291032,2483,Tweed (A),1.0,1.0
2483,Byron,1066,1199,3459,0.8890742285237698,0.3081815553628216,2483,Byron (A),1.0,1.0
2484,Tweed,1634,1634,9377,1.0,0.17425615868614697,2484,Tweed (A),1.0,1.0
2485,Tweed,2183,2183,9377,1.0,0.2328036685507092,2485,Tweed (A),1.0,1.0
2486,Tweed,2790,2790,9377,1.0,0.2975365255412179,2486,Tweed (A),1.0,1.0
2487,Tweed,1511,1511,9377,1.0,0.16113895702250186,2487,Tweed (A),1.0,1.0
2488,Tweed,383,383,9377,1.0,0.040844619814439584,2488,Tweed (A),1.0,1.0
2489,Tweed,692,692,9377,1.0,0.0737975898474992,2489,Tweed (A),1.0,1.0
2490,Tweed,51,51,9377,1.0,0.005438839714194305,2490,Tweed (A),1.0,1.0
2500,Wollongong,7289,7289,22106,1.0,0.32972948520763595,2500,Wollongong (C),1.0,1.0
2502,Wollongong,1555,1555,22106,1.0,0.07034289333212702,2502,Wollongong (C),1.0,1.0
2505,Wollongong,614,614,22106,1.0,0.02777526463403601,2505,Wollongong (C),1.0,1.0
2506,Wollongong,981,981,22106,1.0,0.04437709219216502,2506,Wollongong (C),1.0,1.0
2508,Wollondilly,7,377,2172,0.01856763925729443,0.0032228360957642726,2508,Wollondilly (A),1.0,1.0
2508,Wollongong,370,377,22106,0.9814323607427056,0.016737537320184567,2508,Wollongong (C),1.0,1.0
2515,Wollongong,720,720,22106,1.0,0.032570342893332126,2515,Wollongong (C),1.0,1.0
2516,Wollongong,448,448,22106,1.0,0.02026599113362888,2516,Wollongong (C),1.0,1.0
2517,Wollongong,1196,1196,22106,1.0,0.05410295847281281,2517,Wollongong (C),0.9999993,1.0
2518,Wollongong,2729,2729,22106,1.0,0.12345064688319914,2518,Wollongong (C),1.0,1.0
2519,Wollongong,1874,1874,22106,1.0,0.08477336469736724,2519,Wollongong (C),1.0,1.0
2525,Wollongong,623,623,22106,1.0,0.02818239392020266,2525,Wollongong (C),1.0,1.0
2526,Wollongong,1178,1178,22106,1.0,0.053288699900479505,2526,Wollongong (C),1.0,1.0
2527,Shellharbour,1392,1392,6201,1.0,0.22447992259313013,2527,Shellharbour (C),1.0,1.0
2528,Wollongong,254,3036,22106,0.0836627140974967,0.011490093187369944,2528,Wollongong (C),1.0,1.0
2528,Shellharbour,2782,3036,6201,0.9163372859025033,0.44863731656184486,2528,Shellharbour (C),1.0,1.0
2529,Shellharbour,2027,2027,6201,1.0,0.326882760845025,2529,Shellharbour (C),1.0,1.0
2530,Wollongong,2275,2275,22106,1.0,0.10291323622545916,2530,Wollongong (C),1.0,1.0
2533,Kiama,1049,1049,1453,1.0,0.7219545767377838,2533,Kiama (A),1.0,1.0
2534,Kiama,399,399,1453,1.0,0.2746042670337233,2534,Kiama (A),1.0,1.0
2535,Shoalhaven,466,466,9378,1.0,0.049690765621667736,2535,Shoalhaven (C),1.0,1.0
2536,Eurobodalla,1933,1949,3630,0.9917906618778861,0.5325068870523416,2536,Eurobodalla (A),1.0,1.0
2536,Shoalhaven,16,1949,9378,0.008209338122113904,0.0017061207080400938,2536,Shoalhaven (C),1.0,1.0
2537,Eurobodalla,1025,1025,3630,1.0,0.28236914600550966,2537,Eurobodalla (A),1.0,1.0
2538,Shoalhaven,101,101,9378,1.0,0.010769886969503092,2538,Shoalhaven (C),1.0,1.0
2539,Shoalhaven,1627,1627,9378,1.0,0.17349114949882705,2539,Shoalhaven (C),0.9999296,1.0
2540,Shoalhaven,3629,3629,9378,1.0,0.3869695030923438,2540,Shoalhaven (C),1.0,1.0
2541,Shoalhaven,3472,3472,9378,1.0,0.3702281936447004,2541,Shoalhaven (C),1.0,1.0
2545,Eurobodalla,55,55,3630,1.0,0.015151515151515152,2545,Eurobodalla (A),1.0,1.0
2546,Bega Valley,225,842,2923,0.2672209026128266,0.0769757098871023,2546,Bega Valley (A),1.0,1.0
2546,Eurobodalla,617,842,3630,0.7327790973871734,0.1699724517906336,2546,Eurobodalla (A),1.0,1.0
2548,Bega Valley,804,804,2923,1.0,0.27505986999657883,2548,Bega Valley (A),1.0,1.0
2549,Bega Valley,233,233,2923,1.0,0.07971262401642148,2549,Bega Valley (A),1.0,1.0
2550,Bega Valley,1228,1228,2923,1.0,0.42011631885049605,2550,Bega Valley (A),1.0,1.0
2551,Bega Valley,429,429,2923,1.0,0.1467670201847417,2551,Bega Valley (A),1.0,1.0
2555,Liverpool,21,21,18546,1.0,0.001132319637657716,2555,Liverpool (C),1.0,1.0
2556,Camden,34,128,4947,0.265625,0.006872852233676976,2556,Camden (A),1.0,0.9999408
2556,Liverpool,94,128,18546,0.734375,0.005068478378086919,2556,Liverpool (C),1.0,1.0
2557,Camden,396,535,4947,0.7401869158878505,0.08004851425106124,2557,Camden (A),1.0,0.9999408
2557,Liverpool,139,535,18546,0.25981308411214954,0.007494877601639168,2557,Liverpool (C),1.0,1.0
2558,Campbelltown (NSW),716,716,16313,1.0,0.0438913749770122,2558,Campbelltown (C) (NSW),1.0,0.9995917
2559,Campbelltown (NSW),613,613,16313,1.0,0.03757739226383865,2559,Campbelltown (C) (NSW),1.0,0.9995917
2560,Wollondilly,104,8409,2172,0.012367701272446189,0.04788213627992634,2560,Wollondilly (A),1.0,1.0
2560,Campbelltown (NSW),8305,8409,16313,0.9876322987275538,0.5091031692515172,2560,Campbelltown (C) (NSW),1.0,0.9995917
2563,Campbelltown (NSW),39,39,16313,1.0,0.0023907313185802734,2563,Campbelltown (C) (NSW),1.0,0.9995917
2564,Campbelltown (NSW),1789,1789,16313,1.0,0.10966713663948997,2564,Campbelltown (C) (NSW),1.0,0.9995917
2565,Liverpool,32,1820,18546,0.017582417582417582,0.0017254394478593766,2565,Liverpool (C),0.9967247,1.0
2565,Campbelltown (NSW),1788,1820,16313,0.9824175824175824,0.10960583583644946,2565,Campbelltown (C) (NSW),0.9967247,0.9995917
2566,Campbelltown (NSW),2187,2187,16313,1.0,0.13406485624961686,2566,Campbelltown (C) (NSW),1.0,0.9995917
2567,Camden,2273,2273,4947,1.0,0.45947038609258134,2567,Camden (A),0.9930282,0.9999408
2568,Wollondilly,30,30,2172,1.0,0.013812154696132596,2568,Wollondilly (A),1.0,1.0
2569,Wollondilly,38,38,2172,1.0,0.017495395948434623,2569,Wollondilly (A),1.0,1.0
2570,Camden,1947,2295,4947,0.8483660130718954,0.39357186173438446,2570,Camden (A),0.9999802,0.9999408
2570,Wollondilly,348,2295,2172,0.15163398692810456,0.16022099447513813,2570,Wollondilly (A),0.9999802,1.0
2571,Wollondilly,494,508,2172,0.9724409448818898,0.2274401473296501,2571,Wollondilly (A),1.0,1.0
2571,Wingecarribee,14,508,3363,0.027559055118110236,0.004162949747249479,2571,Wingecarribee (A),1.0,1.0
2572,Wollondilly,255,255,2172,1.0,0.11740331491712708,2572,Wollondilly (A),1.0,1.0
2573,Wollondilly,493,493,2172,1.0,0.22697974217311234,2573,Wollondilly (A),1.0,1.0
2574,Wollondilly,246,246,2172,1.0,0.1132596685082873,2574,Wollondilly (A),1.0,1.0
2575,Wingecarribee,1079,1079,3363,1.0,0.3208444840915849,2575,Wingecarribee (A),1.0,1.0
2576,Wingecarribee,904,904,3363,1.0,0.2688076122509664,2576,Wingecarribee (A),1.0,1.0
2577,Shoalhaven,67,1215,9378,0.0551440329218107,0.007144380464917893,2577,Shoalhaven (C),1.0,1.0
2577,Wingecarribee,1143,1215,3363,0.9407407407407408,0.33987511150758254,2577,Wingecarribee (A),1.0,1.0
2577,Kiama,5,1215,1453,0.00411522633744856,0.0034411562284927736,2577,Kiama (A),1.0,1.0
2578,Wingecarribee,132,132,3363,1.0,0.039250669045495096,2578,Wingecarribee (A),1.0,1.0
2579,Goulburn Mulwaree,113,207,3063,0.5458937198067633,0.036891936010447275,2579,Goulburn Mulwaree (A),1.0,1.0
2579,Upper Lachlan Shire,6,207,395,0.028985507246376812,0.015189873417721518,2579,Upper Lachlan Shire (A),1.0,1.0
2579,Wingecarribee,88,207,3363,0.4251207729468599,0.02616711269699673,2579,Wingecarribee (A),1.0,1.0
2580,Queanbeyan-Palerang Regional,10,3004,5662,0.003328894806924101,0.0017661603673613563,2580,Queanbeyan-Palerang Regional (A),1.0,1.0
2580,Upper Lachlan Shire,48,3004,395,0.015978695073235686,0.12151898734177215,2580,Upper Lachlan Shire (A),1.0,1.0
2580,Goulburn Mulwaree,2943,3004,3063,0.979693741677763,0.960822722820764,2580,Goulburn Mulwaree (A),1.0,1.0
2580,Wingecarribee,3,3004,3363,0.0009986684420772304,0.0008920606601248885,2580,Wingecarribee (A),1.0,1.0
2581,Goulburn Mulwaree,4,103,3063,0.038834951456310676,0.001305909239307868,2581,Goulburn Mulwaree (A),1.0,1.0
2581,Upper Lachlan Shire,87,103,395,0.8446601941747572,0.22025316455696203,2581,Upper Lachlan Shire (A),1.0,1.0
2581,Queanbeyan-Palerang Regional,7,103,5662,0.06796116504854369,0.0012363122571529496,2581,Queanbeyan-Palerang Regional (A),1.0,1.0
2581,Yass Valley,5,103,927,0.04854368932038835,0.005393743257820928,2581,Yass Valley (A),1.0,1.0
2582,Yass Valley,740,740,927,1.0,0.7982740021574973,2582,Yass Valley (A),1.0,1.0
2583,Upper Lachlan Shire,254,257,395,0.9883268482490273,0.6430379746835443,2583,Upper Lachlan Shire (A),1.0,1.0
2583,Hilltops,3,257,1666,0.011673151750972763,0.001800720288115246,2583,Hilltops (A),1.0,1.0
2584,Yass Valley,41,41,927,1.0,0.04422869471413161,2584,Yass Valley (A),1.0,1.0
2585,Hilltops,17,17,1666,1.0,0.01020408163265306,2585,Hilltops (A),1.0,1.0
2586,Hilltops,186,186,1666,1.0,0.11164465786314526,2586,Hilltops (A),1.0,1.0
2587,Hilltops,193,193,1666,1.0,0.11584633853541416,2587,Hilltops (A),1.0,1.0
2588,Cootamundra-Gundagai Regional,12,12,954,1.0,0.012578616352201259,2588,Gundagai (A),1.0,1.0
2590,Junee,10,671,445,0.014903129657228018,0.02247191011235955,2590,Junee (A),1.0,1.0
2590,Cootamundra-Gundagai Regional,661,671,954,0.9850968703427719,0.6928721174004193,2590,Gundagai (A),1.0,1.0
2594,Hilltops,1228,1232,1666,0.9967532467532467,0.737094837935174,2594,Hilltops (A),1.0,1.0
2594,Cootamundra-Gundagai Regional,4,1232,954,0.003246753246753247,0.0041928721174004195,2594,Gundagai (A),1.0,1.0
2618,Yass Valley,47,47,927,1.0,0.05070118662351672,2618,Yass Valley (A),0.8910169,1.0
2619,Queanbeyan-Palerang Regional,633,633,5662,1.0,0.11179795125397386,2619,Queanbeyan-Palerang Regional (A),1.0,1.0
2620,Queanbeyan-Palerang Regional,4461,4574,5662,0.975295146480105,0.7878841398799011,2620,Queanbeyan-Palerang Regional (A),0.9998418,1.0
2620,Snowy Monaro Regional,22,4574,2079,0.004809794490599038,0.010582010582010581,2620,Snowy Monaro Regional (A),0.9998418,1.0
2620,Yass Valley,91,4574,927,0.01989505902929602,0.09816612729234088,2620,Yass Valley (A),0.9998418,1.0
2621,Queanbeyan-Palerang Regional,277,283,5662,0.9787985865724381,0.048922642175909574,2621,Queanbeyan-Palerang Regional (A),1.0,1.0
2621,Yass Valley,3,283,927,0.01060070671378092,0.003236245954692557,2621,Yass Valley (A),1.0,1.0
2621,Snowy Monaro Regional,3,283,2079,0.01060070671378092,0.001443001443001443,2621,Snowy Monaro Regional (A),1.0,1.0
2622,Goulburn Mulwaree,3,238,3063,0.012605042016806723,0.0009794319294809011,2622,Goulburn Mulwaree (A),0.9693882,1.0
2622,Queanbeyan-Palerang Regional,235,238,5662,0.9873949579831933,0.04150476863299188,2622,Queanbeyan-Palerang Regional (A),0.9693882,1.0
2623,Queanbeyan-Palerang Regional,39,39,5662,1.0,0.00688802543270929,2623,Queanbeyan-Palerang Regional (A),1.0,1.0
2624,Snowy Monaro Regional,744,744,2079,1.0,0.3578643578643579,2627,Snowy Monaro Regional (A),0.0210461,1.0
2625,Snowy Monaro Regional,42,42,2079,1.0,0.020202020202020204,2625,Snowy Monaro Regional (A),1.0,1.0
2626,Snowy Monaro Regional,10,10,2079,1.0,0.00481000481000481,2626,Snowy Monaro Regional (A),1.0,1.0
2627,Snowy Monaro Regional,744,744,2079,1.0,0.3578643578643579,2627,Snowy Monaro Regional (A),0.977841,1.0
2628,Snowy Monaro Regional,155,155,2079,1.0,0.07455507455507455,2628,Snowy Monaro Regional (A),1.0,1.0
2629,Snowy Monaro Regional,44,44,2079,1.0,0.021164021164021163,2629,Snowy Monaro Regional (A),1.0,1.0
2630,Snowy Monaro Regional,869,869,2079,1.0,0.41798941798941797,2630,Snowy Monaro Regional (A),1.0,1.0
2631,Snowy Monaro Regional,30,30,2079,1.0,0.01443001443001443,2631,Snowy Monaro Regional (A),1.0,1.0
2632,Snowy Monaro Regional,145,149,2079,0.9731543624161074,0.06974506974506975,2632,Snowy Monaro Regional (A),1.0,1.0
2632,Bega Valley,4,149,2923,0.026845637583892617,0.0013684570646595963,2632,Bega Valley (A),1.0,1.0
2633,Snowy Monaro Regional,15,15,2079,1.0,0.007215007215007215,2633,Snowy Monaro Regional (A),1.0,1.0
2640,Albury,4271,4284,6557,0.9969654528478058,0.6513649534848254,2640,Albury (C),1.0,1.0
2640,Greater Hume Shire,13,4284,562,0.003034547152194211,0.023131672597864767,2640,Greater Hume Shire (A),1.0,1.0
2641,Albury,2286,2286,6557,1.0,0.34863504651517463,2641,Albury (C),1.0,1.0
2642,Lockhart,8,216,166,0.037037037037037035,0.04819277108433735,2642,Lockhart (A),1.0,1.0
2642,Greater Hume Shire,149,216,562,0.6898148148148148,0.26512455516014233,2642,Greater Hume Shire (A),1.0,1.0
2642,Snowy Valleys,54,216,1280,0.25,0.0421875,2642,Snowy Valleys (A),1.0,1.0
2642,Federation,5,216,1015,0.023148148148148147,0.0049261083743842365,2642,Federation (A),1.0,1.0
2643,Federation,194,194,1015,1.0,0.19113300492610838,2643,Federation (A),1.0,1.0
2644,Greater Hume Shire,160,160,562,1.0,0.2846975088967972,2644,Greater Hume Shire (A),1.0,1.0
2645,Federation,19,19,1015,1.0,0.0187192118226601,2645,Federation (A),1.0,1.0
2646,Federation,598,598,1015,1.0,0.5891625615763547,2646,Federation (A),1.0,1.0
2647,Federation,188,188,1015,1.0,0.1852216748768473,2647,Federation (A),1.0,1.0
2648,Wentworth,203,206,561,0.9854368932038835,0.36185383244206776,2648,Wentworth (A),1.0,1.0
2648,Unincorporated NSW,3,206,77,0.014563106796116505,0.03896103896103896,2648,Unincorporated NSW,1.0,1.0
2650,Wagga Wagga,7025,7045,7468,0.9971611071682044,0.9406802356722014,2650,Wagga Wagga (C),1.0,1.0
2650,Greater Hume Shire,3,7045,562,0.00042583392476933996,0.005338078291814947,2650,Greater Hume Shire (A),1.0,1.0
2650,Narrandera,5,7045,526,0.0007097232079489,0.009505703422053232,2650,Narrandera (A),1.0,1.0
2650,Junee,12,7045,445,0.0017033356990773599,0.02696629213483146,2650,Junee (A),1.0,1.0
2651,Wagga Wagga,264,264,7468,1.0,0.03535083020889127,2651,Wagga Wagga (C),1.0,1.0
2652,Junee,12,237,445,0.05063291139240506,0.02696629213483146,2652,Junee (A),1.0,1.0
2652,Wagga Wagga,121,237,7468,0.510548523206751,0.01620246384574183,2652,Wagga Wagga (C),1.0,1.0
2652,Federation,7,237,1015,0.029535864978902954,0.006896551724137931,2652,Federation (A),1.0,1.0
2652,Narrandera,12,237,526,0.05063291139240506,0.022813688212927757,2652,Narrandera (A),1.0,1.0
2652,Carrathool,53,237,259,0.22362869198312235,0.20463320463320464,2652,Carrathool (A),1.0,1.0
2652,Snowy Valleys,7,237,1280,0.029535864978902954,0.00546875,2652,Snowy Valleys (A),1.0,1.0
2652,Coolamon,25,237,226,0.10548523206751055,0.11061946902654868,2652,Coolamon (A),1.0,1.0
2653,Snowy Valleys,218,218,1280,1.0,0.1703125,2653,Snowy Valleys (A),1.0,1.0
2655,Lockhart,61,68,166,0.8970588235294118,0.3674698795180723,2655,Lockhart (A),1.0,1.0
2655,Wagga Wagga,7,68,7468,0.10294117647058823,0.0009373326191751473,2655,Wagga Wagga (C),1.0,1.0
2656,Wagga Wagga,6,95,7468,0.06315789473684211,0.0008034279592929834,2656,Wagga Wagga (C),1.0,1.0
2656,Lockhart,89,95,166,0.9368421052631579,0.536144578313253,2656,Lockhart (A),1.0,1.0
2658,Greater Hume Shire,82,90,562,0.9111111111111111,0.14590747330960854,2658,Greater Hume Shire (A),1.0,1.0
2658,Lockhart,8,90,166,0.08888888888888889,0.04819277108433735,2658,Lockhart (A),1.0,1.0
2659,Greater Hume Shire,41,41,562,1.0,0.07295373665480427,2659,Greater Hume Shire (A),1.0,1.0
2660,Greater Hume Shire,114,114,562,1.0,0.20284697508896798,2660,Greater Hume Shire (A),1.0,1.0
2661,Wagga Wagga,45,45,7468,1.0,0.006025709694697376,2661,Wagga Wagga (C),1.0,1.0
2663,Junee,404,404,445,1.0,0.9078651685393259,2663,Junee (A),1.0,1.0
2665,Narrandera,34,106,526,0.32075471698113206,0.06463878326996197,2665,Narrandera (A),1.0,1.0
2665,Temora,30,106,493,0.2830188679245283,0.060851926977687626,2665,Temora (A),1.0,1.0
2665,Bland,4,106,414,0.03773584905660377,0.00966183574879227,2665,Bland (A),1.0,1.0
2665,Coolamon,38,106,226,0.3584905660377358,0.168141592920354,2665,Coolamon (A),1.0,1.0
2666,Junee,7,470,445,0.014893617021276596,0.015730337078651686,2666,Junee (A),1.0,1.0
2666,Temora,463,470,493,0.9851063829787234,0.9391480730223124,2666,Temora (A),1.0,1.0
2668,Bland,17,17,414,1.0,0.04106280193236715,2668,Bland (A),1.0,1.0
2669,Bland,50,69,414,0.7246376811594203,0.12077294685990338,2669,Bland (A),1.0,1.0
2669,Lachlan,11,69,610,0.15942028985507245,0.018032786885245903,2669,Lachlan (A),1.0,1.0
2669,Carrathool,8,69,259,0.11594202898550725,0.03088803088803089,2669,Carrathool (A),1.0,1.0
2671,Lachlan,3,346,610,0.008670520231213872,0.004918032786885246,2671,Lachlan (A),1.0,1.0
2671,Bland,343,346,414,0.9913294797687862,0.8285024154589372,2671,Bland (A),1.0,1.0
2672,Cobar,21,182,603,0.11538461538461539,0.03482587064676617,2672,Cobar (A),1.0,0.9793109
2672,Lachlan,161,182,610,0.8846153846153846,0.2639344262295082,2672,Lachlan (A),1.0,1.0
2675,Carrathool,179,179,259,1.0,0.6911196911196911,2675,Carrathool (A),1.0,1.0
2680,Griffith,2548,2548,2673,1.0,0.9532360643471754,2680,Griffith (C),1.0,1.0
2681,Carrathool,5,130,259,0.038461538461538464,0.019305019305019305,2681,Carrathool (A),1.0,1.0
2681,Griffith,125,130,2673,0.9615384615384616,0.046763935652824544,2681,Griffith (C),1.0,1.0
2700,Federation,4,479,1015,0.008350730688935281,0.003940886699507389,2700,Federation (A),1.0,1.0
2700,Narrandera,475,479,526,0.9916492693110647,0.903041825095057,2700,Narrandera (A),1.0,1.0
2701,Coolamon,134,134,226,1.0,0.5929203539823009,2701,Coolamon (A),1.0,1.0
2702,Coolamon,29,29,226,1.0,0.12831858407079647,2702,Coolamon (A),1.0,1.0
2703,Leeton,58,58,1050,1.0,0.05523809523809524,2703,Leeton (A),1.0,1.0
2705,Leeton,992,992,1050,1.0,0.9447619047619048,2705,Leeton (A),1.0,1.0
2706,Murrumbidgee,141,141,378,1.0,0.373015873015873,2706,Murrumbidgee (A),1.0,1.0
2707,Murrumbidgee,133,133,378,1.0,0.35185185185185186,2707,Murrumbidgee (A),1.0,1.0
2710,Edward River,908,1003,927,0.905284147557328,0.9795037756202805,2710,Edward River (A),1.0,1.0
2710,Murray River,90,1003,922,0.0897308075772682,0.09761388286334056,2710,Murray River (A),1.0,1.0
2710,Murrumbidgee,5,1003,378,0.004985044865403789,0.013227513227513227,2710,Murrumbidgee (A),1.0,1.0
2711,Carrathool,14,328,259,0.042682926829268296,0.05405405405405406,2711,Carrathool (A),1.0,1.0
2711,Balranald,3,328,218,0.009146341463414634,0.013761467889908258,2711,Balranald (A),1.0,1.0
2711,Hay,298,328,298,0.9085365853658537,1.0,2711,Hay (A),1.0,1.0
2711,Murrumbidgee,8,328,378,0.024390243902439025,0.021164021164021163,2711,Murrumbidgee (A),1.0,1.0
2711,Murray River,5,328,922,0.01524390243902439,0.005422993492407809,2711,Murray River (A),1.0,1.0
2712,Berrigan,102,102,568,1.0,0.1795774647887324,2712,Berrigan (A),1.0,1.0
2713,Edward River,14,255,927,0.054901960784313725,0.015102481121898598,2713,Edward River (A),1.0,1.0
2713,Berrigan,241,255,568,0.9450980392156862,0.4242957746478873,2713,Berrigan (A),1.0,1.0
2714,Edward River,5,230,927,0.021739130434782608,0.005393743257820928,2714,Edward River (A),1.0,1.0
2714,Berrigan,225,230,568,0.9782608695652174,0.3961267605633803,2714,Berrigan (A),1.0,1.0
2715,Balranald,160,160,218,1.0,0.7339449541284404,2715,Balranald (A),1.0,1.0
2716,Murrumbidgee,91,91,378,1.0,0.24074074074074073,2716,Murrumbidgee (A),1.0,1.0
2717,Wentworth,140,140,561,1.0,0.24955436720142601,2717,Wentworth (A),0.9823261,1.0
2720,Snowy Valleys,796,796,1280,1.0,0.621875,2720,Snowy Valleys (A),1.0,1.0
2721,Weddin,9,9,240,1.0,0.0375,2721,Weddin (A),1.0,1.0
2722,Cootamundra-Gundagai Regional,232,246,954,0.943089430894309,0.2431865828092243,2722,Gundagai (A),1.0,1.0
2722,Snowy Valleys,14,246,1280,0.056910569105691054,0.0109375,2722,Snowy Valleys (A),1.0,1.0
2725,Cootamundra-Gundagai Regional,12,12,954,1.0,0.012578616352201259,2725,Gundagai (A),1.0,1.0
2726,Hilltops,14,14,1666,1.0,0.008403361344537815,2726,Hilltops (A),1.0,1.0
2727,Cootamundra-Gundagai Regional,14,14,954,1.0,0.014675052410901468,2727,Gundagai (A),0.8295316,1.0
2729,Snowy Valleys,73,92,1280,0.7934782608695652,0.05703125,2729,Snowy Valleys (A),0.9999997,1.0
2729,Cootamundra-Gundagai Regional,19,92,954,0.20652173913043478,0.019916142557651992,2729,Gundagai (A),0.9999997,1.0
2730,Snowy Valleys,118,118,1280,1.0,0.0921875,2730,Snowy Valleys (A),1.0,1.0
2731,Murray River,575,575,922,1.0,0.6236442516268981,2731,Murray River (A),1.0,1.0
2732,Murray River,159,159,922,1.0,0.17245119305856832,2732,Murray River (A),1.0,1.0
2733,Murray River,41,41,922,1.0,0.044468546637744036,2733,Murray River (A),1.0,1.0
2734,Murray River,7,7,922,1.0,0.007592190889370932,2734,Murray River (A),1.0,1.0
2735,Murray River,22,22,922,1.0,0.02386117136659436,2735,Murray River (A),1.0,1.0
2736,Murray River,23,23,922,1.0,0.024945770065075923,2736,Murray River (A),1.0,1.0
2737,Balranald,55,55,218,1.0,0.25229357798165136,2737,Balranald (A),1.0,1.0
2738,Wentworth,94,94,561,1.0,0.16755793226381463,2738,Wentworth (A),1.0,1.0
2739,Wentworth,124,124,561,1.0,0.22103386809269163,2739,Wentworth (A),1.0,1.0
2745,Wollondilly,4,1818,2172,0.0022002200220022,0.001841620626151013,2745,Wollondilly (A),1.0,1.0
2745,Liverpool,70,1818,18546,0.03850385038503851,0.0037743987921923863,2745,Liverpool (C),1.0,1.0
2745,Penrith,1744,1818,18998,0.9592959295929593,0.09179913675123698,2745,Penrith (C),1.0,1.0
2747,Blacktown,25,4723,32243,0.005293245818335804,0.0007753620940979438,2747,Blacktown (C),1.0,0.999982
2747,Penrith,4698,4723,18998,0.9947067541816642,0.24728918833561428,2747,Penrith (C),1.0,1.0
2748,Penrith,75,75,18998,1.0,0.003947783977260764,2748,Penrith (C),1.0,1.0
2749,Penrith,1350,1350,18998,1.0,0.07106011159069375,2749,Penrith (C),1.0,1.0
2750,Penrith,5451,5451,18998,1.0,0.28692493946731235,2750,Penrith (C),1.0,1.0
2752,Wollondilly,153,153,2172,1.0,0.07044198895027624,2752,Wollondilly (A),1.0,1.0
2754,Hawkesbury,525,525,4995,1.0,0.10510510510510511,2754,Hawkesbury (C),1.0,1.0
2756,The Hills Shire,72,2811,8018,0.025613660618996798,0.008979795460214518,2756,The Hills Shire (A),1.0,1.0
2756,Hornsby,8,2811,9755,0.002845962290999644,0.0008200922603792927,2756,Hornsby (A),1.0,1.0
2756,Hawkesbury,2731,2811,4995,0.9715403770900035,0.5467467467467467,2756,Hawkesbury (C),1.0,1.0
2757,Hawkesbury,34,34,4995,1.0,0.006806806806806807,2757,Hawkesbury (C),1.0,1.0
2758,Blue Mountains,3,199,5165,0.01507537688442211,0.0005808325266214908,2758,Blue Mountains (C),1.0,1.0
2758,Hawkesbury,196,199,4995,0.9849246231155779,0.03923923923923924,2758,Hawkesbury (C),1.0,1.0
2759,Penrith,1393,1393,18998,1.0,0.0733235077376566,2759,Penrith (C),1.0,1.0
2760,Penrith,3968,4390,18998,0.903872437357631,0.20886409095694283,2760,Penrith (C),1.0,1.0
2760,Blacktown,422,4390,32243,0.09612756264236902,0.01308811214837329,2760,Blacktown (C),1.0,0.999982
2761,Blacktown,2020,2020,32243,1.0,0.06264925720311386,2761,Blacktown (C),1.0,0.999982
2762,Blacktown,382,382,32243,1.0,0.011847532797816581,2762,Blacktown (C),0.9999998,0.999982
2763,Blacktown,2484,2484,32243,1.0,0.07703997766957169,2763,Blacktown (C),1.0,0.999982
2765,Penrith,78,1188,18998,0.06565656565656566,0.004105695336351195,2765,Penrith (C),0.9919364,1.0
2765,Blacktown,831,1188,32243,0.6994949494949495,0.02577303600781565,2765,Blacktown (C),0.9919364,0.999982
2765,The Hills Shire,123,1188,8018,0.10353535353535354,0.0153404839111998,2765,The Hills Shire (A),0.9919364,1.0
2765,Hawkesbury,156,1188,4995,0.13131313131313133,0.03123123123123123,2765,Hawkesbury (C),0.9919364,1.0
2766,Blacktown,1251,1251,32243,1.0,0.03879911918866111,2766,Blacktown (C),1.0,0.999982
2767,Blacktown,2138,2138,32243,1.0,0.06630896628725615,2767,Blacktown (C),1.0,0.999982
2768,Blacktown,1512,1512,32243,1.0,0.046893899451043636,2768,Blacktown (C),1.0,0.999982
2769,Blacktown,649,649,32243,1.0,0.02012839996278262,2769,Blacktown (C),1.0,0.999982
2770,Blacktown,8773,8773,32243,1.0,0.2720900660608504,2770,Blacktown (C),1.0,0.999982
2773,Blue Mountains,264,264,5165,1.0,0.05111326234269119,2773,Blue Mountains (C),1.0,1.0
2774,Blue Mountains,664,664,5165,1.0,0.12855759922555662,2774,Blue Mountains (C),1.0,1.0
2775,Hawkesbury,33,90,4995,0.36666666666666664,0.006606606606606606,2775,Hawkesbury (C),1.0,1.0
2775,Hornsby,15,90,9755,0.16666666666666666,0.0015376729882111738,2775,Hornsby (A),1.0,1.0
2775,The Hills Shire,18,90,8018,0.2,0.0022449488650536295,2775,The Hills Shire (A),1.0,1.0
2775,Central Coast (NSW),24,90,31926,0.26666666666666666,0.0007517383950385266,2775,Central Coast (C) (NSW),1.0,1.0
2776,Blue Mountains,201,201,5165,1.0,0.03891577928363989,2776,Blue Mountains (C),1.0,1.0
2777,Blue Mountains,882,882,5165,1.0,0.1707647628267183,2777,Blue Mountains (C),1.0,1.0
2778,Blue Mountains,76,76,5165,1.0,0.014714424007744434,2778,Blue Mountains (C),1.0,1.0
2779,Blue Mountains,266,266,5165,1.0,0.05150048402710552,2779,Blue Mountains (C),1.0,1.0
2780,Blue Mountains,1542,1542,5165,1.0,0.29854791868344627,2780,Blue Mountains (C),1.0,1.0
2782,Blue Mountains,449,449,5165,1.0,0.08693126815101646,2782,Blue Mountains (C),1.0,1.0
2783,Blue Mountains,205,205,5165,1.0,0.03969022265246854,2783,Blue Mountains (C),1.0,1.0
2784,Blue Mountains,70,70,5165,1.0,0.013552758954501452,2784,Blue Mountains (C),1.0,1.0
2785,Lithgow,5,457,1877,0.010940919037199124,0.002663825253063399,2785,Lithgow (C),1.0,1.0
2785,Blue Mountains,452,457,5165,0.9890590809628009,0.08751210067763794,2785,Blue Mountains (C),1.0,1.0
2786,Blue Mountains,91,91,5165,1.0,0.017618586640851887,2786,Blue Mountains (C),1.0,1.0
2787,Lithgow,7,367,1877,0.01907356948228883,0.0037293553542887587,2787,Lithgow (C),1.0,1.0
2787,Oberon,360,367,396,0.9809264305177112,0.9090909090909091,2787,Oberon (A),1.0,1.0
2790,Lithgow,1560,1560,1877,1.0,0.8311134789557805,2790,Lithgow (C),1.0,1.0
2791,Blayney,18,18,553,1.0,0.0325497287522604,2791,Blayney (A),1.0,1.0
2792,Blayney,20,24,553,0.8333333333333334,0.03616636528028933,2792,Blayney (A),1.0,1.0
2792,Cowra,4,24,1206,0.16666666666666666,0.003316749585406302,2792,Cowra (A),1.0,1.0
2793,Cowra,47,47,1206,1.0,0.03897180762852405,2793,Cowra (A),1.0,1.0
2794,Cowra,1108,1111,1206,0.9972997299729973,0.9187396351575456,2794,Cowra (A),1.0,1.0
2794,Hilltops,3,1111,1666,0.0027002700270027003,0.001800720288115246,2794,Hilltops (A),1.0,1.0
2795,Bathurst Regional,4320,4389,4333,0.9842788790157211,0.9969997692130164,2795,Bathurst Regional (A),1.0,1.0
2795,Mid-Western Regional,5,4389,2304,0.001139211665527455,0.002170138888888889,2795,Mid-Western Regional (A),1.0,1.0
2795,Blayney,19,4389,553,0.004329004329004329,0.034358047016274866,2795,Blayney (A),1.0,1.0
2795,Oberon,36,4389,396,0.008202323991797676,0.09090909090909091,2795,Oberon (A),1.0,1.0
2795,Lithgow,9,4389,1877,0.002050580997949419,0.004794885455514118,2795,Lithgow (C),1.0,1.0
2797,Blayney,13,13,553,1.0,0.023508137432188065,2797,Blayney (A),1.0,1.0
2798,Blayney,93,104,553,0.8942307692307693,0.16817359855334538,2798,Blayney (A),1.0,1.0
2798,Orange,4,104,4873,0.038461538461538464,0.0008208495793145906,2798,Orange (C),1.0,1.0
2798,Cabonne,7,104,768,0.0673076923076923,0.009114583333333334,2798,Cabonne (A),1.0,1.0
2799,Blayney,383,383,553,1.0,0.6925858951175407,2799,Blayney (A),1.0,1.0
2800,Blayney,7,5032,553,0.0013910969793322733,0.012658227848101266,2800,Blayney (A),1.0,1.0
2800,Cabonne,156,5032,768,0.031001589825119236,0.203125,2800,Cabonne (A),1.0,1.0
2800,Orange,4869,5032,4873,0.9676073131955485,0.9991791504206854,2800,Orange (C),1.0,1.0
2803,Hilltops,12,12,1666,1.0,0.007202881152460984,2803,Hilltops (A),1.0,1.0
2804,Cowra,20,204,1206,0.09803921568627451,0.01658374792703151,2804,Cowra (A),1.0,1.0
2804,Cabonne,184,204,768,0.9019607843137255,0.23958333333333334,2804,Cabonne (A),1.0,1.0
2805,Cowra,16,16,1206,1.0,0.013266998341625208,2805,Cowra (A),1.0,1.0
2806,Cabonne,41,48,768,0.8541666666666666,0.053385416666666664,2806,Cabonne (A),1.0,1.0
2806,Forbes,7,48,894,0.14583333333333334,0.007829977628635347,2806,Forbes (A),1.0,1.0
2807,Cowra,4,14,1206,0.2857142857142857,0.003316749585406302,2807,Cowra (A),1.0,1.0
2807,Hilltops,10,14,1666,0.7142857142857143,0.006002400960384154,2807,Hilltops (A),1.0,1.0
2808,Cowra,7,7,1206,1.0,0.005804311774461028,2808,Cowra (A),1.0,1.0
2809,Weddin,4,4,240,1.0,0.016666666666666666,2809,Weddin (A),1.0,1.0
2810,Weddin,227,227,240,1.0,0.9458333333333333,2810,Weddin (A),1.0,1.0
2817,Gilgandra,8,8,378,1.0,0.021164021164021163,2817,Gilgandra (A),1.0,1.0
2818,Dubbo Regional,32,32,5299,1.0,0.006038875259482921,2818,Western Plains Regional (A),1.0,1.0
2820,Dubbo Regional,670,670,5299,1.0,0.12643895074542366,2820,Western Plains Regional (A),1.0,1.0
2821,Narromine,438,438,584,1.0,0.75,2821,Narromine (A),1.0,1.0
2822,Dubbo Regional,9,9,5299,1.0,0.0016984336667295716,2822,Western Plains Regional (A),0.841766,1.0
2823,Narromine,132,135,584,0.9777777777777777,0.22602739726027396,2823,Narromine (A),1.0,1.0
2823,Warren,3,135,259,0.022222222222222223,0.011583011583011582,2823,Warren (A),1.0,1.0
2824,Warren,240,240,259,1.0,0.9266409266409267,2824,Warren (A),1.0,1.0
2825,Bogan,275,275,285,1.0,0.9649122807017544,2825,Bogan (A),1.0,1.0
2826,Warren,7,7,259,1.0,0.02702702702702703,2826,Warren (A),1.0,1.0
2827,Gilgandra,362,367,378,0.9863760217983651,0.9576719576719577,2827,Gilgandra (A),1.0,1.0
2827,Warren,5,367,259,0.013623978201634877,0.019305019305019305,2827,Warren (A),1.0,1.0
2828,Coonamble,63,71,375,0.8873239436619719,0.168,2828,Coonamble (A),1.0,1.0
2828,Gilgandra,8,71,378,0.11267605633802817,0.021164021164021163,2828,Gilgandra (A),1.0,1.0
2829,Coonamble,298,298,375,1.0,0.7946666666666666,2829,Coonamble (A),0.987677,1.0
2830,Dubbo Regional,4541,4541,5299,1.0,0.8569541422909983,2830,Western Plains Regional (A),1.0,1.0
2831,Coonamble,14,75,375,0.18666666666666668,0.037333333333333336,2831,Coonamble (A),1.0,1.0
2831,Bogan,10,75,285,0.13333333333333333,0.03508771929824561,2831,Bogan (A),1.0,1.0
2831,Dubbo Regional,29,75,5299,0.38666666666666666,0.005472730703906397,2831,Western Plains Regional (A),1.0,1.0
2831,Warrumbungle Shire,12,75,802,0.16,0.014962593516209476,2831,Warrumbungle Shire (A),1.0,1.0
2831,Cobar,3,75,603,0.04,0.004975124378109453,2831,Cobar (A),1.0,0.9793109
2831,Walgett,3,75,802,0.04,0.003740648379052369,2831,Walgett (A),1.0,1.0
2831,Warren,4,75,259,0.05333333333333334,0.015444015444015444,2831,Warren (A),1.0,1.0
2832,Walgett,345,345,802,1.0,0.43017456359102246,2832,Walgett (A),1.0,1.0
2833,Walgett,94,94,802,1.0,0.1172069825436409,2833,Walgett (A),1.0,1.0
2834,Walgett,323,323,802,1.0,0.4027431421446384,2834,Walgett (A),1.0,1.0
2835,Cobar,571,571,603,1.0,0.9469320066334992,2835,Cobar (A),1.0,0.9793109
2836,Central Darling,129,129,229,1.0,0.5633187772925764,2836,Central Darling (A),1.0,1.0
2838,Brewarrina,57,57,296,1.0,0.19256756756756757,2838,Brewarrina (A),1.0,1.0
2839,Brewarrina,239,239,296,1.0,0.8074324324324325,2839,Brewarrina (A),1.0,1.0
2840,Bourke,319,319,319,1.0,1.0,2840,Bourke (A),1.0,1.0
2842,Warrumbungle Shire,30,30,802,1.0,0.03740648379052369,2842,Warrumbungle Shire (A),1.0,1.0
2843,Warrumbungle Shire,111,111,802,1.0,0.13840399002493767,2843,Warrumbungle Shire (A),1.0,1.0
2844,Warrumbungle Shire,110,110,802,1.0,0.1371571072319202,2844,Warrumbungle Shire (A),1.0,1.0
2845,Lithgow,166,166,1877,1.0,0.08843899840170485,2845,Lithgow (C),1.0,1.0
2846,Lithgow,10,10,1877,1.0,0.005327650506126798,2846,Lithgow (C),1.0,1.0
2847,Lithgow,110,110,1877,1.0,0.05860415556739478,2847,Lithgow (C),1.0,1.0
2848,Mid-Western Regional,200,200,2304,1.0,0.08680555555555555,2848,Mid-Western Regional (A),1.0,1.0
2849,Mid-Western Regional,94,104,2304,0.9038461538461539,0.04079861111111111,2849,Mid-Western Regional (A),1.0,1.0
2849,Lithgow,10,104,1877,0.09615384615384616,0.005327650506126798,2849,Lithgow (C),1.0,1.0
2850,Mid-Western Regional,1723,1741,2304,0.9896611143021252,0.7478298611111112,2850,Mid-Western Regional (A),1.0,1.0
2850,Bathurst Regional,13,1741,4333,0.007466973004020678,0.003000230786983614,2850,Bathurst Regional (A),1.0,1.0
2850,Dubbo Regional,5,1741,5299,0.002871912693854107,0.0009435742592942064,2850,Western Plains Regional (A),1.0,1.0
2852,Mid-Western Regional,282,282,2304,1.0,0.12239583333333333,2852,Mid-Western Regional (A),1.0,1.0
2864,Cabonne,34,34,768,1.0,0.044270833333333336,2864,Cabonne (A),1.0,1.0
2865,Cabonne,50,50,768,1.0,0.06510416666666667,2865,Cabonne (A),1.0,1.0
2866,Cabonne,222,231,768,0.961038961038961,0.2890625,2866,Cabonne (A),1.0,1.0
2866,Dubbo Regional,9,231,5299,0.03896103896103896,0.0016984336667295716,2866,Western Plains Regional (A),1.0,1.0
2867,Dubbo Regional,4,36,5299,0.1111111111111111,0.0007548594074353652,2867,Western Plains Regional (A),1.0,1.0
2867,Cabonne,32,36,768,0.8888888888888888,0.041666666666666664,2867,Cabonne (A),1.0,1.0
2868,Cabonne,42,42,768,1.0,0.0546875,2868,Cabonne (A),1.0,1.0
2869,Narromine,14,123,584,0.11382113821138211,0.023972602739726026,2869,Narromine (A),1.0,1.0
2869,Parkes,109,123,1482,0.8861788617886179,0.07354925775978408,2869,Parkes (A),1.0,1.0
2870,Forbes,3,1292,894,0.0023219814241486067,0.003355704697986577,2870,Forbes (A),1.0,1.0
2870,Parkes,1289,1292,1482,0.9976780185758514,0.8697705802968961,2870,Parkes (A),1.0,1.0
2871,Lachlan,3,887,610,0.0033821871476888386,0.004918032786885246,2871,Lachlan (A),0.9851976,1.0
2871,Forbes,884,887,894,0.9966178128523112,0.9888143176733781,2871,Forbes (A),0.9851976,1.0
2873,Lachlan,40,40,610,1.0,0.06557377049180328,2873,Lachlan (A),1.0,1.0
2874,Parkes,18,18,1482,1.0,0.012145748987854251,2874,Parkes (A),1.0,1.0
2875,Parkes,56,61,1482,0.9180327868852459,0.037786774628879895,2875,Parkes (A),1.0,1.0
2875,Lachlan,5,61,610,0.08196721311475409,0.00819672131147541,2875,Lachlan (A),1.0,1.0
2876,Parkes,10,10,1482,1.0,0.006747638326585695,2876,Parkes (A),1.0,1.0
2877,Lachlan,387,395,610,0.979746835443038,0.6344262295081967,2877,Lachlan (A),1.0,1.0
2877,Cobar,8,395,603,0.020253164556962026,0.013266998341625208,2877,Cobar (A),1.0,0.9793109
2878,Central Darling,22,22,229,1.0,0.09606986899563319,2878,Central Darling (A),1.0,1.0
2879,Central Darling,78,78,229,1.0,0.3406113537117904,2879,Central Darling (A),1.0,1.0
2880,Broken Hill,1658,1694,1658,0.9787485242030697,1.0,2880,Broken Hill (C),1.0,1.0
2880,Unincorporated NSW,36,1694,77,0.021251475796930343,0.4675324675324675,2880,Unincorporated NSW,1.0,1.0
2898,Unincorporated NSW,38,38,77,1.0,0.4935064935064935,2898,Unincorporated NSW,1.0,1.0
