Postcode,Commonwealth Electorate,Rented Households,Postcode Totals,Commonwealth Electorate Totals,Postcode Fraction,Commonwealth Electorate Fraction,POA_NAME_2016,CED_NAME_2016,POA_2016_2021_RATIO,CED_2016_2021_RATIO
2000,Sydney,6118,6118,51097,1.0,0.11973305673522908,2000,Sydney,1.0,0.9999232
2007,Sydney,2045,2045,51097,1.0,0.0400219190950545,2007,Sydney,1.0,0.9999232
2008,Sydney,3310,3310,51097,1.0,0.0647787541342936,2008,Sydney,1.0,0.9999232
2009,Sydney,3275,3275,51097,1.0,0.06409378241384034,2009,Sydney,1.0,0.9999232
2010,Wentworth,151,7704,24914,0.019600207684319835,0.006060849321666533,2010,Wentworth,1.0,0.9998276
2010,Sydney,7553,7704,51097,0.9803997923156802,0.14781689727381256,2010,Sydney,1.0,0.9999232
2011,Sydney,3775,6349,51097,0.594581823909277,0.07387909270602971,2011,Sydney,1.0,0.9999232
2011,Wentworth,2574,6349,24914,0.40541817609072295,0.10331540499317653,2011,Wentworth,1.0,0.9998276
2015,Sydney,2173,2173,51097,1.0,0.04252695852985498,2015,Sydney,1.0,0.9999232
2016,Sydney,3584,3584,51097,1.0,0.07014110417441337,2016,Sydney,1.0,0.9999232
2017,Sydney,7217,7217,51097,1.0,0.1412411687574613,2017,Sydney,1.0,0.9999232
2018,Sydney,1260,2865,51097,0.4397905759162304,0.0246589819363172,2018,Sydney,1.0,0.9999232
2018,Kingsford Smith,1605,2865,29171,0.5602094240837696,0.055020396969593086,2018,Kingsford Smith,1.0,1.0
2019,Kingsford Smith,1211,1211,29171,1.0,0.04151383223064002,2019,Kingsford Smith,1.0,1.0
2020,Kingsford Smith,2479,2479,29171,1.0,0.0849816598676768,2020,Kingsford Smith,1.0,1.0
2021,Wentworth,2997,2997,24914,1.0,0.1202938107088384,2021,Wentworth,1.0,0.9998276
2022,Wentworth,2101,2101,24914,1.0,0.08433009552861845,2022,Wentworth,1.0,0.9998276
2023,Wentworth,1264,1264,24914,1.0,0.05073452677209601,2023,Wentworth,1.0,0.9998276
2024,Wentworth,1615,1615,24914,1.0,0.06482299108934736,2024,Wentworth,1.0,0.9998276
2025,Wentworth,1048,1048,24914,1.0,0.04206470257686441,2025,Wentworth,1.0,0.9998276
2026,Wentworth,6792,6792,24914,1.0,0.2726178052500602,2026,Wentworth,1.0,0.9998276
2027,Wentworth,1357,1357,24914,1.0,0.05446736774504295,2027,Wentworth,1.0,0.9998276
2028,Wentworth,802,802,24914,1.0,0.032190736132295096,2028,Wentworth,1.0,0.9998276
2029,Wentworth,1633,1633,24914,1.0,0.06554547643894999,2029,Wentworth,1.0,0.9998276
2030,Wentworth,1090,1090,24914,1.0,0.043750501725937224,2030,Wentworth,1.0,0.9998276
2031,Wentworth,1490,6456,24914,0.23079306071871128,0.05980573171710685,2031,Wentworth,1.0,0.9998276
2031,Kingsford Smith,4966,6456,29171,0.7692069392812887,0.17023756470467244,2031,Kingsford Smith,1.0,1.0
2032,Kingsford Smith,3300,3300,29171,1.0,0.11312604984402318,2032,Kingsford Smith,1.0,1.0
2033,Kingsford Smith,420,420,29171,1.0,0.014397860889239313,2052,Kingsford Smith,1.0,1.0
2033,Kingsford Smith,2252,2252,29171,1.0,0.0771999588632546,2033,Kingsford Smith,1.0,1.0
2034,Kingsford Smith,4274,4274,29171,1.0,0.14651537485859245,2034,Kingsford Smith,1.0,1.0
2035,Kingsford Smith,5008,5008,29171,1.0,0.1716773507935964,2035,Kingsford Smith,1.0,1.0
2036,Kingsford Smith,3656,3656,29171,1.0,0.12532995097871175,2036,Kingsford Smith,1.0,1.0
2037,Sydney,4002,4002,51097,1.0,0.07832162357868368,2037,Sydney,1.0,0.9999232
2038,Sydney,9,1543,51097,0.005832793259883344,0.00017613558525940857,2038,Sydney,1.0,0.9999232
2038,Grayndler,1534,1543,24703,0.9941672067401166,0.06209772092458406,2038,Grayndler,1.0,0.9957541
2039,Grayndler,1352,1352,24703,1.0,0.05473019471319273,2039,Grayndler,1.0,0.9957541
2040,Grayndler,3201,3201,24703,1.0,0.12957940331133871,2040,Grayndler,1.0,0.9957541
2041,Grayndler,2444,2444,24703,1.0,0.0989353519815407,2041,Grayndler,1.0,0.9957541
2042,Grayndler,2176,4362,24703,0.4988537368179734,0.08808646723070072,2042,Grayndler,1.0,0.9957541
2042,Sydney,2186,4362,51097,0.5011462631820266,0.0427813765974519,2042,Sydney,1.0,0.9999232
2043,Sydney,1714,1714,51097,1.0,0.03354404368162515,2043,Sydney,1.0,0.9999232
2044,Barton,313,914,21228,0.3424507658643326,0.014744676841906916,2044,Barton,1.0,0.997642
2044,Grayndler,601,914,24703,0.6575492341356673,0.024329028862891146,2044,Grayndler,1.0,0.9957541
2045,Grayndler,385,385,24703,1.0,0.01558515160102012,2045,Grayndler,1.0,0.9957541
2046,Reid,3305,3305,25455,1.0,0.12983696719701435,2046,Reid,1.0,0.9994758
2047,Reid,1680,1680,25455,1.0,0.06599882144961697,2047,Reid,1.0,0.9994758
2048,Grayndler,1364,1364,24703,1.0,0.05521596567218556,2048,Grayndler,1.0,0.9957541
2049,Grayndler,2080,2080,24703,1.0,0.08420029955875805,2049,Grayndler,1.0,0.9957541
2050,Grayndler,90,2928,24703,0.030737704918032786,0.0036432821924462615,2050,Grayndler,1.0,0.9957541
2050,Sydney,2838,2928,51097,0.9692622950819673,0.055541421218466835,2050,Sydney,1.0,0.9999232
2060,North Sydney,3402,3402,25471,1.0,0.13356366063366182,2060,North Sydney,1.0,0.9975899
2061,North Sydney,1741,1741,25471,1.0,0.06835224372816144,2061,North Sydney,1.0,0.9975899
2062,North Sydney,1283,1283,25471,1.0,0.050371010168426836,2062,North Sydney,1.0,0.9975899
2063,North Sydney,373,373,25471,1.0,0.014644105060657218,2063,North Sydney,1.0,0.9975899
2064,North Sydney,1769,1769,25471,1.0,0.06945153311609281,2064,North Sydney,1.0,0.9975899
2065,North Sydney,5959,5959,25471,1.0,0.2339523379529661,2065,North Sydney,1.0,0.9975899
2066,North Sydney,3956,3956,25471,1.0,0.15531388638058968,2066,North Sydney,1.0,0.9975899
2067,Bennelong,11,4248,20888,0.0025894538606403015,0.0005266181539639984,2067,Bennelong,1.0,1.0
2067,North Sydney,2447,4248,25471,0.5760357815442562,0.09607004043814533,2067,North Sydney,1.0,0.9975899
2067,Bradfield,1790,4248,12704,0.4213747645951036,0.14090050377833754,2067,Bradfield,1.0,1.0
2068,North Sydney,1273,1273,25471,1.0,0.049978406815594206,2068,North Sydney,1.0,0.9975899
2069,Bradfield,805,805,12704,1.0,0.06336586901763225,2069,Bradfield,1.0,1.0
2070,Bradfield,948,948,12704,1.0,0.07462216624685139,2070,Bradfield,1.0,1.0
2071,Bradfield,897,897,12704,1.0,0.07060768261964735,2071,Bradfield,1.0,1.0
2072,Bradfield,737,737,12704,1.0,0.0580132241813602,2072,Bradfield,1.0,1.0
2073,Bradfield,753,753,12704,1.0,0.05927267002518892,2073,Bradfield,1.0,1.0
2074,Bradfield,1059,1059,12704,1.0,0.08335957178841309,2074,Bradfield,1.0,1.0
2075,Bradfield,924,924,12704,1.0,0.07273299748110831,2075,Bradfield,1.0,1.0
2076,Berowra,160,1244,6421,0.12861736334405144,0.02491823703472979,2076,Berowra,1.0,0.9974888
2076,Bradfield,1084,1244,12704,0.8713826366559485,0.08532745591939547,2076,Bradfield,1.0,1.0
2077,Berowra,1279,4986,6421,0.2565182511030886,0.1991901572963713,2077,Berowra,1.0,0.9974888
2077,Bradfield,3707,4986,12704,0.7434817488969113,0.2917978589420655,2077,Bradfield,1.0,1.0
2079,Berowra,288,288,6421,1.0,0.044852826662513626,2079,Berowra,1.0,0.9974888
2080,Berowra,71,71,6421,1.0,0.011057467684161345,2080,Berowra,1.0,0.9974888
2081,Berowra,190,190,6421,1.0,0.02959040647874163,2081,Berowra,1.0,0.9974888
2082,Berowra,196,196,6421,1.0,0.030524840367543996,2082,Berowra,1.0,0.9974888
2083,Berowra,74,120,6421,0.6166666666666667,0.011524684628562529,2083,Berowra,1.0,0.9974888
2083,Robertson,46,120,14247,0.38333333333333336,0.0032287499122622305,2083,Robertson,1.0,1.0
2084,Mackellar,143,143,10736,1.0,0.01331967213114754,2084,Mackellar,1.0,1.0
2085,Mackellar,293,293,10736,1.0,0.027291356184798807,2085,Mackellar,0.9867885,1.0
2086,Warringah,104,517,18659,0.2011605415860735,0.005573717776944102,2086,Warringah,1.0,0.9986547
2086,Mackellar,413,517,10736,0.7988394584139265,0.03846870342771982,2086,Mackellar,1.0,1.0
2087,Warringah,399,657,18659,0.6073059360730594,0.0213837826250067,2087,Warringah,1.0,0.9986547
2087,Mackellar,258,657,10736,0.3926940639269406,0.02403129657228018,2087,Mackellar,1.0,1.0
2088,Warringah,3724,3724,18659,1.0,0.19958197116672918,2088,Warringah,1.0,0.9986547
2089,North Sydney,950,2740,25471,0.3467153284671533,0.037297318519100155,2089,North Sydney,0.9927034,0.9975899
2089,Warringah,1790,2740,18659,0.6532846715328468,0.09593225789163407,2089,Warringah,0.9927034,0.9986547
2090,North Sydney,1191,2623,25471,0.454060236370568,0.04675905932236661,2090,North Sydney,0.99689,0.9975899
2090,Warringah,1432,2623,18659,0.545939763629432,0.07674580631330725,2090,Warringah,0.99689,0.9986547
2092,Warringah,358,358,18659,1.0,0.019186451578326814,2092,Warringah,1.0,0.9986547
2093,Warringah,2094,2094,18659,1.0,0.11222466370116298,2093,Warringah,1.0,0.9986547
2094,Warringah,763,763,18659,1.0,0.040891794844311054,2094,Warringah,1.0,0.9986547
2095,Warringah,3313,3313,18659,1.0,0.1775550672597674,2095,Warringah,1.0,0.9986547
2096,Warringah,2021,2021,18659,1.0,0.10831234256926953,2096,Warringah,0.9994544,0.9986547
2097,Mackellar,1079,1079,10736,1.0,0.10050298062593145,2097,Mackellar,1.0,1.0
2099,Mackellar,3693,5136,10736,0.7190420560747663,0.3439828614008942,2099,Mackellar,0.9976197,1.0
2099,Warringah,1443,5136,18659,0.28095794392523366,0.07733533415509941,2099,Warringah,0.9976197,0.9986547
2100,Mackellar,145,1363,10736,0.10638297872340426,0.013505961251862892,2100,Mackellar,0.9940007,1.0
2100,Warringah,1218,1363,18659,0.8936170212765957,0.0652768101184415,2100,Warringah,0.9940007,0.9986547
2101,Mackellar,1818,1818,10736,1.0,0.16933681073025336,2101,Mackellar,0.9961361,1.0
2102,Mackellar,428,428,10736,1.0,0.039865871833084945,2102,Mackellar,0.9994652,1.0
2103,Mackellar,808,808,10736,1.0,0.07526080476900149,2103,Mackellar,0.9884982,1.0
2104,Mackellar,94,94,10736,1.0,0.00875558867362146,2104,Mackellar,1.0,1.0
2105,Mackellar,66,66,10736,1.0,0.006147540983606557,2105,Mackellar,1.0,1.0
2106,Mackellar,712,712,10736,1.0,0.06631892697466468,2106,Mackellar,1.0,1.0
2107,Mackellar,667,667,10736,1.0,0.0621274217585693,2107,Mackellar,1.0,1.0
2108,Mackellar,119,119,10736,1.0,0.011084202682563339,2108,Mackellar,1.0,1.0
2110,North Sydney,672,672,25471,1.0,0.02638294531035295,2110,North Sydney,1.0,0.9975899
2111,North Sydney,455,1807,25471,0.2517985611510791,0.01786345255388481,2111,North Sydney,1.0,0.9975899
2111,Bennelong,1352,1807,20888,0.7482014388489209,0.06472615855993873,2111,Bennelong,1.0,1.0
2112,Bennelong,4243,4243,20888,1.0,0.20313098429720414,2112,Bennelong,0.9999997,1.0
2113,Bennelong,2381,2381,20888,1.0,0.11398889314438912,2113,Bennelong,1.0,1.0
2113,Bennelong,586,586,20888,1.0,0.02805438529299119,2109,Bennelong,1.0,1.0
2114,Bennelong,3668,3668,20888,1.0,0.17560321715817695,2114,Bennelong,1.0,1.0
2115,Bennelong,1340,1366,20888,0.9809663250366032,0.06415166602834163,2115,Bennelong,1.0,1.0
2115,Parramatta,26,1366,29213,0.01903367496339678,0.0008900147194742067,2115,Parramatta,1.0,0.9989914
2116,Parramatta,843,843,29213,1.0,0.028857015712182934,2116,Parramatta,0.9894173,0.9989914
2117,Bennelong,25,2543,20888,0.009830908375933936,0.0011968594408272692,2117,Bennelong,0.9964627,1.0
2117,Parramatta,2518,2543,29213,0.9901690916240661,0.08619450244754048,2117,Parramatta,0.9964627,0.9989914
2118,Berowra,99,2040,6421,0.04852941176470588,0.01541815916523906,2118,Berowra,1.0,0.9974888
2118,Bennelong,604,2040,20888,0.296078431372549,0.028916124090386824,2118,Bennelong,1.0,1.0
2118,Parramatta,1337,2040,29213,0.6553921568627451,0.04576729538219286,2118,Parramatta,1.0,0.9989914
2119,Berowra,319,398,6421,0.8015075376884422,0.04968073508799253,2119,Berowra,1.0,0.9974888
2119,Bennelong,79,398,20888,0.1984924623115578,0.003782075833014171,2119,Bennelong,1.0,1.0
2120,Berowra,1090,1090,6421,1.0,0.16975548979909671,2120,Berowra,1.0,0.9974888
2121,Bennelong,2752,2752,20888,1.0,0.1317502872462658,2121,Bennelong,1.0,1.0
2122,Bennelong,3847,3847,20888,1.0,0.1841727307545002,2122,Bennelong,1.0,1.0
2125,Berowra,480,546,6421,0.8791208791208791,0.07475471110418938,2125,Berowra,1.0,0.9974888
2125,Mitchell,66,546,8690,0.12087912087912088,0.007594936708860759,2125,Mitchell,1.0,0.9978378
2126,Berowra,799,799,6421,1.0,0.1244354461921819,2126,Berowra,1.0,0.9974888
2127,Reid,2864,2864,25455,1.0,0.11251227656648988,2127,Reid,0.9999997,0.9994758
2128,Reid,348,348,25455,1.0,0.013671184443134945,2128,Reid,1.0,0.9994758
2130,Watson,35,1471,20910,0.02379333786539769,0.001673840267814443,2130,Watson,1.0,0.9979036
2130,Grayndler,1436,1471,24703,0.9762066621346023,0.058130591426142575,2130,Grayndler,1.0,0.9957541
2131,Watson,1280,4339,20910,0.29499884766075135,0.06121472979435677,2131,Watson,1.0,0.9979036
2131,Grayndler,2872,4339,24703,0.6619036644388108,0.11626118285228515,2131,Grayndler,1.0,0.9957541
2131,Reid,187,4339,25455,0.04309748790043789,0.007346297387546651,2131,Reid,1.0,0.9994758
2132,Reid,804,983,25455,0.8179043743641913,0.031585150265173834,2132,Reid,1.0,0.9994758
2132,Watson,179,983,20910,0.18209562563580875,0.008560497369679579,2132,Watson,1.0,0.9979036
2133,Watson,1218,1218,20910,1.0,0.05824964131994261,2133,Watson,1.0,0.9979036
2134,Reid,2816,2816,25455,1.0,0.11062659595364369,2134,Reid,1.0,0.9994758
2135,Reid,3147,3147,25455,1.0,0.12362993517972894,2135,Reid,1.0,0.9994758
2136,Watson,732,732,20910,1.0,0.03500717360114777,2136,Watson,1.0,0.9979036
2137,Reid,2747,2747,25455,1.0,0.10791593007267727,2137,Reid,1.0,0.9994758
2138,Reid,4,4,25455,1.0,0.0001571400510705166,2139,Reid,1.0,0.9994758
2138,Reid,3490,3490,25455,1.0,0.13710469455902574,2138,Reid,1.0,0.9994758
2140,Reid,2834,2834,25455,1.0,0.111333726183461,2140,Reid,1.0,0.9994758
2141,Reid,1229,3306,25455,0.3717483363581367,0.048281280691416226,2141,Reid,0.9997959,0.9994758
2141,Watson,497,3306,20910,0.15033272837265577,0.02376853180296509,2141,Watson,0.9997959,0.9979036
2141,Blaxland,1580,3306,19410,0.4779189352692075,0.08140133951571354,2141,Blaxland,0.9997959,1.0
2142,Parramatta,3815,4195,29213,0.9094159713945172,0.13059254441515764,2142,Parramatta,0.9924219,0.9989914
2142,Blaxland,380,4195,19410,0.09058402860548272,0.019577537351880475,2142,Blaxland,0.9924219,1.0
2143,Blaxland,999,999,19410,1.0,0.05146831530139104,2143,Blaxland,1.0,1.0
2144,Blaxland,4561,4561,19410,1.0,0.23498196805770222,2144,Blaxland,1.0,1.0
2145,Parramatta,6630,9363,29213,0.7081063761614868,0.2269537534659227,2145,Parramatta,1.0,0.9989914
2145,Greenway,804,9363,14441,0.08586991348926626,0.055674814763520535,2145,Greenway,1.0,1.0
2145,McMahon,1929,9363,15828,0.20602371034924705,0.12187263078089462,2145,McMahon,1.0,0.9993712
2146,Greenway,745,1538,14441,0.48439531859557866,0.051589225122913925,2146,Greenway,1.0,1.0
2146,Mitchell,45,1538,8690,0.029258777633289986,0.005178365937859608,2146,Mitchell,1.0,0.9978378
2146,Parramatta,748,1538,29213,0.48634590377113135,0.02560503885256564,2146,Parramatta,1.0,0.9989914
2147,Greenway,3391,3391,14441,1.0,0.23481753341181358,2147,Greenway,1.0,1.0
2148,McMahon,3,7256,15828,0.00041345093715545756,0.00018953752843062926,2148,McMahon,0.9999038,0.9993712
2148,Chifley,3153,7256,18581,0.43453693495038587,0.16968946773585922,2148,Chifley,0.9999038,0.9990686
2148,Greenway,4100,7256,14441,0.5650496141124587,0.28391385638113703,2148,Greenway,0.9999038,1.0
2150,Parramatta,7475,7475,29213,1.0,0.25587923184883443,2150,Parramatta,1.0,0.9989914
2151,Mitchell,248,2868,8690,0.08647140864714087,0.028538550057537398,2151,Mitchell,1.0,0.9978378
2151,Parramatta,2620,2868,29213,0.9135285913528591,0.08968609865470852,2151,Parramatta,1.0,0.9989914
2152,Mitchell,746,1382,8690,0.5397973950795948,0.0858457997698504,2152,Mitchell,1.0,0.9978378
2152,Parramatta,636,1382,29213,0.4602026049204052,0.02177112929175367,2152,Parramatta,1.0,0.9989914
2153,Mitchell,3104,3104,8690,1.0,0.3571921749136939,2153,Mitchell,1.0,0.9978378
2154,Berowra,256,2454,6421,0.10431947840260798,0.03986917925556767,2154,Berowra,1.0,0.9974888
2154,Mitchell,2198,2454,8690,0.895680521597392,0.2529344073647871,2154,Mitchell,1.0,0.9978378
2155,Mitchell,2180,2809,8690,0.7760768956924172,0.2508630609896433,2155,Mitchell,0.9896648,0.9978378
2155,Greenway,629,2809,14441,0.22392310430758278,0.043556540405789074,2155,Greenway,0.9896648,1.0
2156,Mitchell,8,289,8690,0.02768166089965398,0.0009205983889528193,2156,Mitchell,1.0,0.9978378
2156,Berowra,281,289,6421,0.972318339100346,0.0437626537922442,2156,Berowra,1.0,0.9974888
2157,Berowra,152,152,6421,1.0,0.023672325182993302,2157,Berowra,1.0,0.9974888
2158,Berowra,344,344,6421,1.0,0.05357420962466906,2158,Berowra,1.0,0.9974888
2159,Berowra,200,200,6421,1.0,0.03114779629341224,2159,Berowra,1.0,0.9974888
2160,Parramatta,2466,4820,29213,0.5116182572614107,0.08441447300859206,2160,Parramatta,0.9985917,0.9989914
2160,McMahon,2354,4820,15828,0.4883817427385892,0.14872378064190042,2160,McMahon,0.9985917,0.9993712
2161,McMahon,2823,3609,15828,0.7822111388196176,0.17835481425322214,2161,McMahon,0.9999041,0.9993712
2161,Blaxland,687,3609,19410,0.19035743973399832,0.03539412673879443,2161,Blaxland,0.9999041,1.0
2161,Parramatta,99,3609,29213,0.02743142144638404,0.003388902201074864,2161,Parramatta,0.9999041,0.9989914
2162,Blaxland,1960,1960,19410,1.0,0.10097887686759402,2162,Blaxland,1.0,1.0
2163,Blaxland,812,1621,19410,0.5009253547193091,0.04183410613086038,2163,Blaxland,1.0,1.0
2163,Fowler,809,1621,18109,0.49907464528069095,0.04467391904577834,2163,Fowler,1.0,0.9996636
2164,McMahon,1825,1825,15828,1.0,0.11530199646196614,2164,McMahon,1.0,0.9993712
2165,McMahon,4869,5553,15828,0.8768233387358185,0.3076194086429113,2165,McMahon,1.0,0.9993712
2165,Fowler,684,5553,18109,0.12317666126418152,0.037771273952178476,2165,Fowler,1.0,0.9996636
2166,McMahon,130,5964,15828,0.021797451374916163,0.008213292898660601,2166,McMahon,1.0,0.9993712
2166,Fowler,5834,5964,18109,0.9782025486250838,0.322160251808493,2166,Fowler,1.0,0.9996636
2167,Werriwa,876,876,13352,1.0,0.06560814859197124,2167,Werriwa,1.0,1.0
2168,Werriwa,4450,4450,13352,1.0,0.33328340323547034,2168,Werriwa,1.0,1.0
2170,Fowler,7284,11165,18109,0.6523958799820869,0.4022309348942515,2170,Fowler,1.0,0.9996636
2170,Werriwa,3106,11165,13352,0.27819077474249887,0.23262432594367885,2170,Werriwa,1.0,1.0
2170,Hughes,775,11165,8153,0.06941334527541423,0.09505703422053231,2170,Hughes,1.0,1.0
2171,Werriwa,1601,1601,13352,1.0,0.11990713001797483,2171,Werriwa,1.0,1.0
2172,Hughes,123,123,8153,1.0,0.015086471237581259,2172,Hughes,1.0,1.0
2173,Hughes,1219,1219,8153,1.0,0.14951551576106956,2173,Hughes,1.0,1.0
2174,Werriwa,140,140,13352,1.0,0.010485320551228281,2174,Werriwa,1.0,1.0
2175,McMahon,80,80,15828,1.0,0.005054334091483447,2175,McMahon,1.0,0.9993712
2176,McMahon,43,2798,15828,0.015368120085775554,0.002716704574172353,2176,McMahon,1.0,0.9993712
2176,Fowler,2755,2798,18109,0.9846318799142244,0.15213429786294108,2176,Fowler,1.0,0.9996636
2177,Fowler,743,1353,18109,0.549150036954915,0.04102932243635761,2177,Fowler,1.0,0.9996636
2177,Werriwa,610,1353,13352,0.450849963045085,0.045686039544637506,2177,Werriwa,1.0,1.0
2178,McMahon,83,203,15828,0.4088669950738916,0.0052438716199140764,2178,McMahon,1.0,0.9993712
2178,Werriwa,120,203,13352,0.5911330049261084,0.008987417615338526,2178,Werriwa,1.0,1.0
2179,Macarthur,297,533,15438,0.5572232645403377,0.0192382432957637,2179,Macarthur,0.9992883,0.9982202
2179,Werriwa,236,533,13352,0.4427767354596623,0.017675254643499103,2179,Werriwa,0.9992883,1.0
2190,Watson,2240,2240,20910,1.0,0.10712577714012435,2190,Watson,1.0,0.9979036
2191,Watson,590,590,20910,1.0,0.028216164514586323,2191,Watson,1.0,0.9979036
2192,Barton,56,1824,21228,0.03070175438596491,0.0026380252496702467,2192,Barton,1.0,0.997642
2192,Watson,1768,1824,20910,0.9692982456140351,0.08455284552845528,2192,Watson,1.0,0.9979036
2193,Barton,630,1616,21228,0.38985148514851486,0.029677784058790277,2193,Barton,1.0,0.997642
2193,Grayndler,403,1616,24703,0.24938118811881188,0.01631380803950937,2193,Grayndler,1.0,0.9957541
2193,Watson,583,1616,20910,0.36076732673267325,0.027881396461023434,2193,Watson,1.0,0.9979036
2194,Barton,488,4159,21228,0.11733589805241644,0.022988505747126436,2194,Barton,1.0,0.997642
2194,Watson,3671,4159,20910,0.8826641019475836,0.17556193208990914,2194,Watson,1.0,0.9979036
2195,Watson,4442,4442,20910,1.0,0.21243424198947872,2195,Watson,1.0,0.9979036
2196,Watson,3047,3047,20910,1.0,0.1457197513151602,2196,Watson,1.0,0.9979036
2197,Blaxland,837,837,19410,1.0,0.04312210200927357,2197,Blaxland,1.0,1.0
2198,Blaxland,428,428,19410,1.0,0.022050489438433796,2198,Blaxland,1.0,1.0
2199,Blaxland,1783,1783,19410,1.0,0.09185986604842865,2199,Blaxland,1.0,1.0
2200,Watson,213,5330,20910,0.0399624765478424,0.010186513629842181,2200,Watson,0.9944774,0.9979036
2200,Blaxland,5117,5330,19410,0.9600375234521576,0.26362699639361153,2200,Blaxland,0.9944774,1.0
2203,Grayndler,2270,2399,24703,0.9462275948311797,0.0918916730761446,2203,Grayndler,1.0,0.9957541
2203,Barton,129,2399,21228,0.05377240516882034,0.00607687959299039,2203,Barton,1.0,0.997642
2204,Barton,1864,4359,21228,0.42762101399403535,0.08780855473902394,2204,Barton,1.0,0.997642
2204,Grayndler,2495,4359,24703,0.5723789860059647,0.10099987855726025,2204,Grayndler,1.0,0.9957541
2205,Barton,3197,3197,21228,1.0,0.15060297719992463,2205,Barton,0.9946045,0.997642
2206,Barton,1234,1234,21228,1.0,0.05813077068023365,2206,Barton,1.0,0.997642
2207,Barton,2178,2178,21228,1.0,0.10260033917467495,2207,Barton,0.9945938,0.997642
2208,Watson,212,1001,20910,0.21178821178821178,0.01013868962219034,2208,Watson,1.0,0.9979036
2208,Barton,789,1001,21228,0.7882117882117882,0.037167891464104014,2208,Barton,1.0,0.997642
2209,Watson,98,1671,20910,0.05864751645721125,0.00468675274988044,2209,Watson,0.9918103,0.9979036
2209,Banks,1320,1671,16263,0.7899461400359067,0.08116583656152002,2209,Banks,0.9918103,1.0
2209,Barton,253,1671,21228,0.15140634350688212,0.011918221217260222,2209,Barton,0.9918103,0.997642
2210,Banks,3182,3287,16263,0.9680559780955278,0.19565885752936113,2210,Banks,0.9967395,1.0
2210,Watson,105,3287,20910,0.03194402190447216,0.005021520803443328,2210,Watson,0.9967395,0.9979036
2211,Banks,1429,1472,16263,0.9707880434782609,0.08786816700485765,2211,Banks,1.0,1.0
2211,Blaxland,43,1472,19410,0.029211956521739132,0.002215352910870685,2211,Blaxland,1.0,1.0
2212,Blaxland,106,1628,19410,0.06511056511056511,0.005461102524471921,2212,Blaxland,1.0,1.0
2212,Banks,1522,1628,16263,0.9348894348894349,0.09358666912623748,2212,Banks,1.0,1.0
2213,Banks,1739,1739,16263,1.0,0.10692984074279038,2213,Banks,1.0,1.0
2214,Blaxland,117,117,19410,1.0,0.006027820710973725,2214,Blaxland,1.0,1.0
2216,Barton,4082,4082,21228,1.0,0.19229319766346334,2216,Barton,1.0,0.997642
2217,Cook,1310,3685,12785,0.35549525101763907,0.10246382479468126,2217,Cook,0.9966257,0.9982782
2217,Barton,2375,3685,21228,0.6445047489823609,0.11188053514226494,2217,Barton,0.9966257,0.997642
2218,Barton,667,2230,21228,0.2991031390134529,0.031420765027322405,2218,Barton,1.0,0.997642
2218,Banks,1563,2230,16263,0.7008968609865471,0.09610772920125438,2218,Banks,1.0,1.0
2219,Cook,1410,1410,12785,1.0,0.11028549080954243,2219,Cook,1.0,0.9982782
2220,Barton,2962,4313,21228,0.686760955251565,0.1395326926700584,2220,Barton,0.9957081,0.997642
2220,Banks,1351,4313,16263,0.31323904474843495,0.08307200393531329,2220,Banks,0.9957081,1.0
2221,Cook,291,896,12785,0.3247767857142857,0.02276104810324599,2221,Cook,1.0,0.9982782
2221,Banks,605,896,16263,0.6752232142857143,0.037201008424030006,2221,Banks,1.0,1.0
2222,Barton,11,1567,21228,0.007019783024888321,0.0005181835311852271,2222,Barton,1.0,0.997642
2222,Banks,1556,1567,16263,0.9929802169751116,0.09567730431039784,2222,Banks,1.0,1.0
2223,Banks,1996,1996,16263,1.0,0.12273258316423784,2223,Banks,1.0,1.0
2224,Cook,895,895,12785,1.0,0.07000391083300743,2224,Cook,0.9996516,0.9982782
2225,Hughes,121,121,8153,1.0,0.014841162762173433,2225,Hughes,1.0,1.0
2226,Hughes,733,733,8153,1.0,0.08990555623696798,2226,Hughes,1.0,1.0
2227,Cook,1054,1080,12785,0.975925925925926,0.08244035979663668,2227,Cook,0.9954129,0.9982782
2227,Hughes,26,1080,8153,0.024074074074074074,0.003189010180301729,2227,Hughes,0.9954129,1.0
2228,Cook,1890,1890,12785,1.0,0.14782948768087603,2228,Cook,1.0,0.9982782
2229,Cook,2286,2286,12785,1.0,0.17880328509972623,2229,Cook,0.995666,0.9982782
2230,Hughes,156,3705,8153,0.042105263157894736,0.019134061081810375,2230,Hughes,0.9999999,1.0
2230,Cook,3549,3705,12785,0.9578947368421052,0.27759092686742276,2230,Cook,0.9999999,0.9982782
2231,Cook,100,100,12785,1.0,0.007821666014861166,2231,Cook,0.9987701,0.9982782
2232,Hughes,2987,2987,8153,1.0,0.36636820802158715,2232,Hughes,0.9975861,1.0
2233,Hughes,1058,1058,8153,1.0,0.1297681834907396,2233,Hughes,0.9992845,1.0
2234,Hughes,955,955,8153,1.0,0.1171347970072366,2234,Hughes,1.0,1.0
2250,Dobell,1357,6913,15202,0.19629683205554752,0.08926457045125641,2250,Dobell,1.0,0.9969677
2250,Robertson,5551,6913,14247,0.8029798929553016,0.3896258861514705,2250,Robertson,1.0,1.0
2250,Hunter,5,6913,14473,0.0007232749891508751,0.0003454708768050853,2250,Hunter,1.0,1.0
2251,Robertson,1966,1966,14247,1.0,0.13799396364146838,2251,Robertson,0.9997837,1.0
2256,Robertson,1993,1993,14247,1.0,0.13988909945953534,2256,Robertson,1.0,1.0
2257,Robertson,3287,3287,14247,1.0,0.23071523829578156,2257,Robertson,1.0,1.0
2258,Dobell,360,360,15202,1.0,0.023681094592816733,2258,Dobell,1.0,0.9969677
2259,Shortland,1114,5115,12273,0.21779081133919845,0.09076835329585269,2259,Shortland,1.0,0.9984109
2259,Hunter,189,5115,14473,0.03695014662756598,0.013058799143232226,2259,Hunter,1.0,1.0
2259,Dobell,3812,5115,15202,0.7452590420332356,0.25075647941060386,2259,Dobell,1.0,0.9969677
2260,Dobell,350,1730,15202,0.2023121387283237,0.023023286409682937,2260,Dobell,1.0,0.9969677
2260,Robertson,1380,1730,14247,0.7976878612716763,0.09686249736786692,2260,Robertson,1.0,1.0
2261,Dobell,5722,5722,15202,1.0,0.3763978423891593,2261,Dobell,1.0,0.9969677
2262,Dobell,604,1964,15202,0.3075356415478615,0.03973161426128141,2262,Dobell,1.0,0.9969677
2262,Shortland,1360,1964,12273,0.6924643584521385,0.11081235231809664,2262,Shortland,1.0,0.9984109
2263,Dobell,2997,2997,15202,1.0,0.1971451124851993,2263,Dobell,1.0,0.9969677
2264,Hunter,1230,1230,14473,1.0,0.08498583569405099,2264,Hunter,1.0,1.0
2265,Hunter,426,426,14473,1.0,0.02943411870379327,2265,Hunter,1.0,1.0
2267,Hunter,247,247,14473,1.0,0.017066261314171216,2267,Hunter,1.0,1.0
2278,Hunter,109,109,14473,1.0,0.00753126511435086,2278,Hunter,1.0,1.0
2280,Shortland,2217,2217,12273,1.0,0.18064043021266193,2280,Shortland,1.0,0.9984109
2281,Shortland,1206,1206,12273,1.0,0.09826448301148863,2281,Shortland,1.0,0.9984109
2282,Shortland,922,922,12273,1.0,0.07512425649800375,2282,Shortland,1.0,0.9984109
2283,Hunter,2036,2036,14473,1.0,0.14067574103503075,2283,Hunter,1.0,1.0
2284,Shortland,426,1060,12273,0.4018867924528302,0.034710339770227326,2284,Shortland,1.0,0.9984109
2284,Hunter,634,1060,14473,0.5981132075471698,0.04380570717888482,2284,Hunter,1.0,1.0
2285,Shortland,912,2412,12273,0.3781094527363184,0.07430945978978246,2285,Shortland,0.99748,0.9984109
2285,Hunter,1458,2412,14473,0.6044776119402985,0.10073930767636288,2285,Hunter,0.99748,1.0
2285,Newcastle,42,2412,20699,0.017412935323383085,0.002029083530605343,2285,Newcastle,0.99748,0.9996048
2286,Hunter,214,214,14473,1.0,0.014786153527257652,2286,Hunter,1.0,1.0
2287,Hunter,76,3570,14473,0.021288515406162466,0.005251157327437297,2287,Hunter,1.0,1.0
2287,Newcastle,3494,3570,20699,0.9787114845938375,0.16880042514131116,2287,Newcastle,1.0,0.9996048
2289,Shortland,215,1616,12273,0.13304455445544555,0.017518129226757925,2289,Shortland,0.9968913,0.9984109
2289,Newcastle,1401,1616,20699,0.8669554455445545,0.06768442919947823,2289,Newcastle,0.9968913,0.9996048
2290,Shortland,2871,2871,12273,1.0,0.23392813493033487,2290,Shortland,0.9919595,0.9984109
2291,Newcastle,1658,1658,20699,1.0,0.0801004879462776,2291,Newcastle,0.9943276,0.9996048
2292,Newcastle,404,404,20699,1.0,0.019517851103918064,2292,Newcastle,0.9796337,0.9996048
2293,Newcastle,465,465,20699,1.0,0.022464853374559158,2293,Newcastle,1.0,0.9996048
2294,Newcastle,364,364,20699,1.0,0.01758539059857964,2294,Newcastle,1.0,0.9996048
2295,Paterson,189,639,16315,0.29577464788732394,0.01158443150475023,2295,Paterson,1.0,0.998238
2295,Newcastle,450,639,20699,0.704225352112676,0.02174018068505725,2295,Newcastle,1.0,0.9996048
2296,Newcastle,388,388,20699,1.0,0.018744866901782696,2296,Newcastle,1.0,0.9996048
2297,Newcastle,217,217,20699,1.0,0.01048359824146094,2297,Newcastle,1.0,0.9996048
2298,Newcastle,1505,1505,20699,1.0,0.07270882651335814,2298,Newcastle,1.0,0.9996048
2299,Newcastle,1864,1864,20699,1.0,0.09005265954877047,2299,Newcastle,1.0,0.9996048
2300,Newcastle,2532,2532,20699,1.0,0.12232474998792212,2300,Newcastle,1.0,0.9996048
2302,Newcastle,162,162,20699,1.0,0.00782646504662061,2302,Newcastle,0.9999818,0.9996048
2303,Newcastle,1550,1550,20699,1.0,0.07488284458186385,2303,Newcastle,1.0,0.9996048
2304,Newcastle,2387,2387,20699,1.0,0.11531958065607034,2304,Newcastle,0.9999998,0.9996048
2305,Newcastle,1266,1266,20699,1.0,0.06116237499396106,2305,Newcastle,1.0,0.9996048
2306,Shortland,1030,1030,12273,1.0,0.08392406094679378,2306,Shortland,1.0,0.9984109
2307,Newcastle,535,535,20699,1.0,0.025846659258901398,2307,Newcastle,1.0,0.9996048
2311,Lyne,48,48,12463,1.0,0.0038514001444275056,2311,Lyne,1.0,1.0
2312,Lyne,90,90,12463,1.0,0.0072213752708015725,2312,Lyne,1.0,1.0
2315,Paterson,1676,1676,16315,1.0,0.10272755133312902,2315,Paterson,1.0,0.998238
2316,Paterson,426,426,16315,1.0,0.026110940851976707,2316,Paterson,1.0,0.998238
2317,Paterson,680,680,16315,1.0,0.04167943610174686,2317,Paterson,1.0,0.998238
2318,Paterson,801,801,16315,1.0,0.0490959239963224,2318,Paterson,1.0,0.998238
2319,Paterson,672,672,16315,1.0,0.04118908979466748,2319,Paterson,1.0,0.998238
2320,Hunter,59,3427,14473,0.017216224102713742,0.004076556346300007,2320,Hunter,1.0,1.0
2320,Lyne,382,3427,12463,0.11146775605485848,0.03065072614940223,2320,Lyne,1.0,1.0
2320,Paterson,2986,3427,16315,0.8713160198424278,0.18302175911737664,2320,Paterson,1.0,0.998238
2321,Lyne,133,1151,12463,0.1155516941789748,0.010671587900184546,2321,Lyne,1.0,1.0
2321,Paterson,1018,1151,16315,0.8844483058210252,0.062396567575850444,2321,Paterson,1.0,0.998238
2322,Paterson,1565,1580,16315,0.990506329113924,0.0959239963224027,2322,Paterson,1.0,0.998238
2322,Newcastle,15,1580,20699,0.00949367088607595,0.0007246726895019084,2322,Newcastle,1.0,0.9996048
2323,Hunter,54,2990,14473,0.018060200668896322,0.0037310854694949215,2323,Hunter,0.9999996,1.0
2323,Paterson,2936,2990,16315,0.9819397993311036,0.17995709469813057,2323,Paterson,0.9999996,0.998238
2324,Lyne,691,2587,12463,0.2671047545419405,0.0554441145791543,2324,Lyne,0.9999996,1.0
2324,Paterson,1896,2587,16315,0.7328952454580595,0.11621207477781183,2324,Paterson,0.9999996,0.998238
2325,Hunter,2825,2825,14473,1.0,0.19519104539487322,2325,Hunter,1.0,1.0
2326,Paterson,553,553,16315,1.0,0.033895188476861786,2326,Paterson,0.9983552,0.998238
2327,Paterson,917,917,16315,1.0,0.05620594544897334,2327,Paterson,1.0,0.998238
2328,Hunter,204,204,14473,1.0,0.014095211773647481,2328,Hunter,0.9999997,1.0
2329,New England,181,181,16143,1.0,0.011212290156724277,2329,New England,1.0,1.0
2330,Hunter,2078,2078,14473,1.0,0.14357769640019347,2330,Hunter,1.0,1.0
2333,Hunter,1964,1976,14473,0.9939271255060729,0.1357009604090375,2333,Hunter,1.0,1.0
2333,New England,12,1976,16143,0.006072874493927126,0.0007433562534844825,2333,New England,1.0,1.0
2334,Hunter,218,218,14473,1.0,0.01506253022870172,2334,Hunter,1.0,1.0
2335,Lyne,9,451,12463,0.019955654101995565,0.0007221375270801573,2335,Lyne,1.0,1.0
2335,Hunter,442,451,14473,0.9800443458980045,0.030539625509569544,2335,Hunter,1.0,1.0
2336,Hunter,5,245,14473,0.02040816326530612,0.0003454708768050853,2336,Hunter,1.0,1.0
2336,New England,240,245,16143,0.9795918367346939,0.014867125069689648,2336,New England,1.0,1.0
2337,New England,771,771,16143,1.0,0.047760639286378,2337,New England,1.0,1.0
2338,New England,124,124,16143,1.0,0.0076813479526729855,2338,New England,1.0,1.0
2339,New England,39,39,16143,1.0,0.0024159078238245677,2339,New England,1.0,1.0
2340,Parkes,34,5746,16428,0.005917159763313609,0.0020696372047723397,2340,Parkes,1.0,0.9993544
2340,New England,5712,5746,16143,0.9940828402366864,0.35383757665861365,2340,New England,1.0,1.0
2341,New England,176,176,16143,1.0,0.010902558384439076,2341,New England,1.0,1.0
2342,Parkes,12,31,16428,0.3870967741935484,0.0007304601899196494,2342,Parkes,1.0,0.9993544
2342,New England,19,31,16143,0.6129032258064516,0.001176980734683764,2342,New England,1.0,1.0
2343,New England,508,513,16143,0.9902534113060428,0.031468748064176426,2343,New England,1.0,1.0
2343,Parkes,5,513,16428,0.009746588693957114,0.0003043584124665206,2343,Parkes,1.0,0.9993544
2344,New England,29,29,16143,1.0,0.001796444279254166,2344,New England,1.0,1.0
2345,New England,30,30,16143,1.0,0.001858390633711206,2345,New England,1.0,1.0
2346,New England,294,294,16143,1.0,0.01821222821036982,2346,New England,1.0,1.0
2347,New England,173,173,16143,1.0,0.010716719321067955,2347,New England,1.0,1.0
2350,New England,3251,3251,16143,1.0,0.2013875983398377,2350,New England,1.0,1.0
2352,New England,194,194,16143,1.0,0.0120175927646658,2352,New England,1.0,1.0
2353,New England,56,56,16143,1.0,0.003468995849594251,2353,New England,1.0,1.0
2354,New England,255,255,16143,1.0,0.015796320386545253,2354,New England,1.0,1.0
2355,New England,33,33,16143,1.0,0.0020442296970823266,2355,New England,1.0,1.0
2356,Parkes,10,10,16428,1.0,0.0006087168249330412,2356,Parkes,1.0,0.9993544
2357,Parkes,395,395,16428,1.0,0.024044314584855127,2357,Parkes,0.9857787,0.9993544
2358,New England,330,330,16143,1.0,0.020442296970823268,2358,New England,1.0,1.0
2359,New England,53,53,16143,1.0,0.0032831567862231306,2359,New England,1.0,1.0
2360,New England,1638,1638,16143,1.0,0.10146812860063185,2360,New England,1.0,1.0
2361,New England,52,52,16143,1.0,0.0032212104317660907,2361,New England,1.0,1.0
2365,New England,317,317,16143,1.0,0.019636994362881743,2365,New England,1.0,1.0
2369,New England,58,58,16143,1.0,0.003592888558508332,2369,New England,1.0,1.0
2370,New England,783,783,16143,1.0,0.04850399553986248,2370,New England,1.0,1.0
2371,New England,64,64,16143,1.0,0.003964566685250573,2371,New England,1.0,1.0
2372,New England,435,435,16143,1.0,0.02694666418881249,2372,New England,1.0,1.0
2379,Parkes,17,17,16428,1.0,0.0010348186023861699,2379,Parkes,0.8412327,0.9993544
2380,Parkes,1226,1226,16428,1.0,0.07462868273679084,2380,Parkes,1.0,0.9993544
2381,New England,5,90,16143,0.05555555555555555,0.000309731772285201,2381,New England,1.0,1.0
2381,Parkes,85,90,16428,0.9444444444444444,0.00517409301193085,2381,Parkes,1.0,0.9993544
2382,Parkes,146,146,16428,1.0,0.008887265644022401,2382,Parkes,1.0,0.9993544
2386,Parkes,26,26,16428,1.0,0.001582663744825907,2386,Parkes,1.0,0.9993544
2387,Parkes,16,16,16428,1.0,0.0009739469198928658,2387,Parkes,1.0,0.9993544
2388,Parkes,279,279,16428,1.0,0.01698319941563185,2388,Parkes,1.0,0.9993544
2390,Parkes,908,913,16428,0.9945235487404163,0.05527148770392014,2390,Parkes,1.0,0.9993544
2390,New England,5,913,16143,0.00547645125958379,0.000309731772285201,2390,New England,1.0,1.0
2395,Parkes,50,50,16428,1.0,0.003043584124665206,2395,Parkes,1.0,0.9993544
2396,Parkes,81,81,16428,1.0,0.004930606281957633,2396,Parkes,1.0,0.9993544
2397,Parkes,37,37,16428,1.0,0.0022522522522522522,2397,Parkes,1.0,0.9993544
2398,Parkes,16,16,16428,1.0,0.0009739469198928658,2398,Parkes,1.0,0.9993544
2399,Parkes,29,29,16428,1.0,0.0017652787923058194,2399,Parkes,1.0,0.9993544
2400,Parkes,1358,1358,16428,1.0,0.08266374482590699,2400,Parkes,1.0,0.9993544
2401,Parkes,12,12,16428,1.0,0.0007304601899196494,2401,Parkes,1.0,0.9993544
2402,Parkes,150,150,16428,1.0,0.009130752373995616,2402,Parkes,1.0,0.9993544
2403,New England,35,35,16143,1.0,0.0021681224059964073,2403,New England,1.0,1.0
2404,New England,141,146,16143,0.9657534246575342,0.00873443597844267,2404,New England,1.0,1.0
2404,Parkes,5,146,16428,0.03424657534246575,0.0003043584124665206,2404,Parkes,1.0,0.9993544
2405,Parkes,21,21,16428,1.0,0.0012783053323593865,2405,Parkes,1.0,0.9993544
2406,Parkes,93,93,16428,1.0,0.005661066471877283,2406,Parkes,1.0,0.9993544
2408,Parkes,26,26,16428,1.0,0.001582663744825907,2408,Parkes,1.0,0.9993544
2409,Parkes,157,157,16428,1.0,0.009556854151448746,2409,Parkes,1.0,0.9993544
2410,New England,17,17,16143,1.0,0.0010530880257696835,2410,New England,1.0,1.0
2411,Parkes,7,7,16428,1.0,0.0004261017774531288,2411,Parkes,1.0,0.9993544
2415,Lyne,33,33,12463,1.0,0.00264783759929391,2415,Lyne,1.0,1.0
2420,Lyne,315,315,12463,1.0,0.025274813447805505,2420,Lyne,1.0,1.0
2421,Lyne,62,62,12463,1.0,0.004974725186552195,2421,Lyne,1.0,1.0
2422,Lyne,484,484,12463,1.0,0.038834951456310676,2422,Lyne,1.0,1.0
2423,Lyne,215,215,12463,1.0,0.01725106314691487,2423,Lyne,1.0,1.0
2424,Lyne,27,27,12463,1.0,0.002166412581240472,2424,Lyne,1.0,1.0
2425,Lyne,88,88,12463,1.0,0.00706090026478376,2425,Lyne,1.0,1.0
2426,Lyne,48,48,12463,1.0,0.0038514001444275056,2426,Lyne,1.0,1.0
2427,Lyne,299,299,12463,1.0,0.023991013399663003,2427,Lyne,1.0,1.0
2428,Lyne,2731,2731,12463,1.0,0.21912862071732328,2428,Lyne,1.0,1.0
2429,Lyne,670,670,12463,1.0,0.053759127015967266,2429,Lyne,1.0,1.0
2430,Lyne,3710,3710,12463,1.0,0.2976811361630426,2430,Lyne,1.0,1.0
2431,Cowper,600,600,18220,1.0,0.03293084522502744,2431,Cowper,1.0,0.9994223
2439,Lyne,119,119,12463,1.0,0.009548262858059858,2439,Lyne,1.0,1.0
2440,Cowper,1944,1944,18220,1.0,0.10669593852908892,2440,Cowper,1.0,0.9994223
2441,Cowper,284,308,18220,0.922077922077922,0.015587266739846322,2441,Cowper,1.0,0.9994223
2441,Lyne,24,308,12463,0.07792207792207792,0.0019257000722137528,2441,Lyne,1.0,1.0
2443,Lyne,844,844,12463,1.0,0.06772045253951697,2443,Lyne,0.961499,1.0
2444,Cowper,5693,5693,18220,1.0,0.3124588364434687,2444,Cowper,1.0,0.9994223
2445,Lyne,432,432,12463,1.0,0.03466260129984755,2445,Lyne,1.0,1.0
2446,Lyne,1009,1009,12463,1.0,0.08095964053598652,2446,Lyne,1.0,1.0
2447,Cowper,553,553,18220,1.0,0.03035126234906696,2447,Cowper,1.0,0.9994223
2448,Cowper,1236,1236,18220,1.0,0.06783754116355653,2448,Cowper,1.0,0.9994223
2449,Cowper,196,196,18220,1.0,0.010757409440175631,2449,Cowper,0.9966496,0.9994223
2450,Page,473,5113,15465,0.09250929004498337,0.030585192369867443,2450,Page,1.0,0.9983069
2450,Cowper,4640,5113,18220,0.9074907099550166,0.25466520307354557,2450,Cowper,1.0,0.9994223
2452,Cowper,1875,1875,18220,1.0,0.10290889132821075,2452,Cowper,1.0,0.9994223
2453,Cowper,178,209,18220,0.8516746411483254,0.009769484083424807,2453,Cowper,1.0,0.9994223
2453,New England,9,209,16143,0.0430622009569378,0.0005575171901133618,2453,New England,1.0,1.0
2453,Page,22,209,15465,0.10526315789473684,0.0014225670869705788,2453,Page,1.0,0.9983069
2454,Cowper,631,631,18220,1.0,0.03463227222832053,2454,Cowper,1.0,0.9994223
2455,Cowper,390,390,18220,1.0,0.021405049396267837,2455,Cowper,1.0,0.9994223
2456,Page,1360,1360,15465,1.0,0.08794051083090851,2456,Page,1.0,0.9983069
2460,Page,2780,2780,15465,1.0,0.17976075008082767,2460,Page,1.0,0.9983069
2462,Page,191,191,15465,1.0,0.012350468800517296,2462,Page,1.0,0.9983069
2463,Page,643,643,15465,1.0,0.041577756223731006,2463,Page,1.0,0.9983069
2464,Page,906,906,15465,1.0,0.058583899127061106,2464,Page,1.0,0.9983069
2465,Page,31,31,15465,1.0,0.002004526349822179,2465,Page,1.0,0.9983069
2466,Page,269,269,15465,1.0,0.017394115745231167,2466,Page,0.9995456,0.9983069
2469,Page,226,278,15465,0.8129496402877698,0.014613643711606854,2469,Page,1.0,0.9983069
2469,New England,52,278,16143,0.18705035971223022,0.0032212104317660907,2469,New England,1.0,1.0
2470,Page,1599,1599,15465,1.0,0.10339476236663434,2470,Page,1.0,0.9983069
2471,Page,182,182,15465,1.0,0.011768509537665697,2471,Page,1.0,0.9983069
2472,Page,159,159,15465,1.0,0.010281280310378274,2472,Page,1.0,0.9983069
2473,Page,518,518,15465,1.0,0.03349498868412545,2473,Page,1.0,0.9983069
2474,Page,525,525,15465,1.0,0.03394762366634336,2474,Page,1.0,0.9983069
2475,Page,6,31,15465,0.1935483870967742,0.0003879728419010669,2475,Page,1.0,0.9983069
2475,New England,25,31,16143,0.8064516129032258,0.001548658861426005,2475,New England,1.0,1.0
2476,New England,27,73,16143,0.3698630136986301,0.0016725515703400855,2476,New England,1.0,1.0
2476,Page,46,73,15465,0.6301369863013698,0.0029744584545748462,2476,Page,1.0,0.9983069
2477,Richmond,28,997,16369,0.028084252758274825,0.001710550430692162,2477,Richmond,1.0,0.9985662
2477,Page,969,997,15465,0.9719157472417251,0.06265761396702231,2477,Page,1.0,0.9983069
2478,Page,8,3424,15465,0.002336448598130841,0.0005172971225347559,2478,Page,1.0,0.9983069
2478,Richmond,3416,3424,16369,0.9976635514018691,0.20868715254444375,2478,Richmond,1.0,0.9985662
2479,Richmond,397,397,16369,1.0,0.02425316146374244,2479,Richmond,1.0,0.9985662
2480,Page,4552,4646,15465,0.9797675419715884,0.2943420627222761,2480,Page,1.0,0.9983069
2480,Richmond,94,4646,16369,0.020232458028411535,0.005742562160180829,2480,Richmond,1.0,0.9985662
2481,Richmond,1382,1382,16369,1.0,0.08442788197202028,2481,Richmond,1.0,0.9985662
2482,Richmond,607,607,16369,1.0,0.03708228969393366,2482,Richmond,1.0,0.9985662
2483,Richmond,1201,1201,16369,1.0,0.07337039525933166,2483,Richmond,1.0,0.9985662
2484,Richmond,1634,1634,16369,1.0,0.09982283584824975,2484,Richmond,1.0,0.9985662
2485,Richmond,2183,2183,16369,1.0,0.1333618425071782,2485,Richmond,1.0,0.9985662
2486,Richmond,2790,2790,16369,1.0,0.17044413220111185,2486,Richmond,1.0,0.9985662
2487,Richmond,1511,1511,16369,1.0,0.09230863217056631,2487,Richmond,1.0,0.9985662
2488,Richmond,383,383,16369,1.0,0.02339788624839636,2488,Richmond,1.0,0.9985662
2489,Richmond,692,692,16369,1.0,0.04227503207282057,2489,Richmond,1.0,0.9985662
2490,Richmond,51,51,16369,1.0,0.003115645427332152,2490,Richmond,1.0,0.9985662
2500,Cunningham,7289,7289,18101,1.0,0.40268493453400367,2500,Cunningham,1.0,0.9990348
2502,Whitlam,465,1553,13020,0.2994204764971024,0.03571428571428571,2502,Whitlam,1.0,0.9995603
2502,Cunningham,1088,1553,18101,0.7005795235028976,0.06010717639909397,2502,Cunningham,1.0,0.9990348
2505,Cunningham,614,614,18101,1.0,0.03392077785757693,2505,Cunningham,1.0,0.9990348
2506,Whitlam,981,981,13020,1.0,0.07534562211981567,2506,Whitlam,1.0,0.9995603
2508,Cunningham,375,375,18101,1.0,0.02071708745373184,2508,Cunningham,1.0,0.9990348
2515,Cunningham,720,720,18101,1.0,0.03977680791116513,2515,Cunningham,1.0,0.9990348
2516,Cunningham,448,448,18101,1.0,0.024750013811391636,2516,Cunningham,1.0,0.9990348
2517,Cunningham,1196,1196,18101,1.0,0.06607369758576874,2517,Cunningham,0.9999993,0.9990348
2518,Cunningham,2729,2729,18101,1.0,0.1507651510966245,2518,Cunningham,1.0,0.9990348
2519,Cunningham,1874,1874,18101,1.0,0.1035301917021159,2519,Cunningham,1.0,0.9990348
2525,Cunningham,623,623,18101,1.0,0.03441798795646649,2525,Cunningham,1.0,0.9990348
2526,Cunningham,1145,1172,18101,0.976962457337884,0.06325617369206121,2526,Cunningham,1.0,0.9990348
2526,Whitlam,27,1172,13020,0.02303754266211604,0.0020737327188940094,2526,Whitlam,1.0,0.9995603
2527,Whitlam,1392,1392,13020,1.0,0.10691244239631337,2527,Whitlam,1.0,0.9995603
2528,Whitlam,3042,3042,13020,1.0,0.23364055299539171,2528,Whitlam,1.0,0.9995603
2529,Whitlam,2027,2027,13020,1.0,0.15568356374807987,2529,Whitlam,1.0,0.9995603
2530,Whitlam,2275,2275,13020,1.0,0.17473118279569894,2530,Whitlam,1.0,0.9995603
2533,Gilmore,1049,1049,13781,1.0,0.07611929468108265,2533,Gilmore,1.0,1.0
2534,Gilmore,399,399,13781,1.0,0.02895290617516871,2534,Gilmore,1.0,1.0
2535,Gilmore,466,466,13781,1.0,0.03381467237500907,2535,Gilmore,1.0,1.0
2536,Gilmore,1946,1946,13781,1.0,0.1412089108192439,2536,Gilmore,1.0,1.0
2537,Gilmore,1025,1025,13781,1.0,0.07437776649009506,2537,Gilmore,1.0,1.0
2538,Gilmore,101,101,13781,1.0,0.007328931137072781,2538,Gilmore,1.0,1.0
2539,Gilmore,1627,1627,13781,1.0,0.11806109861403381,2539,Gilmore,0.9999296,1.0
2540,Gilmore,3629,3629,13781,1.0,0.26333357521224876,2540,Gilmore,1.0,1.0
2541,Gilmore,3472,3472,13781,1.0,0.25194107829620493,2541,Gilmore,1.0,1.0
2545,Eden-Monaro,55,55,13534,1.0,0.004063839219742869,2545,Eden-Monaro,1.0,0.9999922
2546,Eden-Monaro,840,840,13534,1.0,0.062065908083345646,2546,Eden-Monaro,1.0,0.9999922
2548,Eden-Monaro,804,804,13534,1.0,0.0594059405940594,2548,Eden-Monaro,1.0,0.9999922
2549,Eden-Monaro,233,233,13534,1.0,0.017215900694547065,2549,Eden-Monaro,1.0,0.9999922
2550,Eden-Monaro,1228,1228,13534,1.0,0.09073444657898626,2550,Eden-Monaro,1.0,0.9999922
2551,Eden-Monaro,429,429,13534,1.0,0.031697945913994385,2551,Eden-Monaro,1.0,0.9999922
2555,Werriwa,21,21,13352,1.0,0.001572798082684242,2555,Werriwa,1.0,1.0
2556,Macarthur,26,125,15438,0.208,0.0016841559787537247,2556,Macarthur,1.0,0.9982202
2556,Hume,56,125,9526,0.448,0.005878647910980474,2556,Hume,1.0,0.9982563
2556,Werriwa,43,125,13352,0.344,0.003220491312162972,2556,Werriwa,1.0,1.0
2557,Macarthur,396,535,15438,0.7401869158878505,0.02565099106101827,2557,Macarthur,1.0,0.9982202
2557,Werriwa,139,535,13352,0.25981308411214954,0.010410425404433793,2557,Werriwa,1.0,1.0
2558,Macarthur,716,716,15438,1.0,0.046379064645679494,2558,Macarthur,1.0,0.9982202
2559,Macarthur,613,613,15438,1.0,0.03970721596061666,2559,Macarthur,1.0,0.9982202
2560,Hume,104,8409,9526,0.012367701272446189,0.010917488977535167,2560,Hume,1.0,0.9982563
2560,Macarthur,8305,8409,15438,0.9876322987275538,0.5379582847519109,2560,Macarthur,1.0,0.9982202
2563,Macarthur,39,39,15438,1.0,0.0025262339681305867,2563,Macarthur,1.0,0.9982202
2564,Werriwa,1789,1789,13352,1.0,0.13398741761533853,2564,Werriwa,1.0,1.0
2565,Werriwa,221,1818,13352,0.12156215621562157,0.016551827441581787,2565,Werriwa,0.9967247,1.0
2565,Macarthur,1597,1818,15438,0.8784378437843784,0.10344604223344993,2565,Macarthur,0.9967247,0.9982202
2566,Macarthur,2187,2187,15438,1.0,0.14166342790516906,2566,Macarthur,1.0,0.9982202
2567,Macarthur,837,2279,15438,0.36726634488810883,0.05421686746987952,2567,Macarthur,0.9930282,0.9982202
2567,Hume,1442,2279,9526,0.6327336551118912,0.15137518370774722,2567,Hume,0.9930282,0.9982563
2568,Hume,30,30,9526,1.0,0.003149275666596683,2568,Hume,1.0,0.9982563
2569,Hume,38,38,9526,1.0,0.0039890825110224645,2569,Hume,1.0,0.9982563
2570,Macarthur,425,2292,15438,0.18542757417102967,0.02752947272962819,2570,Macarthur,0.9999802,0.9982202
2570,Hume,1867,2292,9526,0.8145724258289704,0.19598992231786688,2570,Hume,0.9999802,0.9982563
2571,Hume,511,511,9526,1.0,0.05364266218769683,2571,Hume,1.0,0.9982563
2572,Hume,255,255,9526,1.0,0.026768843166071803,2572,Hume,1.0,0.9982563
2573,Hume,493,493,9526,1.0,0.05175309678773882,2573,Hume,1.0,0.9982563
2574,Hume,246,246,9526,1.0,0.0258240604660928,2574,Hume,1.0,0.9982563
2575,Hume,279,1083,9526,0.25761772853185594,0.02928826369934915,2575,Hume,1.0,0.9982563
2575,Whitlam,804,1083,13020,0.7423822714681441,0.06175115207373272,2575,Whitlam,1.0,0.9995603
2576,Whitlam,904,904,13020,1.0,0.06943164362519201,2576,Whitlam,1.0,0.9995603
2577,Whitlam,1099,1215,13020,0.9045267489711935,0.08440860215053764,2577,Whitlam,1.0,0.9995603
2577,Gilmore,67,1215,13781,0.0551440329218107,0.0048617661998403595,2577,Gilmore,1.0,1.0
2577,Hume,49,1215,9526,0.040329218106995884,0.005143816922107915,2577,Hume,1.0,0.9982563
2578,Hume,132,132,9526,1.0,0.013856812933025405,2578,Hume,1.0,0.9982563
2579,Whitlam,4,207,13020,0.01932367149758454,0.00030721966205837174,2579,Whitlam,1.0,0.9995603
2579,Hume,203,207,9526,0.9806763285024155,0.02131009867730422,2579,Hume,1.0,0.9982563
2580,Hume,2994,3002,9526,0.9973351099267155,0.31429771152634894,2580,Hume,1.0,0.9982563
2580,Eden-Monaro,8,3002,13534,0.002664890073284477,0.0005911038865080538,2580,Eden-Monaro,1.0,0.9999922
2581,Hume,92,98,9526,0.9387755102040817,0.009657778710896493,2581,Hume,1.0,0.9982563
2581,Eden-Monaro,6,98,13534,0.061224489795918366,0.0004433279148810403,2581,Eden-Monaro,1.0,0.9999922
2582,Eden-Monaro,740,740,13534,1.0,0.054677109501994975,2582,Eden-Monaro,1.0,0.9999922
2583,Hume,258,258,9526,1.0,0.027083770732731473,2583,Hume,1.0,0.9982563
2584,Eden-Monaro,41,41,13534,1.0,0.0030294074183537757,2584,Eden-Monaro,1.0,0.9999922
2585,Riverina,17,17,15491,1.0,0.0010974114001678394,2585,Riverina,1.0,0.9995331
2586,Riverina,21,187,15491,0.11229946524064172,0.0013556258472661546,2586,Riverina,1.0,0.9995331
2586,Hume,166,187,9526,0.8877005347593583,0.01742599202183498,2586,Hume,1.0,0.9982563
2587,Riverina,193,193,15491,1.0,0.012458847072493706,2587,Riverina,1.0,0.9995331
2588,Riverina,12,12,15491,1.0,0.0007746433412949454,2588,Riverina,1.0,0.9995331
2590,Riverina,669,669,15491,1.0,0.04318636627719321,2590,Riverina,1.0,0.9995331
2594,Riverina,1231,1231,15491,1.0,0.07946549609450648,2594,Riverina,1.0,0.9995331
2611,Eden-Monaro,3,3,13534,1.0,0.00022166395744052016,2611,Eden-Monaro,1.0,0.9999922
2618,Eden-Monaro,47,47,13534,1.0,0.003472735333234816,2618,Eden-Monaro,0.8910169,0.9999922
2619,Eden-Monaro,633,633,13534,1.0,0.046771095019949756,2619,Eden-Monaro,1.0,0.9999922
2620,Eden-Monaro,4570,4570,13534,1.0,0.3376680951677257,2620,Eden-Monaro,0.9998418,0.9999922
2621,Eden-Monaro,283,283,13534,1.0,0.020910299985222404,2621,Eden-Monaro,1.0,0.9999922
2622,Eden-Monaro,235,238,13534,0.9873949579831933,0.01736367666617408,2622,Eden-Monaro,0.9693882,0.9999922
2622,Hume,3,238,9526,0.012605042016806723,0.0003149275666596683,2622,Hume,0.9693882,0.9982563
2623,Eden-Monaro,39,39,13534,1.0,0.0028816314467267623,2623,Eden-Monaro,1.0,0.9999922
2625,Eden-Monaro,42,42,13534,1.0,0.0031032954041672824,2625,Eden-Monaro,1.0,0.9999922
2626,Eden-Monaro,10,10,13534,1.0,0.0007388798581350672,2626,Eden-Monaro,1.0,0.9999922
2627,Eden-Monaro,744,744,13534,1.0,0.054972661445249,2627,Eden-Monaro,0.977841,0.9999922
2628,Eden-Monaro,155,155,13534,1.0,0.011452637801093542,2628,Eden-Monaro,1.0,0.9999922
2629,Eden-Monaro,45,45,13534,1.0,0.0033249593616078025,2629,Eden-Monaro,1.0,0.9999922
2630,Eden-Monaro,869,869,13534,1.0,0.06420865967193734,2630,Eden-Monaro,1.0,0.9999922
2631,Eden-Monaro,30,30,13534,1.0,0.0022166395744052016,2631,Eden-Monaro,1.0,0.9999922
2632,Eden-Monaro,150,150,13534,1.0,0.011083197872026008,2632,Eden-Monaro,1.0,0.9999922
2633,Eden-Monaro,15,15,13534,1.0,0.0011083197872026008,2633,Eden-Monaro,1.0,0.9999922
2640,Farrer,4283,4283,16526,1.0,0.2591673726249546,2640,Farrer,1.0,1.0
2641,Farrer,2286,2286,16526,1.0,0.13832748396466174,2641,Farrer,1.0,1.0
2642,Eden-Monaro,54,214,13534,0.2523364485981308,0.003989951233929363,2642,Eden-Monaro,1.0,0.9999922
2642,Farrer,152,214,16526,0.7102803738317757,0.009197627980152487,2642,Farrer,1.0,1.0
2642,Riverina,8,214,15491,0.037383177570093455,0.0005164288941966304,2642,Riverina,1.0,0.9995331
2643,Farrer,194,194,16526,1.0,0.01173907781677357,2643,Farrer,1.0,1.0
2644,Farrer,160,160,16526,1.0,0.009681713663318407,2644,Farrer,1.0,1.0
2645,Farrer,19,19,16526,1.0,0.0011497034975190609,2645,Farrer,1.0,1.0
2646,Farrer,600,600,16526,1.0,0.036306426237444026,2646,Farrer,1.0,1.0
2647,Farrer,193,193,16526,1.0,0.01167856710637783,2647,Farrer,1.0,1.0
2648,Farrer,203,206,16526,0.9854368932038835,0.01228367421033523,2648,Farrer,1.0,1.0
2648,Parkes,3,206,16428,0.014563106796116505,0.00018261504747991235,2648,Parkes,1.0,0.9993544
2650,Riverina,7037,7048,15491,0.998439273552781,0.4542637660577109,2650,Riverina,1.0,0.9995331
2650,Farrer,11,7048,16526,0.0015607264472190692,0.0006656178143531406,2650,Farrer,1.0,1.0
2651,Riverina,264,264,15491,1.0,0.0170421535084888,2651,Riverina,1.0,0.9995331
2652,Farrer,73,239,16526,0.3054393305439331,0.004417281858889024,2652,Farrer,1.0,1.0
2652,Eden-Monaro,7,239,13534,0.029288702928870293,0.0005172159006945471,2652,Eden-Monaro,1.0,0.9999922
2652,Riverina,159,239,15491,0.6652719665271967,0.010264024272158027,2652,Riverina,1.0,0.9995331
2653,Eden-Monaro,218,218,13534,1.0,0.016107580907344467,2653,Eden-Monaro,1.0,0.9999922
2655,Riverina,62,62,15491,1.0,0.004002323930023885,2655,Riverina,1.0,0.9995331
2656,Riverina,92,92,15491,1.0,0.005938932283261249,2656,Riverina,1.0,0.9995331
2658,Riverina,8,90,15491,0.08888888888888889,0.0005164288941966304,2658,Riverina,1.0,0.9995331
2658,Farrer,82,90,16526,0.9111111111111111,0.004961878252450684,2658,Farrer,1.0,1.0
2659,Farrer,41,41,16526,1.0,0.002480939126225342,2659,Farrer,1.0,1.0
2660,Farrer,114,114,16526,1.0,0.006898220985114365,2660,Farrer,1.0,1.0
2661,Riverina,45,45,15491,1.0,0.0029049125298560453,2661,Riverina,1.0,0.9995331
2663,Riverina,404,404,15491,1.0,0.026079659156929832,2663,Riverina,1.0,0.9995331
2665,Farrer,30,108,16526,0.2777777777777778,0.0018153213118722014,2665,Farrer,1.0,1.0
2665,Riverina,78,108,15491,0.7222222222222222,0.005035181718417146,2665,Riverina,1.0,0.9995331
2666,Riverina,463,463,15491,1.0,0.02988832225162998,2666,Riverina,1.0,0.9995331
2668,Riverina,14,14,15491,1.0,0.0009037505648441031,2668,Riverina,1.0,0.9995331
2669,Farrer,8,69,16526,0.11594202898550725,0.00048408568316592036,2669,Farrer,1.0,1.0
2669,Parkes,11,69,16428,0.15942028985507245,0.0006695885074263452,2669,Parkes,1.0,0.9993544
2669,Riverina,50,69,15491,0.7246376811594203,0.0032276805887289394,2669,Riverina,1.0,0.9995331
2671,Riverina,343,346,15491,0.9913294797687862,0.022141888838680523,2671,Riverina,1.0,0.9995331
2671,Parkes,3,346,16428,0.008670520231213872,0.00018261504747991235,2671,Parkes,1.0,0.9993544
2672,Parkes,182,182,16428,1.0,0.01107864621378135,2672,Parkes,1.0,0.9993544
2675,Farrer,179,179,16526,1.0,0.010831417160837468,2675,Farrer,1.0,1.0
2680,Farrer,2548,2548,16526,1.0,0.15418129008834563,2680,Farrer,1.0,1.0
2681,Farrer,127,127,16526,1.0,0.0076848602202589855,2681,Farrer,1.0,1.0
2700,Farrer,480,480,16526,1.0,0.029045140989955223,2700,Farrer,1.0,1.0
2701,Riverina,134,134,15491,1.0,0.008650183977793557,2701,Riverina,1.0,0.9995331
2702,Riverina,34,34,15491,1.0,0.0021948228003356787,2702,Riverina,1.0,0.9995331
2703,Farrer,58,58,16526,1.0,0.003509621202952923,2703,Farrer,1.0,1.0
2705,Farrer,1001,1001,16526,1.0,0.06057122110613579,2705,Farrer,1.0,1.0
2706,Farrer,141,141,16526,1.0,0.008532010165799346,2706,Farrer,1.0,1.0
2707,Farrer,133,133,16526,1.0,0.008047924482633426,2707,Farrer,1.0,1.0
2710,Farrer,995,995,16526,1.0,0.060208156843761344,2710,Farrer,1.0,1.0
2711,Farrer,326,326,16526,1.0,0.019726491589011255,2711,Farrer,1.0,1.0
2712,Farrer,107,107,16526,1.0,0.006474646012344185,2712,Farrer,1.0,1.0
2713,Farrer,255,255,16526,1.0,0.015430231150913711,2713,Farrer,1.0,1.0
2714,Farrer,227,227,16526,1.0,0.01373593125983299,2714,Farrer,1.0,1.0
2715,Farrer,163,163,16526,1.0,0.009863245794505628,2715,Farrer,1.0,1.0
2716,Farrer,93,93,16526,1.0,0.005627496066803825,2716,Farrer,1.0,1.0
2717,Farrer,140,140,16526,1.0,0.008471499455403606,2717,Farrer,0.9823261,1.0
2720,Eden-Monaro,796,796,13534,1.0,0.05881483670755135,2720,Eden-Monaro,1.0,0.9999922
2721,Riverina,9,9,15491,1.0,0.0005809825059712091,2721,Riverina,1.0,0.9995331
2722,Eden-Monaro,14,246,13534,0.056910569105691054,0.0010344318013890941,2722,Eden-Monaro,1.0,0.9999922
2722,Riverina,232,246,15491,0.943089430894309,0.014976437931702278,2722,Riverina,1.0,0.9995331
2725,Riverina,12,12,15491,1.0,0.0007746433412949454,2725,Riverina,1.0,0.9995331
2726,Riverina,14,14,15491,1.0,0.0009037505648441031,2726,Riverina,1.0,0.9995331
2727,Riverina,14,14,15491,1.0,0.0009037505648441031,2727,Riverina,0.8295316,0.9995331
2729,Riverina,19,92,15491,0.20652173913043478,0.001226518623716997,2729,Riverina,0.9999997,0.9995331
2729,Eden-Monaro,73,92,13534,0.7934782608695652,0.005393822964385991,2729,Eden-Monaro,0.9999997,0.9999922
2730,Eden-Monaro,118,118,13534,1.0,0.008718782325993794,2730,Eden-Monaro,1.0,0.9999922
2731,Farrer,575,575,16526,1.0,0.034793658477550525,2731,Farrer,1.0,1.0
2732,Farrer,159,159,16526,1.0,0.009621202952922667,2732,Farrer,1.0,1.0
2733,Farrer,41,41,16526,1.0,0.002480939126225342,2733,Farrer,1.0,1.0
2734,Farrer,7,7,16526,1.0,0.00042357497277018035,2734,Farrer,1.0,1.0
2735,Farrer,22,22,16526,1.0,0.001331235628706281,2735,Farrer,1.0,1.0
2736,Farrer,23,23,16526,1.0,0.0013917463391020211,2736,Farrer,1.0,1.0
2737,Farrer,59,59,16526,1.0,0.0035701319133486626,2737,Farrer,1.0,1.0
2738,Farrer,94,94,16526,1.0,0.005688006777199564,2738,Farrer,1.0,1.0
2739,Farrer,124,124,16526,1.0,0.007503328089071766,2739,Farrer,1.0,1.0
2745,Hume,152,1809,9526,0.08402432283029299,0.015956330044089858,2745,Hume,1.0,0.9982563
2745,Lindsay,1657,1809,17470,0.9159756771697071,0.09484831139095593,2745,Lindsay,1.0,0.9983611
2747,Chifley,25,4723,18581,0.005293245818335804,0.001345460416554545,2747,Chifley,1.0,0.9990686
2747,Lindsay,4698,4723,17470,0.9947067541816642,0.26891814539210074,2747,Lindsay,1.0,0.9983611
2748,Lindsay,75,75,17470,1.0,0.004293073840870063,2748,Lindsay,1.0,0.9983611
2749,Lindsay,1350,1350,17470,1.0,0.07727532913566114,2749,Lindsay,1.0,0.9983611
2750,Lindsay,5451,5451,17470,1.0,0.31202060675443616,2750,Lindsay,1.0,0.9983611
2752,Hume,153,153,9526,1.0,0.016061305899643084,2752,Hume,1.0,0.9982563
2753,Lindsay,193,1513,17470,0.12756113681427628,0.011047510017172295,2753,Lindsay,1.0,0.9983611
2753,Macquarie,1320,1513,10153,0.8724388631857237,0.13001083423618634,2753,Macquarie,1.0,1.0
2754,Macquarie,525,525,10153,1.0,0.05170885452575594,2754,Macquarie,1.0,1.0
2756,Berowra,83,2814,6421,0.029495380241648897,0.01292633546176608,2756,Berowra,1.0,0.9974888
2756,Macquarie,2731,2814,10153,0.9705046197583511,0.2689845365901704,2756,Macquarie,1.0,1.0
2757,Macquarie,34,34,10153,1.0,0.0033487639121441938,2757,Macquarie,1.0,1.0
2758,Macquarie,197,197,10153,1.0,0.019403132079188416,2758,Macquarie,1.0,1.0
2759,McMahon,1393,1393,15828,1.0,0.08800859236795552,2759,McMahon,1.0,0.9993712
2760,Chifley,422,4390,18581,0.09612756264236902,0.02271137183144072,2760,Chifley,1.0,0.9990686
2760,Lindsay,3968,4390,17470,0.903872437357631,0.2271322266742988,2760,Lindsay,1.0,0.9983611
2761,Chifley,2020,2020,18581,1.0,0.10871320165760723,2761,Chifley,1.0,0.9990686
2762,Chifley,96,387,18581,0.24806201550387597,0.005166567999569453,2762,Chifley,0.9999998,0.9990686
2762,Greenway,291,387,14441,0.751937984496124,0.02015095907485631,2762,Greenway,0.9999998,1.0
2763,Chifley,847,2483,18581,0.3411196133709223,0.04558419891286798,2763,Chifley,1.0,0.9990686
2763,Greenway,1636,2483,14441,0.6588803866290778,0.1132885534242781,2763,Greenway,1.0,1.0
2765,Lindsay,78,1187,17470,0.06571187868576242,0.004464796794504866,2765,Lindsay,0.9919364,0.9983611
2765,Berowra,24,1187,6421,0.020219039595619208,0.003737735555209469,2765,Berowra,0.9919364,0.9974888
2765,Mitchell,95,1187,8690,0.08003369839932603,0.01093210586881473,2765,Mitchell,0.9919364,0.9978378
2765,Greenway,684,1187,14441,0.5762426284751474,0.04736514091821896,2765,Greenway,0.9919364,1.0
2765,Macquarie,156,1187,10153,0.13142375737152484,0.015364916773367477,2765,Macquarie,0.9919364,1.0
2765,Chifley,150,1187,18581,0.12636899747262004,0.00807276249932727,2765,Chifley,0.9919364,0.9990686
2766,Chifley,1245,1252,18581,0.994408945686901,0.06700392874441634,2766,Chifley,1.0,0.9990686
2766,McMahon,7,1252,15828,0.005591054313099041,0.0004422542330048016,2766,McMahon,1.0,0.9993712
2767,Chifley,2138,2138,18581,1.0,0.11506377482374469,2767,Chifley,1.0,0.9990686
2768,Greenway,1512,1512,14441,1.0,0.1047018904507998,2768,Greenway,1.0,1.0
2769,Greenway,649,649,14441,1.0,0.04494148604667267,2769,Greenway,1.0,1.0
2770,Chifley,8485,8774,18581,0.9670617734214725,0.45664926537861256,2770,Chifley,1.0,0.9990686
2770,McMahon,289,8774,15828,0.03293822657852747,0.018258781905483953,2770,McMahon,1.0,0.9993712
2773,Macquarie,264,264,10153,1.0,0.02600216684723727,2773,Macquarie,1.0,1.0
2774,Macquarie,664,664,10153,1.0,0.06539938934305131,2774,Macquarie,1.0,1.0
2775,Robertson,24,88,14247,0.2727272727272727,0.0016845651716150768,2775,Robertson,1.0,1.0
2775,Macquarie,28,88,10153,0.3181818181818182,0.0027578055747069833,2775,Macquarie,1.0,1.0
2775,Berowra,36,88,6421,0.4090909090909091,0.005606603332814203,2775,Berowra,1.0,0.9974888
2776,Macquarie,201,201,10153,1.0,0.019797104304146558,2776,Macquarie,1.0,1.0
2777,Macquarie,882,882,10153,1.0,0.08687087560326998,2777,Macquarie,1.0,1.0
2778,Macquarie,76,76,10153,1.0,0.0074854722742046685,2778,Macquarie,1.0,1.0
2779,Macquarie,266,266,10153,1.0,0.02619915295971634,2779,Macquarie,1.0,1.0
2780,Macquarie,1542,1542,10153,1.0,0.15187629272136313,2780,Macquarie,1.0,1.0
2782,Macquarie,449,449,10153,1.0,0.044223382251551265,2782,Macquarie,1.0,1.0
2783,Macquarie,205,205,10153,1.0,0.0201910765291047,2783,Macquarie,1.0,1.0
2784,Macquarie,70,70,10153,1.0,0.0068945139367674576,2784,Macquarie,1.0,1.0
2785,Macquarie,452,457,10153,0.9890590809628009,0.044518861420269874,2785,Macquarie,1.0,1.0
2785,Calare,5,457,15815,0.010940919037199124,0.0003161555485298767,2785,Calare,1.0,0.9999222
2786,Macquarie,91,91,10153,1.0,0.008962868117797696,2786,Macquarie,1.0,1.0
2787,Calare,364,364,15815,1.0,0.023016123932975023,2787,Calare,1.0,0.9999222
2790,Calare,1558,1558,15815,1.0,0.09851406892190957,2790,Calare,1.0,0.9999222
2791,Calare,18,18,15815,1.0,0.0011381599747075561,2791,Calare,1.0,0.9999222
2792,Calare,20,24,15815,0.8333333333333334,0.001264622194119507,2792,Calare,1.0,0.9999222
2792,Riverina,4,24,15491,0.16666666666666666,0.0002582144470983152,2792,Riverina,1.0,0.9995331
2793,Riverina,47,47,15491,1.0,0.003034019753405203,2793,Riverina,1.0,0.9995331
2794,Hume,3,1117,9526,0.0026857654431512983,0.0003149275666596683,2794,Hume,1.0,0.9982563
2794,Riverina,1114,1117,15491,0.9973142345568488,0.07191272351688077,2794,Riverina,1.0,0.9995331
2795,Calare,4389,4389,15815,1.0,0.27752134049952576,2795,Calare,1.0,0.9999222
2797,Calare,13,13,15815,1.0,0.0008220044261776794,2797,Calare,1.0,0.9999222
2798,Calare,102,102,15815,1.0,0.006449573190009485,2798,Calare,1.0,0.9999222
2799,Calare,384,384,15815,1.0,0.02428074612709453,2799,Calare,1.0,0.9999222
2800,Calare,5037,5037,15815,1.0,0.3184950995889978,2800,Calare,1.0,0.9999222
2803,Riverina,12,12,15491,1.0,0.0007746433412949454,2803,Riverina,1.0,0.9995331
2804,Calare,179,201,15815,0.8905472636815921,0.011318368637369586,2804,Calare,1.0,0.9999222
2804,Riverina,22,201,15491,0.10945273631840796,0.0014201794590407333,2804,Riverina,1.0,0.9995331
2805,Riverina,16,16,15491,1.0,0.0010328577883932607,2805,Riverina,1.0,0.9995331
2806,Riverina,7,48,15491,0.14583333333333334,0.00045187528242205153,2806,Riverina,1.0,0.9995331
2806,Calare,41,48,15815,0.8541666666666666,0.002592475497944989,2806,Calare,1.0,0.9999222
2807,Riverina,16,16,15491,1.0,0.0010328577883932607,2807,Riverina,1.0,0.9995331
2808,Riverina,7,7,15491,1.0,0.00045187528242205153,2808,Riverina,1.0,0.9995331
2809,Riverina,4,4,15491,1.0,0.0002582144470983152,2809,Riverina,1.0,0.9995331
2810,Riverina,227,227,15491,1.0,0.014653669872829385,2810,Riverina,1.0,0.9995331
2817,Parkes,8,8,16428,1.0,0.0004869734599464329,2817,Parkes,1.0,0.9993544
2818,Calare,28,28,15815,1.0,0.0017704710717673096,2818,Calare,1.0,0.9999222
2820,Calare,670,670,15815,1.0,0.04236484350300348,2820,Calare,1.0,0.9999222
2821,Parkes,438,438,16428,1.0,0.026661796932067203,2821,Parkes,1.0,0.9993544
2822,Parkes,9,9,16428,1.0,0.000547845142439737,2822,Parkes,0.841766,0.9993544
2823,Parkes,127,127,16428,1.0,0.007730703676649623,2823,Parkes,1.0,0.9993544
2824,Parkes,240,240,16428,1.0,0.014609203798392988,2824,Parkes,1.0,0.9993544
2825,Parkes,278,278,16428,1.0,0.016922327733138544,2825,Parkes,1.0,0.9993544
2826,Parkes,7,7,16428,1.0,0.0004261017774531288,2826,Parkes,1.0,0.9993544
2827,Parkes,364,364,16428,1.0,0.0221572924275627,2827,Parkes,1.0,0.9993544
2828,Parkes,76,76,16428,1.0,0.004626247869491113,2828,Parkes,1.0,0.9993544
2829,Parkes,299,299,16428,1.0,0.01820063306549793,2829,Parkes,0.987677,0.9993544
2830,Parkes,4545,4545,16428,1.0,0.2766617969320672,2830,Parkes,1.0,0.9993544
2831,Calare,8,77,15815,0.1038961038961039,0.0005058488776478027,2831,Calare,1.0,0.9999222
2831,Parkes,69,77,16428,0.8961038961038961,0.004200146092037984,2831,Parkes,1.0,0.9993544
2832,Parkes,345,345,16428,1.0,0.02100073046018992,2832,Parkes,1.0,0.9993544
2833,Parkes,91,91,16428,1.0,0.005539323106890675,2833,Parkes,1.0,0.9993544
2834,Parkes,321,321,16428,1.0,0.01953981008035062,2834,Parkes,1.0,0.9993544
2835,Parkes,571,571,16428,1.0,0.03475773070367665,2835,Parkes,1.0,0.9993544
2836,Parkes,128,128,16428,1.0,0.007791575359142927,2836,Parkes,1.0,0.9993544
2838,Parkes,57,57,16428,1.0,0.0034696859021183346,2838,Parkes,1.0,0.9993544
2839,Parkes,239,239,16428,1.0,0.014548332115899683,2839,Parkes,1.0,0.9993544
2840,Parkes,321,321,16428,1.0,0.01953981008035062,2840,Parkes,1.0,0.9993544
2842,Parkes,30,30,16428,1.0,0.0018261504747991235,2842,Parkes,1.0,0.9993544
2843,Parkes,111,111,16428,1.0,0.006756756756756757,2843,Parkes,1.0,0.9993544
2844,Parkes,110,110,16428,1.0,0.0066958850742634525,2844,Parkes,1.0,0.9993544
2845,Calare,166,166,15815,1.0,0.010496364211191907,2845,Calare,1.0,0.9999222
2846,Calare,10,10,15815,1.0,0.0006323110970597534,2846,Calare,1.0,0.9999222
2847,Calare,110,110,15815,1.0,0.006955422067657287,2847,Calare,1.0,0.9999222
2848,Calare,200,200,15815,1.0,0.012646221941195067,2848,Calare,1.0,0.9999222
2849,Calare,106,106,15815,1.0,0.006702497628833386,2849,Calare,1.0,0.9999222
2850,Calare,1737,1737,15815,1.0,0.10983243755927917,2850,Calare,1.0,0.9999222
2852,Calare,282,282,15815,1.0,0.017831172937085044,2852,Calare,1.0,0.9999222
2864,Calare,34,34,15815,1.0,0.0021498577300031615,2864,Calare,1.0,0.9999222
2865,Calare,50,50,15815,1.0,0.003161555485298767,2865,Calare,1.0,0.9999222
2866,Calare,227,227,15815,1.0,0.014353461903256402,2866,Calare,1.0,0.9999222
2867,Calare,32,32,15815,1.0,0.0020233955105912107,2867,Calare,1.0,0.9999222
2868,Calare,45,45,15815,1.0,0.00284539993676889,2868,Calare,1.0,0.9999222
2869,Riverina,109,123,15491,0.8861788617886179,0.007036343683429088,2869,Riverina,1.0,0.9995331
2869,Parkes,14,123,16428,0.11382113821138211,0.0008522035549062576,2869,Parkes,1.0,0.9993544
2870,Riverina,1292,1292,15491,1.0,0.08340326641275579,2870,Riverina,1.0,0.9995331
2871,Parkes,3,890,16428,0.0033707865168539327,0.00018261504747991235,2871,Parkes,0.9851976,0.9993544
2871,Riverina,887,890,15491,0.996629213483146,0.057259053644051386,2871,Riverina,0.9851976,0.9995331
2873,Parkes,40,40,16428,1.0,0.0024348672997321647,2873,Parkes,1.0,0.9993544
2874,Riverina,18,18,15491,1.0,0.0011619650119424182,2874,Riverina,1.0,0.9995331
2875,Riverina,61,64,15491,0.953125,0.003937770318249306,2875,Riverina,1.0,0.9995331
2875,Parkes,3,64,16428,0.046875,0.00018261504747991235,2875,Parkes,1.0,0.9993544
2876,Riverina,10,10,15491,1.0,0.0006455361177457879,2876,Riverina,1.0,0.9995331
2877,Parkes,392,392,16428,1.0,0.023861699537375214,2877,Parkes,1.0,0.9993544
2878,Parkes,22,22,16428,1.0,0.0013391770148526905,2878,Parkes,1.0,0.9993544
2879,Parkes,78,78,16428,1.0,0.004747991234477721,2879,Parkes,1.0,0.9993544
2880,Parkes,1692,1692,16428,1.0,0.10299488677867057,2880,Parkes,1.0,0.9993544
2898,Sydney,38,38,51097,1.0,0.0007436835822063918,2898,Sydney,1.0,0.9999232
