Postcode,Remoteness Area,Rented Households,Postcode Totals,Remoteness Area Totals,Postcode Fraction,Remoteness Area Fraction
2000,Major Cities of Australia ,6118,6118,634050,1.0,0.009649081302736378
2007,Major Cities of Australia ,2045,2045,634050,1.0,0.0032252976894566673
2008,Major Cities of Australia ,3310,3310,634050,1.0,0.005220408485135242
2009,Major Cities of Australia ,3275,3275,634050,1.0,0.005165207791183661
2010,Major Cities of Australia ,7710,7710,634050,1.0,0.012159924296191152
2011,Major Cities of Australia ,6347,6347,634050,1.0,0.010010251557448151
2015,Major Cities of Australia ,2173,2173,634050,1.0,0.0034271745130510212
2016,Major Cities of Australia ,3584,3584,634050,1.0,0.005652551060641905
2017,Major Cities of Australia ,7217,7217,634050,1.0,0.011382383092816023
2018,Major Cities of Australia ,2863,2863,634050,1.0,0.004515416765239334
2019,Major Cities of Australia ,1211,1211,634050,1.0,0.0019099440107247063
2020,Major Cities of Australia ,2479,2479,634050,1.0,0.003909786294456273
2021,Major Cities of Australia ,2997,2997,634050,1.0,0.0047267565649396735
2022,Major Cities of Australia ,2101,2101,634050,1.0,0.0033136187997791972
2023,Major Cities of Australia ,1264,1264,634050,1.0,0.0019935336329942434
2024,Major Cities of Australia ,1615,1615,634050,1.0,0.002547117735194385
2025,Major Cities of Australia ,1048,1048,634050,1.0,0.0016528664931787715
2026,Major Cities of Australia ,6792,6792,634050,1.0,0.010712088951975396
2027,Major Cities of Australia ,1357,1357,634050,1.0,0.002140209762637016
2028,Major Cities of Australia ,802,802,634050,1.0,0.0012648844728333727
2029,Major Cities of Australia ,1633,1633,634050,1.0,0.0025755066635123414
2030,Major Cities of Australia ,1090,1090,634050,1.0,0.0017191073259206688
2031,Major Cities of Australia ,6455,6455,634050,1.0,0.010180585127355887
2032,Major Cities of Australia ,3300,3300,634050,1.0,0.005204636858291933
2033,Major Cities of Australia ,2252,2252,634050,1.0,0.0035517703651131616
2034,Major Cities of Australia ,4274,4274,634050,1.0,0.0067407933128302185
2035,Major Cities of Australia ,5008,5008,634050,1.0,0.007898430723129091
2036,Major Cities of Australia ,3656,3656,634050,1.0,0.005766106773913729
2037,Major Cities of Australia ,4002,4002,634050,1.0,0.006311805062692217
2038,Major Cities of Australia ,1541,1541,634050,1.0,0.0024304076965538995
2039,Major Cities of Australia ,1352,1352,634050,1.0,0.0021323239492153615
2040,Major Cities of Australia ,3201,3201,634050,1.0,0.005048497752543175
2041,Major Cities of Australia ,2444,2444,634050,1.0,0.003854585600504692
2042,Major Cities of Australia ,4359,4359,634050,1.0,0.006874852140998344
2043,Major Cities of Australia ,1714,1714,634050,1.0,0.0027032568409431435
2044,Major Cities of Australia ,919,919,634050,1.0,0.0014494125069000868
2045,Major Cities of Australia ,385,385,634050,1.0,0.0006072076334673922
2046,Major Cities of Australia ,3305,3305,634050,1.0,0.005212522671713587
2047,Major Cities of Australia ,1680,1680,634050,1.0,0.002649633309675893
2048,Major Cities of Australia ,1364,1364,634050,1.0,0.002151249901427332
2049,Major Cities of Australia ,2080,2080,634050,1.0,0.0032804983834082485
2050,Major Cities of Australia ,2930,2930,634050,1.0,0.004621086665089504
2052,Major Cities of Australia ,420,420,634050,1.0,0.0006624083274189733
2060,Major Cities of Australia ,3402,3402,634050,1.0,0.005365507452093683
2061,Major Cities of Australia ,1741,1741,634050,1.0,0.0027458402334200774
2062,Major Cities of Australia ,1283,1283,634050,1.0,0.00202349972399653
2063,Major Cities of Australia ,373,373,634050,1.0,0.0005882816812554215
2064,Major Cities of Australia ,1769,1769,634050,1.0,0.002790000788581342
2065,Major Cities of Australia ,5959,5959,634050,1.0,0.009398312435927767
2066,Major Cities of Australia ,3956,3956,634050,1.0,0.006239255579212996
2067,Major Cities of Australia ,4249,4249,634050,1.0,0.006701364245721946
2068,Major Cities of Australia ,1273,1273,634050,1.0,0.0020077280971532215
2069,Major Cities of Australia ,805,805,634050,1.0,0.0012696159608863655
2070,Major Cities of Australia ,948,948,634050,1.0,0.0014951502247456826
2071,Major Cities of Australia ,897,897,634050,1.0,0.0014147149278448071
2072,Major Cities of Australia ,737,737,634050,1.0,0.001162368898351865
2073,Major Cities of Australia ,753,753,634050,1.0,0.0011876035013011592
2074,Major Cities of Australia ,1059,1059,634050,1.0,0.001670215282706411
2075,Major Cities of Australia ,924,924,634050,1.0,0.0014572983203217412
2076,Major Cities of Australia ,1243,1243,634050,1.0,0.0019604132166232946
2077,Major Cities of Australia ,4982,4982,634050,1.0,0.007857424493336488
2079,Major Cities of Australia ,288,288,634050,1.0,0.00045422285308729596
2080,Major Cities of Australia ,71,71,634050,1.0,0.0001119785505874931
2081,Major Cities of Australia ,179,190,634050,0.9421052631578948,0.0002823121204952291
2081,Inner Regional Australia ,11,190,138660,0.05789473684210526,7.93307370546661e-05
2082,Major Cities of Australia ,191,194,634050,0.9845360824742269,0.00030123807270719975
2082,Inner Regional Australia ,3,194,138660,0.015463917525773196,2.163565556036348e-05
2083,Inner Regional Australia ,110,110,138660,1.0,0.0007933073705466609
2084,Major Cities of Australia ,143,143,634050,1.0,0.0002255342638593171
2085,Major Cities of Australia ,293,293,634050,1.0,0.0004621086665089504
2086,Major Cities of Australia ,518,518,634050,1.0,0.0008169702704834004
2087,Major Cities of Australia ,655,655,634050,1.0,0.0010330415582367322
2088,Major Cities of Australia ,3724,3724,634050,1.0,0.00587335383644823
2089,Major Cities of Australia ,2740,2740,634050,1.0,0.004321425755066635
2090,Major Cities of Australia ,2626,2626,634050,1.0,0.004141629209052914
2092,Major Cities of Australia ,358,358,634050,1.0,0.0005646242409904582
2093,Major Cities of Australia ,2094,2094,634050,1.0,0.003302578660988881
2094,Major Cities of Australia ,763,763,634050,1.0,0.0012033751281444681
2095,Major Cities of Australia ,3313,3313,634050,1.0,0.005225139973188234
2096,Major Cities of Australia ,2021,2021,634050,1.0,0.003187445785032726
2097,Major Cities of Australia ,1079,1079,634050,1.0,0.001701758536393029
2099,Major Cities of Australia ,5135,5135,634050,1.0,0.008098730384039113
2100,Major Cities of Australia ,1362,1362,634050,1.0,0.0021480955760586704
2101,Major Cities of Australia ,1818,1818,634050,1.0,0.0028672817601135556
2102,Major Cities of Australia ,428,428,634050,1.0,0.0006750256288936203
2103,Major Cities of Australia ,808,808,634050,1.0,0.001274347448939358
2104,Major Cities of Australia ,94,94,634050,1.0,0.00014825329232710354
2105,Inner Regional Australia ,9,64,138660,0.140625,6.490696668109043e-05
2105,Major Cities of Australia ,55,64,634050,0.859375,8.674394763819887e-05
2106,Major Cities of Australia ,712,712,634050,1.0,0.0011229398312435927
2107,Major Cities of Australia ,667,667,634050,1.0,0.0010519675104487028
2108,Major Cities of Australia ,114,114,634050,1.0,0.00017979654601372132
2109,Major Cities of Australia ,586,586,634050,1.0,0.0009242173330179008
2110,Major Cities of Australia ,670,670,634050,1.0,0.0010566989985016954
2111,Major Cities of Australia ,1808,1808,634050,1.0,0.0028515101332702466
2112,Major Cities of Australia ,4243,4243,634050,1.0,0.006691901269615961
2113,Major Cities of Australia ,2381,2381,634050,1.0,0.003755224351391846
2114,Major Cities of Australia ,3668,3668,634050,1.0,0.0057850327261257
2115,Major Cities of Australia ,1370,1370,634050,1.0,0.0021607128775333177
2116,Major Cities of Australia ,843,843,634050,1.0,0.0013295481428909392
2117,Major Cities of Australia ,2540,2540,634050,1.0,0.004005993218200457
2118,Major Cities of Australia ,2046,2046,634050,1.0,0.003226874852140998
2119,Major Cities of Australia ,404,404,634050,1.0,0.000637173724469679
2120,Major Cities of Australia ,1090,1090,634050,1.0,0.0017191073259206688
2121,Major Cities of Australia ,2752,2752,634050,1.0,0.004340351707278606
2122,Major Cities of Australia ,3847,3847,634050,1.0,0.006067344846620929
2125,Major Cities of Australia ,547,547,634050,1.0,0.0008627079883289961
2126,Major Cities of Australia ,799,799,634050,1.0,0.0012601529847803801
2127,Major Cities of Australia ,2864,2864,634050,1.0,0.004516993927923665
2128,Major Cities of Australia ,348,348,634050,1.0,0.0005488526141471493
2130,Major Cities of Australia ,1476,1476,634050,1.0,0.002327892122072392
2131,Major Cities of Australia ,4341,4341,634050,1.0,0.006846463212680388
2132,Major Cities of Australia ,982,982,634050,1.0,0.0015487737560129326
2133,Major Cities of Australia ,1218,1218,634050,1.0,0.0019209841495150225
2134,Major Cities of Australia ,2816,2816,634050,1.0,0.004441290119075783
2135,Major Cities of Australia ,3147,3147,634050,1.0,0.004963330967589307
2136,Major Cities of Australia ,732,732,634050,1.0,0.0011544830849302106
2137,Major Cities of Australia ,2747,2747,634050,1.0,0.004332465893856952
2138,Major Cities of Australia ,3490,3490,634050,1.0,0.0055042977683148015
2139,Major Cities of Australia ,4,4,634050,1.0,6.308650737323555e-06
2140,Major Cities of Australia ,2834,2834,634050,1.0,0.004469679047393739
2141,Major Cities of Australia ,3305,3305,634050,1.0,0.005212522671713587
2142,Major Cities of Australia ,4196,4196,634050,1.0,0.006617774623452409
2143,Major Cities of Australia ,999,999,634050,1.0,0.0015755855216465578
2144,Major Cities of Australia ,4564,4564,634050,1.0,0.007198170491286176
2145,Major Cities of Australia ,9363,9363,634050,1.0,0.014766974213390112
2146,Major Cities of Australia ,1535,1535,634050,1.0,0.0024209447204479144
2147,Major Cities of Australia ,3391,3391,634050,1.0,0.005348158662566043
2148,Major Cities of Australia ,7258,7258,634050,1.0,0.01144704676287359
2150,Major Cities of Australia ,7475,7475,634050,1.0,0.011789291065373393
2151,Major Cities of Australia ,2866,2866,634050,1.0,0.004520148253292327
2152,Major Cities of Australia ,1385,1385,634050,1.0,0.002184370317798281
2153,Major Cities of Australia ,3104,3104,634050,1.0,0.004895512972163079
2154,Major Cities of Australia ,2453,2453,634050,1.0,0.00386878006466367
2155,Major Cities of Australia ,2815,2815,634050,1.0,0.0044397129563914514
2156,Major Cities of Australia ,278,289,634050,0.9619377162629758,0.00043845122624398705
2156,Inner Regional Australia ,11,289,138660,0.03806228373702422,7.93307370546661e-05
2157,Inner Regional Australia ,152,152,138660,1.0,0.0010962065483917495
2158,Major Cities of Australia ,336,342,634050,0.9824561403508771,0.0005299266619351787
2158,Inner Regional Australia ,6,342,138660,0.017543859649122806,4.327131112072696e-05
2159,Major Cities of Australia ,127,192,634050,0.6614583333333334,0.00020029966091002286
2159,Inner Regional Australia ,65,192,138660,0.3385416666666667,0.0004687725371412087
2160,Major Cities of Australia ,4822,4822,634050,1.0,0.0076050784638435455
2161,Major Cities of Australia ,3610,3610,634050,1.0,0.005693557290434508
2162,Major Cities of Australia ,1960,1960,634050,1.0,0.003091238861288542
2163,Major Cities of Australia ,1615,1615,634050,1.0,0.002547117735194385
2164,Major Cities of Australia ,1825,1825,634050,1.0,0.002878321898903872
2165,Major Cities of Australia ,5547,5547,634050,1.0,0.00874852140998344
2166,Major Cities of Australia ,5966,5966,634050,1.0,0.009409352574718081
2167,Major Cities of Australia ,876,876,634050,1.0,0.0013815945114738586
2168,Major Cities of Australia ,4450,4450,634050,1.0,0.0070183739452724546
2170,Major Cities of Australia ,11163,11163,634050,1.0,0.01760586704518571
2171,Major Cities of Australia ,1601,1601,634050,1.0,0.002525037457613753
2172,Major Cities of Australia ,123,123,634050,1.0,0.00019399101017269932
2173,Major Cities of Australia ,1219,1219,634050,1.0,0.0019225613121993533
2174,Major Cities of Australia ,140,140,634050,1.0,0.00022080277580632443
2175,Major Cities of Australia ,80,80,634050,1.0,0.0001261730147464711
2176,Major Cities of Australia ,2803,2803,634050,1.0,0.004420787004179481
2177,Major Cities of Australia ,1354,1354,634050,1.0,0.002135478274584023
2178,Major Cities of Australia ,197,197,634050,1.0,0.0003107010488131851
2179,Major Cities of Australia ,535,535,634050,1.0,0.0008437820361170254
2190,Major Cities of Australia ,2240,2240,634050,1.0,0.003532844412901191
2191,Major Cities of Australia ,590,590,634050,1.0,0.0009305259837552244
2192,Major Cities of Australia ,1823,1823,634050,1.0,0.0028751675735352103
2193,Major Cities of Australia ,1613,1613,634050,1.0,0.0025439634098257235
2194,Major Cities of Australia ,4159,4159,634050,1.0,0.0065594196041321665
2195,Major Cities of Australia ,4442,4442,634050,1.0,0.007005756643797808
2196,Major Cities of Australia ,3047,3047,634050,1.0,0.004805614699156218
2197,Major Cities of Australia ,837,837,634050,1.0,0.0013200851667849538
2198,Major Cities of Australia ,428,428,634050,1.0,0.0006750256288936203
2199,Major Cities of Australia ,1783,1783,634050,1.0,0.0028120810661619745
2200,Major Cities of Australia ,5337,5337,634050,1.0,0.008417317246273953
2203,Major Cities of Australia ,2403,2403,634050,1.0,0.0037899219304471255
2204,Major Cities of Australia ,4361,4361,634050,1.0,0.006878006466367006
2205,Major Cities of Australia ,3197,3197,634050,1.0,0.005042189101805851
2206,Major Cities of Australia ,1234,1234,634050,1.0,0.0019462187524643168
2207,Major Cities of Australia ,2178,2178,634050,1.0,0.0034350603264726755
2208,Major Cities of Australia ,1003,1003,634050,1.0,0.0015818941723838814
2209,Major Cities of Australia ,1665,1665,634050,1.0,0.0026259758694109295
2210,Major Cities of Australia ,3291,3291,634050,1.0,0.0051904423941329545
2211,Major Cities of Australia ,1469,1469,634050,1.0,0.0023168519832820755
2212,Major Cities of Australia ,1623,1623,634050,1.0,0.0025597350366690324
2213,Major Cities of Australia ,1739,1739,634050,1.0,0.0027426859080514157
2214,Major Cities of Australia ,117,117,634050,1.0,0.000184528034066714
2216,Major Cities of Australia ,4082,4082,634050,1.0,0.006437978077438688
2217,Major Cities of Australia ,3681,3681,634050,1.0,0.005805535841022002
2218,Major Cities of Australia ,2233,2233,634050,1.0,0.0035218042741108745
2219,Major Cities of Australia ,1410,1410,634050,1.0,0.002223799384906553
2220,Major Cities of Australia ,4311,4311,634050,1.0,0.006799148332150461
2221,Major Cities of Australia ,890,890,634050,1.0,0.001403674789054491
2222,Major Cities of Australia ,1567,1567,634050,1.0,0.0024714139263465025
2223,Major Cities of Australia ,1996,1996,634050,1.0,0.003148016717924454
2224,Major Cities of Australia ,895,895,634050,1.0,0.0014115606024761454
2225,Major Cities of Australia ,121,121,634050,1.0,0.00019083668480403753
2226,Major Cities of Australia ,733,733,634050,1.0,0.0011560602476145415
2227,Major Cities of Australia ,1075,1075,634050,1.0,0.0016954498856557054
2228,Major Cities of Australia ,1890,1890,634050,1.0,0.0029808374733853796
2229,Major Cities of Australia ,2286,2286,634050,1.0,0.0036053938963804114
2230,Inner Regional Australia ,156,3705,138660,0.042105263157894736,0.0011250540891389008
2230,Major Cities of Australia ,3549,3705,634050,0.9578947368421052,0.005597350366690324
2231,Major Cities of Australia ,100,100,634050,1.0,0.00015771626843308887
2232,Major Cities of Australia ,2987,2987,634050,1.0,0.004710984938096365
2233,Major Cities of Australia ,1030,1056,634050,0.9753787878787878,0.0016244775648608155
2233,Inner Regional Australia ,26,1056,138660,0.02462121212121212,0.00018750901485648349
2234,Major Cities of Australia ,955,955,634050,1.0,0.0015061903635359987
2250,Major Cities of Australia ,6674,6907,634050,0.9662661068481251,0.010525983755224351
2250,Inner Regional Australia ,233,6907,138660,0.03373389315187491,0.0016803692485215635
2251,Major Cities of Australia ,1966,1966,634050,1.0,0.0031007018373945274
2256,Inner Regional Australia ,4,1995,138660,0.0020050125313283208,2.8847540747151304e-05
2256,Major Cities of Australia ,1991,1995,634050,0.9979949874686717,0.0031401309045027996
2257,Major Cities of Australia ,3287,3287,634050,1.0,0.005184133743395631
2258,Inner Regional Australia ,16,363,138660,0.0440771349862259,0.00011539016298860522
2258,Major Cities of Australia ,347,363,634050,0.9559228650137741,0.0005472754514628184
2259,Major Cities of Australia ,5039,5115,634050,0.9851417399804496,0.007947322766343348
2259,Inner Regional Australia ,76,5115,138660,0.014858260019550342,0.0005481032741958748
2260,Major Cities of Australia ,1733,1733,634050,1.0,0.00273322293194543
2261,Major Cities of Australia ,5722,5722,634050,1.0,0.009024524879741345
2262,Major Cities of Australia ,1964,1964,634050,1.0,0.0030975475120258653
2263,Major Cities of Australia ,2997,2997,634050,1.0,0.0047267565649396735
2264,Inner Regional Australia ,32,1230,138660,0.026016260162601626,0.00023078032597721043
2264,Major Cities of Australia ,1198,1230,634050,0.9739837398373984,0.0018894408958284048
2265,Inner Regional Australia ,22,430,138660,0.05116279069767442,0.0001586614741093322
2265,Major Cities of Australia ,408,430,634050,0.9488372093023256,0.0006434823752070026
2267,Major Cities of Australia ,247,247,634050,1.0,0.0003895591830297295
2278,Major Cities of Australia ,109,109,634050,1.0,0.00017191073259206687
2280,Major Cities of Australia ,2217,2217,634050,1.0,0.0034965696711615805
2281,Inner Regional Australia ,95,1203,138660,0.07896924355777224,0.0006851290927448435
2281,Major Cities of Australia ,1108,1203,634050,0.9210307564422278,0.0017474962542386248
2282,Major Cities of Australia ,922,922,634050,1.0,0.0014541439949530793
2283,Major Cities of Australia ,2036,2036,634050,1.0,0.0032111032252976897
2284,Major Cities of Australia ,1057,1057,634050,1.0,0.0016670609573377494
2285,Major Cities of Australia ,2417,2417,634050,1.0,0.003812002208027758
2286,Major Cities of Australia ,214,214,634050,1.0,0.00033751281444681017
2287,Major Cities of Australia ,3573,3573,634050,1.0,0.005635202271114265
2289,Major Cities of Australia ,1615,1615,634050,1.0,0.002547117735194385
2290,Major Cities of Australia ,2871,2871,634050,1.0,0.004528034066713982
2291,Major Cities of Australia ,1658,1658,634050,1.0,0.0026149357306206136
2292,Major Cities of Australia ,404,404,634050,1.0,0.000637173724469679
2293,Major Cities of Australia ,465,465,634050,1.0,0.0007333806482138633
2294,Major Cities of Australia ,364,364,634050,1.0,0.0005740872170964435
2295,Major Cities of Australia ,634,634,634050,1.0,0.0009999211418657834
2296,Major Cities of Australia ,388,388,634050,1.0,0.0006119391215203848
2297,Major Cities of Australia ,217,217,634050,1.0,0.00034224430249980283
2298,Major Cities of Australia ,1505,1505,634050,1.0,0.0023736298399179875
2299,Major Cities of Australia ,1864,1864,634050,1.0,0.0029398312435927765
2300,Major Cities of Australia ,2532,2532,634050,1.0,0.00399337591672581
2302,Major Cities of Australia ,162,162,634050,1.0,0.000255500354861604
2303,Major Cities of Australia ,1550,1550,634050,1.0,0.0024446021607128776
2304,Major Cities of Australia ,2387,2387,634050,1.0,0.0037646873274978314
2305,Major Cities of Australia ,1266,1266,634050,1.0,0.001996687958362905
2306,Major Cities of Australia ,1030,1030,634050,1.0,0.0016244775648608155
2307,Major Cities of Australia ,535,535,634050,1.0,0.0008437820361170254
2311,Outer Regional Australia ,9,47,37803,0.19148936170212766,0.00023807634314736926
2311,Inner Regional Australia ,38,47,138660,0.8085106382978723,0.0002740516370979374
2312,Inner Regional Australia ,90,90,138660,1.0,0.0006490696668109044
2315,Inner Regional Australia ,1676,1676,138660,1.0,0.012087119573056398
2316,Inner Regional Australia ,426,426,138660,1.0,0.003072263089571614
2317,Inner Regional Australia ,680,680,138660,1.0,0.004904081927015722
2318,Major Cities of Australia ,28,805,634050,0.034782608695652174,4.4160555161264884e-05
2318,Inner Regional Australia ,777,805,138660,0.9652173913043478,0.005603634790134141
2319,Inner Regional Australia ,672,672,138660,1.0,0.00484638684552142
2320,Major Cities of Australia ,3309,3424,634050,0.9664135514018691,0.005218831322450911
2320,Inner Regional Australia ,115,3424,138660,0.03358644859813084,0.0008293667964806
2321,Inner Regional Australia ,151,1151,138660,0.13119026933101652,0.0010889946632049617
2321,Major Cities of Australia ,1000,1151,634050,0.8688097306689835,0.0015771626843308888
2322,Major Cities of Australia ,1580,1580,634050,1.0,0.002491917041242804
2323,Major Cities of Australia ,2929,2985,634050,0.9812395309882747,0.004619509502405173
2323,Inner Regional Australia ,56,2985,138660,0.018760469011725293,0.00040386557046011827
2324,Major Cities of Australia ,1875,2583,634050,0.7259001161440186,0.0029571800331204164
2324,Inner Regional Australia ,708,2583,138660,0.27409988385598144,0.005106014712245781
2325,Inner Regional Australia ,2820,2829,138660,0.9968186638388123,0.02033751622674167
2325,Major Cities of Australia ,9,2829,634050,0.003181336161187699,1.4194464158977999e-05
2326,Major Cities of Australia ,525,554,634050,0.9476534296028881,0.0008280104092737166
2326,Inner Regional Australia ,29,554,138660,0.052346570397111915,0.00020914467041684696
2327,Major Cities of Australia ,917,917,634050,1.0,0.001446258181531425
2328,Outer Regional Australia ,19,206,37803,0.09223300970873786,0.0005026056133111129
2328,Inner Regional Australia ,187,206,138660,0.9077669902912622,0.0013486225299293236
2329,Outer Regional Australia ,186,186,37803,1.0,0.004920244425045631
2330,Outer Regional Australia ,4,2078,37803,0.0019249278152069298,0.00010581170806549745
2330,Inner Regional Australia ,2074,2078,138660,0.9980750721847931,0.014957449877397952
2333,Inner Regional Australia ,1952,1976,138660,0.9878542510121457,0.014077599884609836
2333,Outer Regional Australia ,24,1976,37803,0.012145748987854251,0.0006348702483929847
2334,Inner Regional Australia ,223,223,138660,1.0,0.0016082503966536852
2335,Inner Regional Australia ,453,453,138660,1.0,0.0032669839896148855
2336,Inner Regional Australia ,214,242,138660,0.8842975206611571,0.0015433434299725948
2336,Outer Regional Australia ,28,242,37803,0.11570247933884298,0.0007406819564584822
2337,Outer Regional Australia ,88,773,37803,0.11384217335058215,0.002327857577440944
2337,Inner Regional Australia ,685,773,138660,0.8861578266494179,0.004940141352949661
2338,Outer Regional Australia ,124,124,37803,1.0,0.0032801629500304207
2339,Outer Regional Australia ,39,39,37803,1.0,0.0010316641536386002
2340,Outer Regional Australia ,196,5741,37803,0.03414039365964118,0.005184773695209375
2340,Inner Regional Australia ,5545,5741,138660,0.9658596063403588,0.039989903360738495
2341,Outer Regional Australia ,17,176,37803,0.09659090909090909,0.00044969975927836416
2341,Inner Regional Australia ,159,176,138660,0.9034090909090909,0.0011466897446992645
2342,Outer Regional Australia ,30,30,37803,1.0,0.0007935878104912309
2343,Outer Regional Australia ,513,513,37803,1.0,0.013570351559400048
2344,Outer Regional Australia ,11,33,37803,0.3333333333333333,0.000290982197180118
2344,Inner Regional Australia ,22,33,138660,0.6666666666666666,0.0001586614741093322
2345,Outer Regional Australia ,30,30,37803,1.0,0.0007935878104912309
2346,Outer Regional Australia ,294,294,37803,1.0,0.007777160542814063
2347,Outer Regional Australia ,173,173,37803,1.0,0.004576356373832764
2350,Outer Regional Australia ,150,3251,37803,0.046139649338665024,0.003967939052456154
2350,Inner Regional Australia ,3101,3251,138660,0.953860350661335,0.022364055964229048
2352,Inner Regional Australia ,195,203,138660,0.9605911330049262,0.0014063176114236262
2352,Outer Regional Australia ,8,203,37803,0.03940886699507389,0.0002116234161309949
2353,Inner Regional Australia ,8,54,138660,0.14814814814814814,5.769508149430261e-05
2353,Outer Regional Australia ,46,54,37803,0.8518518518518519,0.0012168346427532206
2354,Outer Regional Australia ,255,255,37803,1.0,0.006745496389175462
2355,Outer Regional Australia ,33,33,37803,1.0,0.0008729465915403539
2356,Remote Australia ,10,10,3103,1.0,0.003222687721559781
2357,Outer Regional Australia ,395,395,37803,1.0,0.010448906171467874
2358,Outer Regional Australia ,79,330,37803,0.23939393939393938,0.0020897812342935747
2358,Inner Regional Australia ,251,330,138660,0.7606060606060606,0.0018101831818837443
2359,Outer Regional Australia ,53,53,37803,1.0,0.001402005131867841
2360,Outer Regional Australia ,1638,1638,37803,1.0,0.043329894452821205
2361,Outer Regional Australia ,52,52,37803,1.0,0.0013755522048514669
2365,Outer Regional Australia ,317,317,37803,1.0,0.008385577864190672
2369,Outer Regional Australia ,58,58,37803,1.0,0.001534269766949713
2370,Outer Regional Australia ,783,783,37803,1.0,0.020712641853821125
2371,Outer Regional Australia ,64,64,37803,1.0,0.0016929873290479592
2372,Outer Regional Australia ,435,435,37803,1.0,0.011507023252122847
2379,Outer Regional Australia ,17,17,37803,1.0,0.00044969975927836416
2380,Outer Regional Australia ,1226,1226,37803,1.0,0.03243128852207497
2381,Outer Regional Australia ,87,87,37803,1.0,0.0023014046504245696
2382,Outer Regional Australia ,146,146,37803,1.0,0.003862127344390657
2386,Remote Australia ,26,26,3103,1.0,0.00837898807605543
2387,Remote Australia ,16,16,3103,1.0,0.00515630035449565
2388,Outer Regional Australia ,242,283,37803,0.8551236749116607,0.006401608337962596
2388,Remote Australia ,41,283,3103,0.14487632508833923,0.013213019658395102
2390,Outer Regional Australia ,912,912,37803,1.0,0.024125069438933416
2395,Outer Regional Australia ,50,50,37803,1.0,0.001322646350818718
2396,Remote Australia ,78,82,3103,0.9512195121951219,0.02513696422816629
2396,Outer Regional Australia ,4,82,37803,0.04878048780487805,0.00010581170806549745
2397,Outer Regional Australia ,33,33,37803,1.0,0.0008729465915403539
2398,Outer Regional Australia ,16,16,37803,1.0,0.0004232468322619898
2399,Outer Regional Australia ,29,29,37803,1.0,0.0007671348834748565
2400,Outer Regional Australia ,1339,1356,37803,0.9874631268436578,0.03542046927492527
2400,Remote Australia ,17,1356,3103,0.012536873156342183,0.0054785691266516275
2401,Outer Regional Australia ,12,12,37803,1.0,0.00031743512419649236
2402,Outer Regional Australia ,150,150,37803,1.0,0.003967939052456154
2403,Outer Regional Australia ,33,33,37803,1.0,0.0008729465915403539
2404,Outer Regional Australia ,140,140,37803,1.0,0.0037034097822924105
2405,Remote Australia ,21,21,3103,1.0,0.00676764421527554
2406,Remote Australia ,93,93,3103,1.0,0.02997099581050596
2408,Outer Regional Australia ,26,26,37803,1.0,0.0006877761024257334
2409,Outer Regional Australia ,157,157,37803,1.0,0.004153109541570775
2410,Outer Regional Australia ,17,17,37803,1.0,0.00044969975927836416
2411,Outer Regional Australia ,7,7,37803,1.0,0.00018517048911462054
2415,Inner Regional Australia ,33,33,138660,1.0,0.00023799221116399828
2420,Outer Regional Australia ,14,312,37803,0.04487179487179487,0.0003703409782292411
2420,Inner Regional Australia ,298,312,138660,0.9551282051282052,0.002149141785662772
2421,Inner Regional Australia ,62,62,138660,1.0,0.0004471368815808452
2422,Outer Regional Australia ,83,481,37803,0.17255717255717257,0.002195592942359072
2422,Inner Regional Australia ,398,481,138660,0.8274428274428275,0.002870330304341555
2423,Inner Regional Australia ,215,215,138660,1.0,0.0015505553151593827
2424,Outer Regional Australia ,6,24,37803,0.25,0.00015871756209824618
2424,Inner Regional Australia ,18,24,138660,0.75,0.00012981393336218086
2425,Inner Regional Australia ,88,88,138660,1.0,0.0006346458964373288
2426,Inner Regional Australia ,48,48,138660,1.0,0.0003461704889658157
2427,Inner Regional Australia ,299,299,138660,1.0,0.00215635367084956
2428,Inner Regional Australia ,2731,2731,138660,1.0,0.019695658445117555
2429,Outer Regional Australia ,64,672,37803,0.09523809523809523,0.0016929873290479592
2429,Inner Regional Australia ,608,672,138660,0.9047619047619048,0.004384826193566998
2430,Inner Regional Australia ,3710,3710,138660,1.0,0.026756094042982837
2431,Outer Regional Australia ,600,600,37803,1.0,0.015871756209824617
2439,Inner Regional Australia ,119,119,138660,1.0,0.0008582143372277513
2440,Inner Regional Australia ,1509,1943,138660,0.7766340710241894,0.01088273474686283
2440,Outer Regional Australia ,434,1943,37803,0.2233659289758106,0.011480570325106474
2441,Inner Regional Australia ,48,301,138660,0.15946843853820597,0.0003461704889658157
2441,Outer Regional Australia ,253,301,37803,0.840531561461794,0.006692590535142713
2443,Inner Regional Australia ,844,844,138660,1.0,0.006086831097648925
2444,Inner Regional Australia ,5693,5693,138660,1.0,0.04105726236838309
2445,Inner Regional Australia ,432,432,138660,1.0,0.003115534400692341
2446,Inner Regional Australia ,960,1006,138660,0.9542743538767395,0.006923409779316313
2446,Outer Regional Australia ,46,1006,37803,0.04572564612326044,0.0012168346427532206
2447,Outer Regional Australia ,553,553,37803,1.0,0.014628468640055022
2448,Outer Regional Australia ,1236,1236,37803,1.0,0.032695817792238714
2449,Outer Regional Australia ,196,196,37803,1.0,0.005184773695209375
2450,Outer Regional Australia ,151,5115,37803,0.029521016617790812,0.003994391979472529
2450,Inner Regional Australia ,4964,5115,138660,0.9704789833822092,0.03579979806721477
2452,Inner Regional Australia ,1875,1875,138660,1.0,0.013522284725227174
2453,Outer Regional Australia ,213,213,37803,1.0,0.005634473454487739
2454,Outer Regional Australia ,623,634,37803,0.9826498422712934,0.016480173531201226
2454,Inner Regional Australia ,11,634,138660,0.017350157728706624,7.93307370546661e-05
2455,Outer Regional Australia ,390,390,37803,1.0,0.010316641536386001
2456,Inner Regional Australia ,1360,1360,138660,1.0,0.009808163854031444
2460,Inner Regional Australia ,2502,2781,138660,0.8996763754045307,0.01804413673734314
2460,Outer Regional Australia ,279,2781,37803,0.10032362459546926,0.007380366637568447
2462,Inner Regional Australia ,70,198,138660,0.35353535353535354,0.0005048319630751478
2462,Outer Regional Australia ,128,198,37803,0.6464646464646465,0.0033859746580959184
2463,Inner Regional Australia ,589,640,138660,0.9203125,0.00424780037501803
2463,Outer Regional Australia ,51,640,37803,0.0796875,0.0013490992778350925
2464,Inner Regional Australia ,906,906,138660,1.0,0.006533967979229771
2465,Inner Regional Australia ,31,31,138660,1.0,0.0002235684407904226
2466,Inner Regional Australia ,269,269,138660,1.0,0.0019399971152459254
2469,Inner Regional Australia ,98,273,138660,0.358974358974359,0.000706764748305207
2469,Outer Regional Australia ,175,273,37803,0.6410256410256411,0.004629262227865513
2470,Inner Regional Australia ,1593,1596,138660,0.9981203007518797,0.011488533102553008
2470,Outer Regional Australia ,3,1596,37803,0.0018796992481203006,7.935878104912309e-05
2471,Inner Regional Australia ,182,182,138660,1.0,0.0013125631039953845
2472,Inner Regional Australia ,159,159,138660,1.0,0.0011466897446992645
2473,Inner Regional Australia ,518,518,138660,1.0,0.003735756526756094
2474,Outer Regional Australia ,35,527,37803,0.06641366223908918,0.0009258524455731026
2474,Inner Regional Australia ,492,527,138660,0.9335863377609108,0.0035482475118996104
2475,Outer Regional Australia ,31,31,37803,1.0,0.0008200407375076052
2476,Outer Regional Australia ,69,69,37803,1.0,0.001825251964129831
2477,Inner Regional Australia ,995,995,138660,1.0,0.007175825760853887
2478,Inner Regional Australia ,3430,3430,138660,1.0,0.024736766190682245
2479,Inner Regional Australia ,397,397,138660,1.0,0.002863118419154767
2480,Inner Regional Australia ,4647,4647,138660,1.0,0.03351363046300303
2481,Inner Regional Australia ,1382,1382,138660,1.0,0.009966825328140775
2482,Inner Regional Australia ,607,607,138660,1.0,0.00437761430838021
2483,Inner Regional Australia ,1201,1201,138660,1.0,0.00866147410933218
2484,Major Cities of Australia ,1051,1639,634050,0.6412446613788896,0.001657597981231764
2484,Inner Regional Australia ,588,1639,138660,0.3587553386211104,0.0042405884898312415
2485,Major Cities of Australia ,2183,2183,634050,1.0,0.00344294613989433
2486,Inner Regional Australia ,27,2794,138660,0.009663564781675018,0.0001947209000432713
2486,Major Cities of Australia ,2767,2794,634050,0.9903364352183249,0.004364009147543569
2487,Major Cities of Australia ,1482,1511,634050,0.9808074123097287,0.002337355098178377
2487,Inner Regional Australia ,29,1511,138660,0.019192587690271344,0.00020914467041684696
2488,Major Cities of Australia ,383,383,634050,1.0,0.0006040533080987304
2489,Major Cities of Australia ,685,691,634050,0.9913169319826338,0.0010803564387666588
2489,Inner Regional Australia ,6,691,138660,0.008683068017366137,4.327131112072696e-05
2490,Inner Regional Australia ,11,51,138660,0.21568627450980393,7.93307370546661e-05
2490,Major Cities of Australia ,40,51,634050,0.7843137254901961,6.308650737323555e-05
2500,Major Cities of Australia ,7289,7289,634050,1.0,0.011495938806087848
2502,Major Cities of Australia ,1555,1555,634050,1.0,0.002452487974134532
2505,Major Cities of Australia ,614,614,634050,1.0,0.0009683778881791657
2506,Major Cities of Australia ,981,981,634050,1.0,0.0015471965933286018
2508,Inner Regional Australia ,33,375,138660,0.088,0.00023799221116399828
2508,Major Cities of Australia ,342,375,634050,0.912,0.000539389638041164
2515,Major Cities of Australia ,720,720,634050,1.0,0.00113555713271824
2516,Major Cities of Australia ,448,448,634050,1.0,0.0007065688825802381
2517,Major Cities of Australia ,1196,1196,634050,1.0,0.0018862865704597429
2518,Major Cities of Australia ,2729,2729,634050,1.0,0.0043040769655389955
2519,Major Cities of Australia ,1874,1874,634050,1.0,0.0029556028704360855
2525,Major Cities of Australia ,623,623,634050,1.0,0.0009825723523381436
2526,Major Cities of Australia ,1178,1178,634050,1.0,0.0018578976421417869
2527,Inner Regional Australia ,30,1389,138660,0.02159827213822894,0.00021635655560363478
2527,Major Cities of Australia ,1359,1389,634050,0.978401727861771,0.002143364088005678
2528,Major Cities of Australia ,3042,3042,634050,1.0,0.004797728885734563
2529,Major Cities of Australia ,2024,2031,634050,0.9965534219596258,0.003192177273085719
2529,Inner Regional Australia ,7,2031,138660,0.0034465780403741997,5.0483196307514783e-05
2530,Inner Regional Australia ,22,2278,138660,0.009657594381035996,0.0001586614741093322
2530,Major Cities of Australia ,2256,2278,634050,0.990342405618964,0.003558079015850485
2533,Inner Regional Australia ,1049,1049,138660,1.0,0.00756526756094043
2534,Inner Regional Australia ,399,399,138660,1.0,0.0028775421895283425
2535,Inner Regional Australia ,466,466,138660,1.0,0.003360738497043127
2536,Inner Regional Australia ,1946,1946,138660,1.0,0.01403432857348911
2537,Outer Regional Australia ,216,1021,37803,0.21155729676787463,0.005713832235536862
2537,Inner Regional Australia ,805,1021,138660,0.7884427032321254,0.0058055675753642
2538,Inner Regional Australia ,101,101,138660,1.0,0.0007284004038655705
2539,Inner Regional Australia ,1603,1627,138660,0.9852489244007375,0.011560651954420886
2539,Outer Regional Australia ,24,1627,37803,0.014751075599262446,0.0006348702483929847
2540,Inner Regional Australia ,3629,3629,138660,1.0,0.026171931342853023
2541,Inner Regional Australia ,3472,3472,138660,1.0,0.025039665368527333
2545,Outer Regional Australia ,55,55,37803,1.0,0.00145491098590059
2546,Outer Regional Australia ,840,840,37803,1.0,0.022220458693754466
2548,Outer Regional Australia ,804,804,37803,1.0,0.02126815332116499
2549,Outer Regional Australia ,233,233,37803,1.0,0.006163531994815227
2550,Outer Regional Australia ,1228,1228,37803,1.0,0.032484194376107715
2551,Outer Regional Australia ,429,429,37803,1.0,0.011348305690024601
2555,Major Cities of Australia ,16,19,634050,0.8421052631578947,2.523460294929422e-05
2555,Inner Regional Australia ,3,19,138660,0.15789473684210525,2.163565556036348e-05
2556,Inner Regional Australia ,36,127,138660,0.28346456692913385,0.00025962786672436173
2556,Major Cities of Australia ,91,127,634050,0.7165354330708661,0.00014352180427411088
2557,Major Cities of Australia ,541,541,634050,1.0,0.0008532450122230108
2558,Major Cities of Australia ,716,716,634050,1.0,0.0011292484819809163
2559,Major Cities of Australia ,613,613,634050,1.0,0.0009668007254948348
2560,Major Cities of Australia ,8305,8413,634050,0.9871627243551646,0.01309833609336803
2560,Inner Regional Australia ,108,8413,138660,0.012837275644835373,0.0007788836001730852
2563,Major Cities of Australia ,39,39,634050,1.0,6.150934468890467e-05
2564,Major Cities of Australia ,1789,1789,634050,1.0,0.00282154404226796
2565,Major Cities of Australia ,1819,1819,634050,1.0,0.0028688589227978865
2566,Major Cities of Australia ,2187,2187,634050,1.0,0.0034492547906316536
2567,Major Cities of Australia ,2273,2273,634050,1.0,0.00358489078148411
2568,Inner Regional Australia ,10,28,138660,0.35714285714285715,7.211885186787827e-05
2568,Major Cities of Australia ,18,28,634050,0.6428571428571429,2.8388928317955997e-05
2569,Inner Regional Australia ,29,35,138660,0.8285714285714286,0.00020914467041684696
2569,Major Cities of Australia ,6,35,634050,0.17142857142857143,9.462976105985333e-06
2570,Major Cities of Australia ,2053,2293,634050,0.8953336240732664,0.0032379149909313146
2570,Inner Regional Australia ,240,2293,138660,0.10466637592673354,0.0017308524448290783
2571,Inner Regional Australia ,511,511,138660,1.0,0.0036852733304485793
2572,Inner Regional Australia ,255,255,138660,1.0,0.0018390307226308956
2573,Inner Regional Australia ,493,493,138660,1.0,0.0035554593970863984
2574,Inner Regional Australia ,246,246,138660,1.0,0.0017741237559498052
2575,Inner Regional Australia ,1079,1079,138660,1.0,0.007781624116544064
2576,Inner Regional Australia ,904,904,138660,1.0,0.006519544208856195
2577,Inner Regional Australia ,1217,1217,138660,1.0,0.008776864272320785
2578,Inner Regional Australia ,132,132,138660,1.0,0.0009519688446559931
2579,Inner Regional Australia ,204,204,138660,1.0,0.0014712245781047166
2580,Outer Regional Australia ,14,2997,37803,0.004671338004671338,0.0003703409782292411
2580,Inner Regional Australia ,2983,2997,138660,0.9953286619953287,0.021513053512188084
2581,Inner Regional Australia ,103,103,138660,1.0,0.0007428241742391461
2582,Inner Regional Australia ,740,740,138660,1.0,0.005336795038222992
2583,Outer Regional Australia ,20,257,37803,0.07782101167315175,0.0005290585403274873
2583,Inner Regional Australia ,237,257,138660,0.9221789883268483,0.0017092167892687148
2584,Inner Regional Australia ,41,41,138660,1.0,0.0002956872926583009
2585,Inner Regional Australia ,21,21,138660,1.0,0.00015144958892254436
2586,Outer Regional Australia ,41,188,37803,0.21808510638297873,0.0010845700076713488
2586,Inner Regional Australia ,147,188,138660,0.7819148936170213,0.0010601471224578104
2587,Inner Regional Australia ,193,193,138660,1.0,0.0013918938410500505
2588,Inner Regional Australia ,12,12,138660,1.0,8.654262224145392e-05
2590,Outer Regional Australia ,10,671,37803,0.014903129657228018,0.00026452927016374365
2590,Inner Regional Australia ,661,671,138660,0.9850968703427719,0.004767056108466753
2594,Outer Regional Australia ,68,1232,37803,0.05519480519480519,0.0017987990371134566
2594,Inner Regional Australia ,1164,1232,138660,0.9448051948051948,0.00839463435742103
2618,Major Cities of Australia ,12,47,634050,0.2553191489361702,1.8925952211970666e-05
2618,Inner Regional Australia ,35,47,138660,0.7446808510638298,0.0002524159815375739
2619,Major Cities of Australia ,633,633,634050,1.0,0.0009983439791814526
2620,Major Cities of Australia ,4297,4567,634050,0.9408802277206043,0.0067770680545698285
2620,Inner Regional Australia ,270,4567,138660,0.05911977227939567,0.0019472090004327132
2621,Inner Regional Australia ,283,283,138660,1.0,0.002040963507860955
2622,Outer Regional Australia ,24,237,37803,0.10126582278481013,0.0006348702483929847
2622,Inner Regional Australia ,213,237,138660,0.8987341772151899,0.001536131544785807
2623,Inner Regional Australia ,39,39,138660,1.0,0.0002812635222847252
2625,Outer Regional Australia ,42,42,37803,1.0,0.0011110229346877232
2626,Inner Regional Australia ,10,10,138660,1.0,7.211885186787827e-05
2627,Outer Regional Australia ,744,744,37803,1.0,0.019680977700182525
2628,Outer Regional Australia ,155,155,37803,1.0,0.004100203687538026
2629,Outer Regional Australia ,45,45,37803,1.0,0.0011903817157368462
2630,Inner Regional Australia ,845,866,138660,0.9757505773672055,0.006094042982835713
2630,Outer Regional Australia ,21,866,37803,0.02424942263279446,0.0005555114673438616
2631,Outer Regional Australia ,30,30,37803,1.0,0.0007935878104912309
2632,Outer Regional Australia ,150,150,37803,1.0,0.003967939052456154
2633,Outer Regional Australia ,15,15,37803,1.0,0.00039679390524561544
2640,Inner Regional Australia ,4283,4283,138660,1.0,0.03088850425501226
2641,Inner Regional Australia ,2286,2286,138660,1.0,0.016486369536996972
2642,Outer Regional Australia ,72,213,37803,0.3380281690140845,0.001904610745178954
2642,Inner Regional Australia ,141,213,138660,0.6619718309859155,0.0010168758113370834
2643,Inner Regional Australia ,194,194,138660,1.0,0.0013991057262368383
2644,Outer Regional Australia ,16,156,37803,0.10256410256410256,0.0004232468322619898
2644,Inner Regional Australia ,140,156,138660,0.8974358974358975,0.0010096639261502956
2645,Outer Regional Australia ,23,23,37803,1.0,0.0006084173213766103
2646,Inner Regional Australia ,571,602,138660,0.9485049833887044,0.004117986441655849
2646,Outer Regional Australia ,31,602,37803,0.05149501661129568,0.0008200407375076052
2647,Inner Regional Australia ,188,188,138660,1.0,0.0013558344151161114
2648,Remote Australia ,35,209,3103,0.1674641148325359,0.011279407025459234
2648,Outer Regional Australia ,174,209,37803,0.8325358851674641,0.004602809300849139
2650,Inner Regional Australia ,7014,7040,138660,0.9963068181818182,0.05058416270012982
2650,Outer Regional Australia ,26,7040,37803,0.003693181818181818,0.0006877761024257334
2651,Inner Regional Australia ,264,264,138660,1.0,0.0019039376893119863
2652,Inner Regional Australia ,117,248,138660,0.4717741935483871,0.0008437905668541757
2652,Remote Australia ,12,248,3103,0.04838709677419355,0.003867225265871737
2652,Outer Regional Australia ,119,248,37803,0.4798387096774194,0.003147898314948549
2653,Outer Regional Australia ,218,218,37803,1.0,0.005766738089569611
2655,Outer Regional Australia ,5,66,37803,0.07575757575757576,0.00013226463508187182
2655,Inner Regional Australia ,61,66,138660,0.9242424242424242,0.0004399249963940574
2656,Outer Regional Australia ,92,92,37803,1.0,0.0024336692855064413
2658,Outer Regional Australia ,8,90,37803,0.08888888888888889,0.0002116234161309949
2658,Inner Regional Australia ,82,90,138660,0.9111111111111111,0.0005913745853166018
2659,Inner Regional Australia ,37,37,138660,1.0,0.00026683975191114955
2660,Inner Regional Australia ,114,114,138660,1.0,0.0008221549112938122
2661,Inner Regional Australia ,45,45,138660,1.0,0.0003245348334054522
2663,Outer Regional Australia ,9,406,37803,0.022167487684729065,0.00023807634314736926
2663,Inner Regional Australia ,397,406,138660,0.9778325123152709,0.002863118419154767
2665,Outer Regional Australia ,110,110,37803,1.0,0.00290982197180118
2666,Inner Regional Australia ,5,465,138660,0.010752688172043012,3.6059425933939135e-05
2666,Outer Regional Australia ,460,465,37803,0.989247311827957,0.012168346427532206
2668,Outer Regional Australia ,14,14,37803,1.0,0.0003703409782292411
2669,Remote Australia ,15,63,3103,0.23809523809523808,0.004834031582339671
2669,Outer Regional Australia ,48,63,37803,0.7619047619047619,0.0012697404967859695
2671,Outer Regional Australia ,343,343,37803,1.0,0.009073353966616406
2672,Remote Australia ,182,182,3103,1.0,0.058652916532388015
2675,Remote Australia ,179,179,3103,1.0,0.05768611021592008
2680,Outer Regional Australia ,2548,2548,37803,1.0,0.06740205803772187
2681,Outer Regional Australia ,127,127,37803,1.0,0.003359521731079544
2700,Outer Regional Australia ,480,480,37803,1.0,0.012697404967859694
2701,Outer Regional Australia ,3,139,37803,0.02158273381294964,7.935878104912309e-05
2701,Inner Regional Australia ,136,139,138660,0.9784172661870504,0.0009808163854031443
2702,Outer Regional Australia ,34,34,37803,1.0,0.0008993995185567283
2703,Outer Regional Australia ,58,58,37803,1.0,0.001534269766949713
2705,Outer Regional Australia ,1001,1001,37803,1.0,0.026479379943390738
2706,Outer Regional Australia ,141,141,37803,1.0,0.003729862709308785
2707,Outer Regional Australia ,133,133,37803,1.0,0.00351823929317779
2710,Inner Regional Australia ,848,993,138660,0.8539778449144008,0.006115678638396077
2710,Outer Regional Australia ,145,993,37803,0.14602215508559918,0.0038356744173742826
2711,Remote Australia ,27,330,3103,0.08181818181818182,0.008701256848211408
2711,Outer Regional Australia ,303,330,37803,0.9181818181818182,0.008015236885961431
2712,Outer Regional Australia ,107,107,37803,1.0,0.0028304631907520566
2713,Outer Regional Australia ,43,252,37803,0.17063492063492064,0.0011374758617040976
2713,Inner Regional Australia ,209,252,138660,0.8293650793650794,0.0015072840040386557
2714,Inner Regional Australia ,225,230,138660,0.9782608695652174,0.001622674167027261
2714,Outer Regional Australia ,5,230,37803,0.021739130434782608,0.00013226463508187182
2715,Remote Australia ,16,161,3103,0.09937888198757763,0.00515630035449565
2715,Outer Regional Australia ,145,161,37803,0.9006211180124224,0.0038356744173742826
2716,Outer Regional Australia ,93,93,37803,1.0,0.0024601222125228157
2717,Outer Regional Australia ,140,140,37803,1.0,0.0037034097822924105
2720,Inner Regional Australia ,759,792,138660,0.9583333333333334,0.005473820856771961
2720,Outer Regional Australia ,33,792,37803,0.041666666666666664,0.0008729465915403539
2721,Outer Regional Australia ,9,9,37803,1.0,0.00023807634314736926
2722,Outer Regional Australia ,8,248,37803,0.03225806451612903,0.0002116234161309949
2722,Inner Regional Australia ,240,248,138660,0.967741935483871,0.0017308524448290783
2725,Outer Regional Australia ,12,12,37803,1.0,0.00031743512419649236
2726,Outer Regional Australia ,14,14,37803,1.0,0.0003703409782292411
2727,Outer Regional Australia ,14,14,37803,1.0,0.0003703409782292411
2729,Outer Regional Australia ,15,98,37803,0.15306122448979592,0.00039679390524561544
2729,Inner Regional Australia ,83,98,138660,0.8469387755102041,0.0005985864705033896
2730,Outer Regional Australia ,118,118,37803,1.0,0.0031214453879321747
2731,Outer Regional Australia ,38,576,37803,0.06597222222222222,0.0010052112266222258
2731,Inner Regional Australia ,538,576,138660,0.9340277777777778,0.0038799942304918508
2732,Outer Regional Australia ,159,159,37803,1.0,0.0042060153956035235
2733,Outer Regional Australia ,41,41,37803,1.0,0.0010845700076713488
2734,Outer Regional Australia ,7,7,37803,1.0,0.00018517048911462054
2735,Outer Regional Australia ,22,22,37803,1.0,0.000581964394360236
2736,Outer Regional Australia ,23,23,37803,1.0,0.0006084173213766103
2737,Outer Regional Australia ,55,55,37803,1.0,0.00145491098590059
2738,Outer Regional Australia ,87,94,37803,0.925531914893617,0.0023014046504245696
2738,Remote Australia ,7,94,3103,0.07446808510638298,0.0022558814050918467
2739,Outer Regional Australia ,124,124,37803,1.0,0.0032801629500304207
2745,Inner Regional Australia ,71,1812,138660,0.039183222958057394,0.0005120438482619356
2745,Major Cities of Australia ,1741,1812,634050,0.9608167770419426,0.0027458402334200774
2747,Major Cities of Australia ,4726,4726,634050,1.0,0.00745367084614778
2748,Major Cities of Australia ,75,75,634050,1.0,0.00011828720132481665
2749,Major Cities of Australia ,1350,1350,634050,1.0,0.0021291696238466998
2750,Major Cities of Australia ,5451,5451,634050,1.0,0.008597113792287675
2752,Inner Regional Australia ,153,153,138660,1.0,0.0011034184335785373
2753,Inner Regional Australia ,94,1507,138660,0.062375580623755804,0.0006779172075580557
2753,Major Cities of Australia ,1413,1507,634050,0.9376244193762442,0.0022285308729595456
2754,Major Cities of Australia ,505,526,634050,0.9600760456273765,0.0007964671555870988
2754,Inner Regional Australia ,21,526,138660,0.039923954372623575,0.00015144958892254436
2756,Major Cities of Australia ,2448,2813,634050,0.8702452897262709,0.0038608942512420156
2756,Inner Regional Australia ,359,2813,138660,0.12762175613224316,0.0025890667820568296
2756,Outer Regional Australia ,6,2813,37803,0.002132954141485958,0.00015871756209824618
2757,Inner Regional Australia ,34,34,138660,1.0,0.0002452040963507861
2758,Inner Regional Australia ,197,197,138660,1.0,0.0014207413817972018
2759,Major Cities of Australia ,1393,1393,634050,1.0,0.002196987619272928
2760,Major Cities of Australia ,4387,4387,634050,1.0,0.006919012696159609
2761,Major Cities of Australia ,2020,2020,634050,1.0,0.003185868622348395
2762,Major Cities of Australia ,382,382,634050,1.0,0.0006024761454143995
2763,Major Cities of Australia ,2484,2484,634050,1.0,0.003917672107877928
2765,Major Cities of Australia ,1137,1184,634050,0.9603040540540541,0.0017932339720842204
2765,Inner Regional Australia ,47,1184,138660,0.03969594594594594,0.00033895860377902785
2766,Major Cities of Australia ,1251,1251,634050,1.0,0.001973030518097942
2767,Major Cities of Australia ,2138,2138,634050,1.0,0.00337197381909944
2768,Major Cities of Australia ,1512,1512,634050,1.0,0.002384669978708304
2769,Major Cities of Australia ,649,649,634050,1.0,0.0010235785821307468
2770,Major Cities of Australia ,8773,8773,634050,1.0,0.013836448229634887
2773,Major Cities of Australia ,264,264,634050,1.0,0.00041637094866335463
2774,Major Cities of Australia ,664,664,634050,1.0,0.00104723602239571
2775,Inner Regional Australia ,87,87,138660,1.0,0.0006274340112505409
2776,Major Cities of Australia ,201,201,634050,1.0,0.00031700969955050865
2777,Major Cities of Australia ,882,882,634050,1.0,0.001391057487579844
2778,Major Cities of Australia ,76,76,634050,1.0,0.00011986436400914755
2779,Major Cities of Australia ,266,266,634050,1.0,0.0004195252740320164
2780,Major Cities of Australia ,1491,1540,634050,0.9681818181818181,0.002351549562337355
2780,Inner Regional Australia ,49,1540,138660,0.031818181818181815,0.0003533823741526035
2782,Major Cities of Australia ,449,449,634050,1.0,0.000708146045264569
2783,Major Cities of Australia ,205,205,634050,1.0,0.00032331835028783217
2784,Major Cities of Australia ,70,70,634050,1.0,0.00011040138790316222
2785,Inner Regional Australia ,457,457,138660,1.0,0.0032958315303620368
2786,Inner Regional Australia ,91,91,138660,1.0,0.0006562815519976922
2787,Outer Regional Australia ,4,366,37803,0.01092896174863388,0.00010581170806549745
2787,Inner Regional Australia ,362,366,138660,0.9890710382513661,0.0026107024376171933
2790,Inner Regional Australia ,1558,1558,138660,1.0,0.011236117121015434
2791,Inner Regional Australia ,18,18,138660,1.0,0.00012981393336218086
2792,Outer Regional Australia ,21,21,37803,1.0,0.0005555114673438616
2793,Inner Regional Australia ,12,46,138660,0.2608695652173913,8.654262224145392e-05
2793,Outer Regional Australia ,34,46,37803,0.7391304347826086,0.0008993995185567283
2794,Outer Regional Australia ,37,1111,37803,0.0333033303330333,0.0009787582996058513
2794,Inner Regional Australia ,1074,1111,138660,0.9666966696669667,0.007745564690610125
2795,Outer Regional Australia ,42,4385,37803,0.009578107183580388,0.0011110229346877232
2795,Inner Regional Australia ,4343,4385,138660,0.9904218928164196,0.03132121736621953
2797,Outer Regional Australia ,13,13,37803,1.0,0.0003438880512128667
2798,Inner Regional Australia ,102,102,138660,1.0,0.0007356122890523583
2799,Outer Regional Australia ,13,385,37803,0.033766233766233764,0.0003438880512128667
2799,Inner Regional Australia ,372,385,138660,0.9662337662337662,0.0026828212894850715
2800,Outer Regional Australia ,23,5041,37803,0.004562586788335648,0.0006084173213766103
2800,Inner Regional Australia ,5018,5041,138660,0.9954374132116643,0.03618923986730131
2803,Outer Regional Australia ,12,12,37803,1.0,0.00031743512419649236
2804,Inner Regional Australia ,160,205,138660,0.7804878048780488,0.0011539016298860523
2804,Outer Regional Australia ,45,205,37803,0.21951219512195122,0.0011903817157368462
2805,Outer Regional Australia ,16,16,37803,1.0,0.0004232468322619898
2806,Outer Regional Australia ,43,43,37803,1.0,0.0011374758617040976
2807,Outer Regional Australia ,16,16,37803,1.0,0.0004232468322619898
2808,Outer Regional Australia ,7,7,37803,1.0,0.00018517048911462054
2809,Outer Regional Australia ,4,4,37803,1.0,0.00010581170806549745
2810,Outer Regional Australia ,227,227,37803,1.0,0.00600481443271698
2817,Outer Regional Australia ,8,8,37803,1.0,0.0002116234161309949
2818,Outer Regional Australia ,32,32,37803,1.0,0.0008464936645239796
2820,Outer Regional Australia ,670,670,37803,1.0,0.01772346110097082
2821,Outer Regional Australia ,438,438,37803,1.0,0.01158638203317197
2822,Outer Regional Australia ,9,9,37803,1.0,0.00023807634314736926
2823,Outer Regional Australia ,127,127,37803,1.0,0.003359521731079544
2824,Outer Regional Australia ,196,237,37803,0.8270042194092827,0.005184773695209375
2824,Remote Australia ,41,237,3103,0.1729957805907173,0.013213019658395102
2825,Remote Australia ,278,278,3103,1.0,0.08959071865936191
2826,Remote Australia ,7,7,3103,1.0,0.0022558814050918467
2827,Outer Regional Australia ,364,364,37803,1.0,0.009628865433960267
2828,Remote Australia ,6,70,3103,0.08571428571428572,0.0019336126329358686
2828,Outer Regional Australia ,64,70,37803,0.9142857142857143,0.0016929873290479592
2829,Remote Australia ,299,299,3103,1.0,0.09635836287463745
2830,Inner Regional Australia ,4454,4543,138660,0.9804094210873872,0.03212173662195298
2830,Outer Regional Australia ,89,4543,37803,0.019590578912612813,0.002354310504457318
2831,Outer Regional Australia ,39,73,37803,0.5342465753424658,0.0010316641536386002
2831,Remote Australia ,34,73,3103,0.4657534246575342,0.010957138253303255
2832,Remote Australia ,343,351,3103,0.9772079772079773,0.11053818884950048
2832,Very Remote Australia ,8,351,674,0.022792022792022793,0.011869436201780416
2833,Remote Australia ,91,91,3103,1.0,0.029326458266194008
2834,Remote Australia ,323,323,3103,1.0,0.10409281340638092
2835,Remote Australia ,565,568,3103,0.9947183098591549,0.18208185626812762
2835,Very Remote Australia ,3,568,674,0.00528169014084507,0.004451038575667656
2836,Very Remote Australia ,128,128,674,1.0,0.18991097922848665
2838,Very Remote Australia ,57,57,674,1.0,0.08456973293768547
2839,Very Remote Australia ,239,239,674,1.0,0.3545994065281899
2840,Very Remote Australia ,71,323,674,0.21981424148606812,0.10534124629080119
2840,Remote Australia ,252,323,3103,0.7801857585139319,0.08121173058330648
2842,Outer Regional Australia ,30,30,37803,1.0,0.0007935878104912309
2843,Outer Regional Australia ,111,111,37803,1.0,0.0029362748988175542
2844,Outer Regional Australia ,112,112,37803,1.0,0.0029627278258339287
2845,Inner Regional Australia ,166,166,138660,1.0,0.0011971729410067793
2846,Inner Regional Australia ,6,9,138660,0.6666666666666666,4.327131112072696e-05
2846,Outer Regional Australia ,3,9,37803,0.3333333333333333,7.935878104912309e-05
2847,Inner Regional Australia ,110,110,138660,1.0,0.0007933073705466609
2848,Outer Regional Australia ,33,197,37803,0.16751269035532995,0.0008729465915403539
2848,Inner Regional Australia ,164,197,138660,0.8324873096446701,0.0011827491706332036
2849,Outer Regional Australia ,106,106,37803,1.0,0.002804010263735682
2850,Outer Regional Australia ,241,1740,37803,0.1385057471264368,0.006375155410946221
2850,Inner Regional Australia ,1499,1740,138660,0.8614942528735632,0.010810615894994952
2852,Outer Regional Australia ,282,282,37803,1.0,0.00745972541861757
2864,Outer Regional Australia ,34,34,37803,1.0,0.0008993995185567283
2865,Outer Regional Australia ,50,50,37803,1.0,0.001322646350818718
2866,Outer Regional Australia ,32,225,37803,0.14222222222222222,0.0008464936645239796
2866,Inner Regional Australia ,193,225,138660,0.8577777777777778,0.0013918938410500505
2867,Outer Regional Australia ,32,32,37803,1.0,0.0008464936645239796
2868,Outer Regional Australia ,45,45,37803,1.0,0.0011903817157368462
2869,Outer Regional Australia ,119,119,37803,1.0,0.003147898314948549
2870,Outer Regional Australia ,1292,1292,37803,1.0,0.03417718170515568
2871,Outer Regional Australia ,890,890,37803,1.0,0.023543105044573184
2873,Remote Australia ,40,40,3103,1.0,0.012890750886239123
2874,Outer Regional Australia ,18,18,37803,1.0,0.0004761526862947385
2875,Remote Australia ,3,64,3103,0.046875,0.0009668063164679343
2875,Outer Regional Australia ,61,64,37803,0.953125,0.0016136285479988362
2876,Outer Regional Australia ,10,10,37803,1.0,0.00026452927016374365
2877,Outer Regional Australia ,357,394,37803,0.9060913705583756,0.009443694944845647
2877,Remote Australia ,37,394,3103,0.09390862944162437,0.011923944569771189
2878,Very Remote Australia ,22,22,674,1.0,0.032640949554896145
2879,Very Remote Australia ,78,78,674,1.0,0.11572700296735905
2880,Very Remote Australia ,30,1697,674,0.01767825574543312,0.04451038575667656
2880,Remote Australia ,9,1697,3103,0.005303476723629935,0.0029004189494038026
2880,Outer Regional Australia ,1658,1697,37803,0.9770182675309369,0.043858952993148695
2898,Very Remote Australia ,38,38,674,1.0,0.05637982195845697
