Postcode,State Electorate,Rented Households,Postcode Totals,State Electorate Totals,Postcode Fraction,State Electorate Fraction,POA_NAME_2016,SED_NAME_2016,POA_2016_2021_RATIO,SED_2016_2021_RATIO
2000,Sydney,6118,6118,24217,1.0,0.2526324482801338,2000,Sydney,1.0,0.9954935
2007,Balmain,1664,2047,15385,0.8128969223253542,0.10815729606759832,2007,Balmain,1.0,1.0
2007,Sydney,383,2047,24217,0.18710307767464582,0.015815336333980263,2007,Sydney,1.0,0.9954935
2008,Newtown,3310,3310,20434,1.0,0.1619849270823138,2008,Newtown,1.0,0.9972906
2009,Sydney,3168,3276,24217,0.967032967032967,0.13081719453276625,2009,Sydney,1.0,0.9954935
2009,Balmain,108,3276,15385,0.03296703296703297,0.00701982450438739,2009,Balmain,1.0,1.0
2010,Sydney,5206,7704,24217,0.6757528556593977,0.21497295288433746,2010,Sydney,1.0,0.9954935
2010,Newtown,2498,7704,20434,0.3242471443406023,0.12224723500048938,2010,Newtown,1.0,0.9972906
2011,Sydney,6347,6347,24217,1.0,0.26208861543543793,2011,Sydney,1.0,0.9954935
2015,Newtown,360,2174,20434,0.1655933762649494,0.017617695996867966,2015,Newtown,1.0,0.9972906
2015,Heffron,1814,2174,21195,0.8344066237350506,0.085586223165841,2015,Heffron,1.0,1.0
2016,Newtown,3584,3584,20434,1.0,0.17539395125770774,2016,Newtown,1.0,0.9972906
2017,Newtown,772,7209,20434,0.10708836177000972,0.037780170304394636,2017,Newtown,1.0,0.9972906
2017,Heffron,6437,7209,21195,0.8929116382299903,0.3037037037037037,2017,Heffron,1.0,1.0
2018,Heffron,2863,2863,21195,1.0,0.13507902807265865,2018,Heffron,1.0,1.0
2019,Maroubra,1211,1211,10895,1.0,0.11115190454336851,2019,Maroubra,1.0,1.0
2020,Heffron,2479,2479,21195,1.0,0.11696154753479594,2020,Heffron,1.0,1.0
2021,Heffron,600,2999,21195,0.20006668889629878,0.028308563340410473,2021,Heffron,1.0,1.0
2021,Sydney,2399,2999,24217,0.7999333111037013,0.09906264194574059,2021,Sydney,1.0,0.9954935
2022,Vaucluse,266,2107,12612,0.12624584717607973,0.021091024421186173,2022,Vaucluse,1.0,1.0
2022,Coogee,1841,2107,15228,0.8737541528239202,0.12089571841344891,2022,Coogee,1.0,1.0
2023,Vaucluse,1264,1264,12612,1.0,0.1002220107833809,2023,Vaucluse,1.0,1.0
2024,Coogee,1615,1615,15228,1.0,0.10605463619648017,2024,Coogee,1.0,1.0
2025,Sydney,230,1051,24217,0.21883920076117983,0.009497460461659165,2025,Sydney,1.0,0.9954935
2025,Vaucluse,821,1051,12612,0.7811607992388202,0.06509673326990167,2025,Vaucluse,1.0,1.0
2026,Vaucluse,5746,6791,12612,0.8461198645265793,0.4555978433238186,2026,Vaucluse,1.0,1.0
2026,Coogee,1045,6791,15228,0.1538801354734207,0.06862358812713423,2026,Coogee,1.0,1.0
2027,Vaucluse,990,1356,12612,0.7300884955752213,0.07849666983824928,2027,Vaucluse,1.0,1.0
2027,Sydney,366,1356,24217,0.26991150442477874,0.015113350125944584,2027,Sydney,1.0,0.9954935
2028,Vaucluse,802,802,12612,1.0,0.06359023152553124,2028,Vaucluse,1.0,1.0
2029,Vaucluse,1633,1633,12612,1.0,0.12947986045036472,2029,Vaucluse,1.0,1.0
2030,Vaucluse,1090,1090,12612,1.0,0.0864256263875674,2030,Vaucluse,1.0,1.0
2031,Heffron,3,6456,21195,0.00046468401486988845,0.00014154281670205238,2031,Heffron,1.0,1.0
2031,Coogee,6453,6456,15228,0.9995353159851301,0.4237588652482269,2031,Coogee,1.0,1.0
2032,Maroubra,1020,3299,10895,0.30918460139436194,0.09362092703074805,2032,Maroubra,1.0,1.0
2032,Heffron,2279,3299,21195,0.6908153986056381,0.10752535975465911,2032,Heffron,1.0,1.0
2033,Heffron,420,420,21195,1.0,0.019815994338287332,2052,Heffron,1.0,1.0
2033,Heffron,2252,2252,21195,1.0,0.10625147440434064,2033,Heffron,1.0,1.0
2034,Coogee,4274,4274,15228,1.0,0.28066719201470974,2034,Coogee,1.0,1.0
2035,Maroubra,5008,5008,10895,1.0,0.4596603946764571,2035,Maroubra,1.0,1.0
2036,Maroubra,3656,3656,10895,1.0,0.33556677374942634,2036,Maroubra,1.0,1.0
2037,Balmain,4002,4002,15385,1.0,0.2601234969125772,2037,Balmain,1.0,1.0
2038,Balmain,1541,1541,15385,1.0,0.10016249593760156,2038,Balmain,1.0,1.0
2039,Balmain,1352,1352,15385,1.0,0.08787780305492363,2039,Balmain,1.0,1.0
2040,Balmain,3201,3201,15385,1.0,0.20805979850503736,2040,Balmain,1.0,1.0
2041,Balmain,2444,2444,15385,1.0,0.15885602859928502,2041,Balmain,1.0,1.0
2042,Newtown,4359,4359,20434,1.0,0.2133209356954096,2042,Newtown,1.0,0.9972906
2043,Newtown,588,1717,20434,0.3424577751892836,0.028775570128217676,2043,Newtown,1.0,0.9972906
2043,Heffron,1129,1717,21195,0.6575422248107163,0.053267280018872376,2043,Heffron,1.0,1.0
2044,Heffron,919,919,21195,1.0,0.04335928284972871,2044,Heffron,1.0,1.0
2045,Summer Hill,385,385,13260,1.0,0.029034690799396683,2045,Summer Hill,1.0,0.9922116
2046,Drummoyne,3305,3305,10432,1.0,0.31681365030674846,2046,Drummoyne,1.0,1.0
2047,Drummoyne,1680,1680,10432,1.0,0.16104294478527606,2047,Drummoyne,1.0,1.0
2048,Newtown,1364,1364,20434,1.0,0.06675149261035529,2048,Newtown,1.0,0.9972906
2049,Newtown,1277,2073,20434,0.6160154365653642,0.062493882744445534,2049,Newtown,1.0,0.9972906
2049,Summer Hill,796,2073,13260,0.3839845634346358,0.060030165912518856,2049,Summer Hill,1.0,0.9922116
2050,Balmain,1073,2928,15385,0.36646174863387976,0.06974325641858954,2050,Balmain,1.0,1.0
2050,Newtown,1855,2928,20434,0.6335382513661202,0.09078007242830577,2050,Newtown,1.0,0.9972906
2060,North Shore,3354,3395,15547,0.9879234167893962,0.21573293883064257,2060,North Shore,1.0,0.998858
2060,Willoughby,41,3395,11343,0.01207658321060383,0.003614564048311734,2060,Willoughby,1.0,1.0
2061,North Shore,1741,1741,15547,1.0,0.11198301923200618,2061,North Shore,1.0,0.998858
2062,Willoughby,1283,1283,11343,1.0,0.11310940668253548,2062,Willoughby,1.0,1.0
2063,Willoughby,373,373,11343,1.0,0.03288371682976285,2063,Willoughby,1.0,1.0
2064,Lane Cove,990,1765,9967,0.5609065155807366,0.0993277816795425,2064,Lane Cove,1.0,0.997843
2064,Willoughby,775,1765,11343,0.43909348441926344,0.06832407652296571,2064,Willoughby,1.0,1.0
2065,Lane Cove,1551,5956,9967,0.2604096709200806,0.15561352463128322,2065,Lane Cove,1.0,0.997843
2065,North Shore,2877,5956,15547,0.4830423102753526,0.18505177847816298,2065,North Shore,1.0,0.998858
2065,Willoughby,1528,5956,11343,0.25654801880456685,0.13470863087366658,2065,Willoughby,1.0,1.0
2066,Willoughby,184,3961,11343,0.046452915930320623,0.016221458168033148,2066,Willoughby,1.0,1.0
2066,Lane Cove,3777,3961,9967,0.9535470840696794,0.37895053677134544,2066,Lane Cove,1.0,0.997843
2067,Lane Cove,11,4247,9967,0.0025900635742877325,0.0011036420186615833,2067,Lane Cove,1.0,0.997843
2067,Willoughby,4236,4247,11343,0.9974099364257123,0.37344617825971965,2067,Willoughby,1.0,1.0
2068,Willoughby,1273,1273,11343,1.0,0.11222780569514237,2068,Willoughby,1.0,1.0
2069,Willoughby,135,801,11343,0.16853932584269662,0.01190161332980693,2069,Willoughby,1.0,1.0
2069,Davidson,666,801,3649,0.8314606741573034,0.18251575774184708,2069,Davidson,1.0,0.9983599
2070,Ku-ring-gai,22,947,5825,0.023231256599788808,0.003776824034334764,2070,Ku-ring-gai,1.0,0.9996347
2070,Davidson,925,947,3649,0.9767687434002112,0.2534941079747876,2070,Davidson,1.0,0.9983599
2071,Davidson,213,897,3649,0.23745819397993312,0.05837215675527542,2071,Davidson,1.0,0.9983599
2071,Ku-ring-gai,684,897,5825,0.7625418060200669,0.11742489270386267,2071,Ku-ring-gai,1.0,0.9996347
2072,Ku-ring-gai,564,743,5825,0.7590847913862718,0.09682403433476394,2072,Ku-ring-gai,1.0,0.9996347
2072,Davidson,179,743,3649,0.24091520861372812,0.04905453548917511,2072,Davidson,1.0,0.9983599
2073,Davidson,34,749,3649,0.04539385847797063,0.009317621266100301,2073,Davidson,1.0,0.9983599
2073,Ku-ring-gai,715,749,5825,0.9546061415220294,0.12274678111587983,2073,Ku-ring-gai,1.0,0.9996347
2074,Ku-ring-gai,1059,1059,5825,1.0,0.18180257510729614,2074,Ku-ring-gai,1.0,0.9996347
2075,Davidson,924,924,3649,1.0,0.25322006029049055,2075,Davidson,1.0,0.9983599
2076,Hornsby,116,1238,5597,0.09369951534733441,0.02072538860103627,2076,Hornsby,1.0,0.9977373
2076,Ku-ring-gai,1122,1238,5825,0.9063004846526656,0.19261802575107295,2076,Ku-ring-gai,1.0,0.9996347
2077,Ku-ring-gai,1587,4979,5825,0.318738702550713,0.2724463519313305,2077,Ku-ring-gai,1.0,0.9996347
2077,Hornsby,3392,4979,5597,0.681261297449287,0.6060389494371985,2077,Hornsby,1.0,0.9977373
2079,Hornsby,288,288,5597,1.0,0.05145613721636591,2079,Hornsby,1.0,0.9977373
2080,Hornsby,71,71,5597,1.0,0.012685367160979096,2080,Hornsby,1.0,0.9977373
2081,Hornsby,190,190,5597,1.0,0.03394675719135251,2081,Hornsby,1.0,0.9977373
2082,Hornsby,196,196,5597,1.0,0.0350187600500268,2082,Hornsby,1.0,0.9977373
2083,Hornsby,74,120,5597,0.6166666666666667,0.013221368590316241,2083,Hornsby,1.0,0.9977373
2083,Gosford,46,120,9550,0.38333333333333336,0.0048167539267015705,2083,Gosford,1.0,0.9999999
2084,Pittwater,143,143,4808,1.0,0.02974209650582363,2084,Pittwater,1.0,1.0
2085,Davidson,282,298,3649,0.9463087248322147,0.07728144697177308,2085,Davidson,0.9867885,0.9983599
2085,Wakehurst,16,298,6825,0.053691275167785234,0.0023443223443223443,2085,Wakehurst,0.9867885,1.0
2086,Davidson,159,513,3649,0.30994152046783624,0.043573581803233764,2086,Davidson,1.0,0.9983599
2086,Wakehurst,354,513,6825,0.6900584795321637,0.05186813186813187,2086,Wakehurst,1.0,1.0
2087,Davidson,258,657,3649,0.3926940639269406,0.07070430254864346,2087,Davidson,1.0,0.9983599
2087,Wakehurst,399,657,6825,0.6073059360730594,0.05846153846153846,2087,Wakehurst,1.0,1.0
2088,North Shore,3724,3724,15547,1.0,0.2395317424583521,2088,North Shore,1.0,0.998858
2089,Willoughby,324,2743,11343,0.11811884797666788,0.02856387199153663,2089,Willoughby,0.9927034,1.0
2089,North Shore,2419,2743,15547,0.8818811520233322,0.15559271885251175,2089,North Shore,0.9927034,0.998858
2090,North Shore,1432,2623,15547,0.545939763629432,0.09210780214832444,2090,North Shore,0.99689,0.998858
2090,Willoughby,1191,2623,11343,0.454060236370568,0.10499867759851891,2090,Willoughby,0.99689,1.0
2092,Manly,358,358,10112,1.0,0.03540348101265823,2092,Manly,1.0,0.9975309
2093,Manly,2094,2094,10112,1.0,0.20708069620253164,2093,Manly,1.0,0.9975309
2094,Manly,763,763,10112,1.0,0.07545490506329114,2094,Manly,1.0,0.9975309
2095,Manly,3313,3313,10112,1.0,0.32763053797468356,2095,Manly,1.0,0.9975309
2096,Manly,2021,2021,10112,1.0,0.1998615506329114,2096,Manly,0.9994544,0.9975309
2097,Wakehurst,1079,1079,6825,1.0,0.1580952380952381,2097,Wakehurst,1.0,1.0
2099,Wakehurst,3740,5135,6825,0.7283349561830574,0.547985347985348,2099,Wakehurst,0.9976197,1.0
2099,Manly,1395,5135,10112,0.27166504381694256,0.13795490506329114,2099,Manly,0.9976197,0.9975309
2100,Manly,168,1368,10112,0.12280701754385964,0.01661392405063291,2100,Manly,0.9940007,0.9975309
2100,Wakehurst,1191,1368,6825,0.8706140350877193,0.17450549450549452,2100,Wakehurst,0.9940007,1.0
2100,Davidson,9,1368,3649,0.006578947368421052,0.002466429158673609,2100,Davidson,0.9940007,0.9983599
2101,Wakehurst,46,1817,6825,0.02531645569620253,0.00673992673992674,2101,Wakehurst,0.9961361,1.0
2101,Pittwater,1771,1817,4808,0.9746835443037974,0.3683444259567388,2101,Pittwater,0.9961361,1.0
2102,Pittwater,428,428,4808,1.0,0.08901830282861897,2102,Pittwater,0.9994652,1.0
2103,Pittwater,808,808,4808,1.0,0.16805324459234608,2103,Pittwater,0.9884982,1.0
2104,Pittwater,94,94,4808,1.0,0.019550748752079867,2104,Pittwater,1.0,1.0
2105,Pittwater,66,66,4808,1.0,0.01372712146422629,2105,Pittwater,1.0,1.0
2106,Pittwater,712,712,4808,1.0,0.1480865224625624,2106,Pittwater,1.0,1.0
2107,Pittwater,667,667,4808,1.0,0.13872712146422628,2107,Pittwater,1.0,1.0
2108,Pittwater,119,119,4808,1.0,0.024750415973377703,2108,Pittwater,1.0,1.0
2110,Lane Cove,672,672,9967,1.0,0.06742249423096218,2110,Lane Cove,1.0,0.997843
2111,Lane Cove,1808,1808,9967,1.0,0.18139861543092203,2111,Lane Cove,1.0,0.997843
2112,Lane Cove,949,4236,9967,0.2240321057601511,0.09521420688271295,2112,Lane Cove,0.9999997,0.997843
2112,Ryde,3287,4236,13404,0.7759678942398489,0.24522530587884214,2112,Ryde,0.9999997,0.9978012
2113,Ryde,586,586,13404,1.0,0.04371829304685169,2109,Ryde,1.0,0.9978012
2113,Ryde,2175,2384,13404,0.9123322147651006,0.16226499552372425,2113,Ryde,1.0,0.9978012
2113,Lane Cove,209,2384,9967,0.08766778523489933,0.02096919835457008,2113,Lane Cove,1.0,0.997843
2114,Ryde,3662,3662,13404,1.0,0.2732020292450015,2114,Ryde,1.0,0.9978012
2115,Parramatta,1370,1370,17235,1.0,0.07948941108210038,2115,Parramatta,1.0,0.9981568
2116,Parramatta,843,843,17235,1.0,0.048912097476066146,2116,Parramatta,0.9894173,0.9981568
2117,Parramatta,2540,2540,17235,1.0,0.14737452857557296,2117,Parramatta,0.9964627,0.9981568
2118,Parramatta,1232,2040,17235,0.6039215686274509,0.0714824485059472,2118,Parramatta,1.0,0.9981568
2118,Baulkham Hills,204,2040,4076,0.1,0.050049067713444556,2118,Baulkham Hills,1.0,0.9968128
2118,Epping,604,2040,5327,0.296078431372549,0.11338464426506477,2118,Epping,1.0,1.0
2119,Epping,404,404,5327,1.0,0.07584006007133472,2119,Epping,1.0,1.0
2120,Ku-ring-gai,72,1091,5825,0.06599450045829514,0.012360515021459227,2120,Ku-ring-gai,1.0,0.9996347
2120,Hornsby,907,1091,5597,0.8313473877176902,0.16205109880293014,2120,Hornsby,1.0,0.9977373
2120,Epping,112,1091,5327,0.10265811182401467,0.02102496714848883,2120,Epping,1.0,1.0
2121,Epping,2734,2748,5327,0.99490538573508,0.5132344659282898,2121,Epping,1.0,1.0
2121,Ryde,14,2748,13404,0.005094614264919942,0.0010444643390032826,2121,Ryde,1.0,0.9978012
2122,Ryde,3680,3851,13404,0.9555959491041288,0.27454491196657715,2122,Ryde,1.0,0.9978012
2122,Epping,171,3851,5327,0.044404050895871204,0.0321006194856392,2122,Epping,1.0,1.0
2125,Epping,180,551,5327,0.32667876588021777,0.03379012577435705,2125,Epping,1.0,1.0
2125,Baulkham Hills,371,551,4076,0.6733212341197822,0.09102060843964671,2125,Baulkham Hills,1.0,0.9968128
2126,Epping,799,799,5327,1.0,0.14999061385395157,2126,Epping,1.0,1.0
2127,Auburn,2864,2864,13415,1.0,0.21349235929929183,2127,Auburn,0.9999997,0.993773
2128,Auburn,348,348,13415,1.0,0.02594111069698099,2128,Auburn,1.0,0.993773
2130,Summer Hill,1476,1476,13260,1.0,0.11131221719457013,2130,Summer Hill,1.0,0.9922116
2131,Strathfield,228,4340,12849,0.052534562211981564,0.01774457156198926,2131,Strathfield,1.0,0.998406
2131,Summer Hill,4112,4340,13260,0.9474654377880184,0.310105580693816,2131,Summer Hill,1.0,0.9922116
2132,Strathfield,982,982,12849,1.0,0.07642618102576076,2132,Strathfield,1.0,0.998406
2133,Summer Hill,73,1223,13260,0.059689288634505316,0.0055052790346908,2133,Summer Hill,1.0,0.9922116
2133,Strathfield,1150,1223,12849,0.9403107113654947,0.08950112849248969,2133,Strathfield,1.0,0.998406
2134,Strathfield,2816,2816,12849,1.0,0.21916102420421824,2134,Strathfield,1.0,0.998406
2135,Strathfield,3147,3147,12849,1.0,0.2449217837964044,2135,Strathfield,1.0,0.998406
2136,Strathfield,732,732,12849,1.0,0.056969413962176044,2136,Strathfield,1.0,0.998406
2137,Strathfield,755,2748,12849,0.274745269286754,0.05875943653202584,2137,Strathfield,1.0,0.998406
2137,Drummoyne,1993,2748,10432,0.725254730713246,0.1910467791411043,2137,Drummoyne,1.0,1.0
2138,Strathfield,38,3488,12849,0.010894495412844037,0.0029574285936648766,2138,Strathfield,1.0,0.998406
2138,Drummoyne,3450,3488,10432,0.989105504587156,0.3307131901840491,2138,Drummoyne,1.0,1.0
2138,Drummoyne,4,4,10432,1.0,0.0003834355828220859,2139,Drummoyne,1.0,1.0
2140,Strathfield,2834,2834,12849,1.0,0.22056191143279633,2140,Strathfield,1.0,0.998406
2141,Auburn,3305,3305,13415,1.0,0.24636600819977636,2141,Auburn,0.9997959,0.993773
2142,Auburn,730,4202,13415,0.173726796763446,0.05441669772642564,2142,Auburn,0.9924219,0.993773
2142,Parramatta,1558,4202,17235,0.37077582103760115,0.0903974470554105,2142,Parramatta,0.9924219,0.9981568
2142,Granville,1914,4202,12270,0.45549738219895286,0.15599022004889976,2142,Granville,0.9924219,0.9963767
2143,Bankstown,366,998,10095,0.3667334669338677,0.036255572065378903,2143,Bankstown,1.0,0.9984279
2143,Auburn,632,998,13415,0.6332665330661322,0.04711144241520686,2143,Auburn,1.0,0.993773
2144,Auburn,4564,4564,13415,1.0,0.34021617592247483,2144,Auburn,1.0,0.993773
2145,Prospect,2909,9367,6679,0.31055834311946195,0.4355442431501722,2145,Prospect,1.0,0.9982657
2145,Granville,3295,9367,12270,0.3517668410376855,0.2685411572942135,2145,Granville,1.0,0.9963767
2145,Seven Hills,3163,9367,8498,0.3376748158428526,0.3722052247587668,2145,Seven Hills,1.0,1.0
2146,Seven Hills,1010,1536,8498,0.6575520833333334,0.11885149446928689,2146,Seven Hills,1.0,1.0
2146,Prospect,526,1536,6679,0.3424479166666667,0.07875430453660727,2146,Prospect,1.0,0.9982657
2147,Seven Hills,2298,3396,8498,0.676678445229682,0.2704165686043775,2147,Seven Hills,1.0,1.0
2147,Blacktown,1098,3396,10128,0.32332155477031804,0.10841232227488151,2147,Blacktown,1.0,0.9961887
2148,Blacktown,6395,7264,10128,0.8803689427312775,0.6314178515007899,2148,Blacktown,0.9999038,0.9961887
2148,Seven Hills,4,7264,8498,0.0005506607929515419,0.0004706989879971758,2148,Seven Hills,0.9999038,1.0
2148,Prospect,865,7264,6679,0.11908039647577093,0.12951040574936368,2148,Prospect,0.9999038,0.9982657
2150,Parramatta,7041,7470,17235,0.942570281124498,0.40852915578764143,2150,Parramatta,1.0,0.9981568
2150,Granville,429,7470,12270,0.05742971887550201,0.03496332518337408,2150,Granville,1.0,0.9963767
2151,Seven Hills,37,2874,8498,0.012874043145441893,0.004353965638973876,2151,Seven Hills,1.0,1.0
2151,Baulkham Hills,186,2874,4076,0.06471816283924843,0.04563297350343474,2151,Baulkham Hills,1.0,0.9968128
2151,Parramatta,2651,2874,17235,0.9224077940153097,0.1538149115172614,2151,Parramatta,1.0,0.9981568
2152,Seven Hills,1385,1385,8498,1.0,0.16297952459402212,2152,Seven Hills,1.0,1.0
2153,Baulkham Hills,2510,3111,4076,0.8068145290903247,0.6157998037291462,2153,Baulkham Hills,1.0,0.9968128
2153,Seven Hills,601,3111,8498,0.19318547090967533,0.07072252294657566,2153,Seven Hills,1.0,1.0
2154,Epping,256,2452,5327,0.10440456769983687,0.04805706776797447,2154,Epping,1.0,1.0
2154,Castle Hill,1818,2452,4022,0.7414355628058727,0.4520139234211835,2154,Castle Hill,1.0,0.9983124
2154,Baulkham Hills,378,2452,4076,0.15415986949429036,0.09273797841020609,2154,Baulkham Hills,1.0,0.9968128
2155,Riverstone,629,2812,5927,0.2236842105263158,0.10612451493166863,2155,Riverstone,0.9896648,1.0
2155,Castle Hill,1756,2812,4022,0.6244665718349929,0.4365987071108901,2155,Castle Hill,0.9896648,0.9983124
2155,Baulkham Hills,427,2812,4076,0.15184921763869133,0.10475956820412169,2155,Baulkham Hills,0.9896648,0.9968128
2156,Castle Hill,238,294,4022,0.8095238095238095,0.0591745400298359,2156,Castle Hill,1.0,0.9983124
2156,Hawkesbury,42,294,5326,0.14285714285714285,0.007885843034171986,2156,Hawkesbury,1.0,0.9995091
2156,Hornsby,14,294,5597,0.047619047619047616,0.002501340003573343,2156,Hornsby,1.0,0.9977373
2157,Hawkesbury,150,150,5326,1.0,0.02816372512204281,2157,Hawkesbury,1.0,0.9995091
2158,Castle Hill,115,342,4022,0.3362573099415205,0.028592739930382895,2158,Castle Hill,1.0,0.9983124
2158,Hawkesbury,19,342,5326,0.05555555555555555,0.0035674051821254224,2158,Hawkesbury,1.0,0.9995091
2158,Epping,67,342,5327,0.195906432748538,0.012577435704899569,2158,Epping,1.0,1.0
2158,Hornsby,141,342,5597,0.41228070175438597,0.02519206717884581,2158,Hornsby,1.0,0.9977373
2159,Hornsby,200,200,5597,1.0,0.035733428622476325,2159,Hornsby,1.0,0.9977373
2160,Granville,4695,4816,12270,0.9748754152823921,0.38264058679706603,2160,Granville,0.9985917,0.9963767
2160,Auburn,121,4816,13415,0.025124584717607975,0.009019754006708907,2160,Auburn,0.9985917,0.993773
2161,Granville,1937,3605,12270,0.5373092926490984,0.1578647106764466,2161,Granville,0.9999041,0.9963767
2161,Auburn,762,3605,13415,0.21137309292649098,0.0568020872158032,2161,Auburn,0.9999041,0.993773
2161,Fairfield,906,3605,10127,0.25131761442441053,0.08946380961785326,2161,Fairfield,0.9999041,1.0
2162,Auburn,89,1955,13415,0.04552429667519182,0.0066343645173313455,2162,Auburn,1.0,0.993773
2162,Bankstown,1866,1955,10095,0.9544757033248081,0.1848439821693908,2162,Bankstown,1.0,0.9984279
2163,Fairfield,809,1621,10127,0.49907464528069095,0.07988545472499259,2163,Fairfield,1.0,1.0
2163,Bankstown,812,1621,10095,0.5009253547193091,0.08043585933630511,2163,Bankstown,1.0,0.9984279
2164,Prospect,1039,1819,6679,0.5711929631665751,0.15556220991166342,2164,Prospect,1.0,0.9982657
2164,Fairfield,780,1819,10127,0.42880703683342497,0.07702182284980745,2164,Fairfield,1.0,1.0
2165,Prospect,62,5554,6679,0.011163125675189053,0.009282826770474623,2165,Prospect,1.0,0.9982657
2165,Fairfield,5492,5554,10127,0.9888368743248109,0.5423126296040288,2165,Fairfield,1.0,1.0
2166,Cabramatta,4092,5967,7497,0.685771744595274,0.5458183273309324,2166,Cabramatta,1.0,1.0
2166,Fairfield,1875,5967,10127,0.314228255404726,0.18514861261972942,2166,Fairfield,1.0,1.0
2167,Macquarie Fields,876,876,7714,1.0,0.11355976147264714,2167,Macquarie Fields,1.0,0.9997426
2168,Liverpool,4450,4450,10774,1.0,0.41303137182105065,2168,Liverpool,1.0,0.9999999
2170,Holsworthy,4570,11165,5981,0.40931482310792655,0.7640862731984618,2170,Holsworthy,1.0,0.9999641
2170,Cabramatta,876,11165,7497,0.07845947156291984,0.1168467386954782,2170,Cabramatta,1.0,1.0
2170,Liverpool,5442,11165,10774,0.48741603224361846,0.5051048821236309,2170,Liverpool,1.0,0.9999999
2170,Macquarie Fields,277,11165,7714,0.024809673085535156,0.035908737360642984,2170,Macquarie Fields,1.0,0.9997426
2171,Mulgoa,694,1604,4289,0.43266832917705733,0.1618092795523432,2171,Mulgoa,1.0,0.9994336
2171,Camden,28,1604,5522,0.017456359102244388,0.0050706265845708075,2171,Camden,1.0,0.9988115
2171,Liverpool,882,1604,10774,0.5498753117206983,0.08186374605531836,2171,Liverpool,1.0,0.9999999
2172,Holsworthy,123,123,5981,1.0,0.02056512288914897,2172,Holsworthy,1.0,0.9999641
2173,Holsworthy,1219,1219,5981,1.0,0.2038120715599398,2173,Holsworthy,1.0,0.9999641
2174,Macquarie Fields,140,140,7714,1.0,0.018148820326678767,2174,Macquarie Fields,1.0,0.9997426
2175,Mulgoa,80,80,4289,1.0,0.0186523665190021,2175,Mulgoa,1.0,0.9994336
2176,Mulgoa,93,2804,4289,0.03316690442225392,0.02168337607833994,2176,Mulgoa,1.0,0.9994336
2176,Prospect,1271,2804,6679,0.4532810271041369,0.19029794879472975,2176,Prospect,1.0,0.9982657
2176,Cabramatta,1175,2804,7497,0.4190442225392297,0.1567293584100307,2176,Cabramatta,1.0,1.0
2176,Fairfield,265,2804,10127,0.09450784593437946,0.026167670583588428,2176,Fairfield,1.0,1.0
2177,Cabramatta,1354,1354,7497,1.0,0.18060557556355875,2177,Cabramatta,1.0,1.0
2178,Mulgoa,197,197,4289,1.0,0.045931452553042665,2178,Mulgoa,1.0,0.9994336
2179,Camden,491,540,5522,0.9092592592592592,0.08891705903658095,2179,Camden,0.9992883,0.9988115
2179,Mulgoa,41,540,4289,0.07592592592592592,0.009559337840988575,2179,Mulgoa,0.9992883,0.9994336
2179,Macquarie Fields,8,540,7714,0.014814814814814815,0.0010370754472387865,2179,Macquarie Fields,0.9992883,0.9997426
2190,Lakemba,2240,2240,11468,1.0,0.19532612486920126,2190,Lakemba,1.0,1.0
2191,Strathfield,167,597,12849,0.2797319932998325,0.01299712039847459,2191,Strathfield,1.0,0.998406
2191,Canterbury,430,597,10400,0.7202680067001676,0.041346153846153845,2191,Canterbury,1.0,0.9989494
2192,Canterbury,1823,1823,10400,1.0,0.17528846153846153,2192,Canterbury,1.0,0.9989494
2193,Canterbury,1498,1615,10400,0.9275541795665635,0.14403846153846153,2193,Canterbury,1.0,0.9989494
2193,Summer Hill,117,1615,13260,0.07244582043343653,0.008823529411764706,2193,Summer Hill,1.0,0.9922116
2194,Canterbury,4159,4159,10400,1.0,0.39990384615384617,2194,Canterbury,1.0,0.9989494
2195,Lakemba,4442,4442,11468,1.0,0.38733868154865714,2195,Lakemba,1.0,1.0
2196,Bankstown,109,3049,10095,0.03574942604132503,0.010797424467558197,2196,Bankstown,1.0,0.9984279
2196,Canterbury,740,3049,10400,0.2427025254181699,0.07115384615384615,2196,Canterbury,1.0,0.9989494
2196,Lakemba,2200,3049,11468,0.7215480485405051,0.19183815835367982,2196,Lakemba,1.0,1.0
2197,Bankstown,837,837,10095,1.0,0.08291233283803863,2197,Bankstown,1.0,0.9984279
2198,East Hills,269,427,6173,0.629976580796253,0.043576867001457964,2198,East Hills,1.0,0.9979308
2198,Bankstown,158,427,10095,0.3700234192037471,0.01565131253095592,2198,Bankstown,1.0,0.9984279
2199,Bankstown,1753,1778,10095,0.9859392575928009,0.17365032194155522,2199,Bankstown,1.0,0.9984279
2199,East Hills,25,1778,6173,0.0140607424071991,0.004049894702737729,2199,East Hills,1.0,0.9979308
2200,Lakemba,206,5331,11468,0.03864190583380229,0.017963027554935472,2200,Lakemba,0.9944774,1.0
2200,East Hills,931,5331,6173,0.1746389045207278,0.150818078729953,2200,East Hills,0.9944774,0.9979308
2200,Bankstown,4194,5331,10095,0.7867191896454699,0.41545319465081726,2200,Bankstown,0.9944774,0.9984279
2203,Summer Hill,2403,2403,13260,1.0,0.18122171945701357,2203,Summer Hill,1.0,0.9922116
2204,Summer Hill,3898,4365,13260,0.8930126002290951,0.29396681749622927,2204,Summer Hill,1.0,0.9922116
2204,Newtown,467,4365,20434,0.10698739977090492,0.02285406675149261,2204,Newtown,1.0,0.9972906
2205,Rockdale,3197,3197,11109,1.0,0.28778467908902694,2205,Rockdale,0.9946045,0.9982648
2206,Canterbury,1234,1234,10400,1.0,0.11865384615384615,2206,Canterbury,1.0,0.9989494
2207,Rockdale,482,2177,11109,0.22140560404225998,0.0433882437663156,2207,Rockdale,0.9945938,0.9982648
2207,Kogarah,1695,2177,11155,0.77859439595774,0.15194979829672792,2207,Kogarah,0.9945938,1.0
2208,Canterbury,476,1004,10400,0.47410358565737054,0.04576923076923077,2208,Canterbury,1.0,0.9989494
2208,Kogarah,528,1004,11155,0.5258964143426295,0.047333034513671,2208,Kogarah,1.0,1.0
2209,Kogarah,253,1668,11155,0.15167865707434053,0.02268041237113402,2209,Kogarah,0.9918103,1.0
2209,Canterbury,40,1668,10400,0.023980815347721823,0.0038461538461538464,2209,Canterbury,0.9918103,0.9989494
2209,Lakemba,681,1668,11468,0.40827338129496404,0.0593826299267527,2209,Lakemba,0.9918103,1.0
2209,Oatley,694,1668,6360,0.41606714628297364,0.10911949685534592,2209,Oatley,0.9918103,1.0
2210,Lakemba,1699,3293,11468,0.5159429092013361,0.14815137774677364,2210,Lakemba,0.9967395,1.0
2210,Oatley,1594,3293,6360,0.4840570907986638,0.25062893081761006,2210,Oatley,0.9967395,1.0
2211,East Hills,1469,1469,6173,1.0,0.23797181273286894,2211,East Hills,1.0,0.9979308
2212,East Hills,1623,1623,6173,1.0,0.2629191641017334,2212,East Hills,1.0,0.9979308
2213,East Hills,1739,1739,6173,1.0,0.2817106755224364,2213,East Hills,1.0,0.9979308
2214,East Hills,117,117,6173,1.0,0.01895350720881257,2214,East Hills,1.0,0.9979308
2216,Rockdale,4082,4082,11109,1.0,0.3674498154649383,2216,Rockdale,1.0,0.9982648
2217,Kogarah,1748,3686,11155,0.4742268041237113,0.15670103092783505,2217,Kogarah,0.9966257,1.0
2217,Rockdale,1938,3686,11109,0.5257731958762887,0.17445314609775858,2217,Rockdale,0.9966257,0.9982648
2218,Kogarah,2233,2233,11155,1.0,0.20017929179740027,2218,Kogarah,1.0,1.0
2219,Rockdale,1410,1410,11109,1.0,0.12692411558196057,2219,Rockdale,1.0,0.9982648
2220,Kogarah,4180,4314,11155,0.9689383402874363,0.3747198565665621,2220,Kogarah,0.9957081,1.0
2220,Oatley,134,4314,6360,0.031061659712563746,0.021069182389937106,2220,Oatley,0.9957081,1.0
2221,Kogarah,507,893,11155,0.5677491601343785,0.045450470640968174,2221,Kogarah,1.0,1.0
2221,Oatley,386,893,6360,0.4322508398656215,0.06069182389937107,2221,Oatley,1.0,1.0
2222,Kogarah,11,1567,11155,0.007019783024888321,0.0009861048857014792,2222,Kogarah,1.0,1.0
2222,Oatley,1556,1567,6360,0.9929802169751116,0.24465408805031447,2222,Oatley,1.0,1.0
2223,Oatley,1996,1996,6360,1.0,0.31383647798742137,2223,Oatley,1.0,1.0
2224,Miranda,895,895,5506,1.0,0.16254994551398474,2224,Miranda,0.9996516,0.9999329
2225,Miranda,121,121,5506,1.0,0.021976026153287323,2225,Miranda,1.0,0.9999329
2226,Miranda,733,733,5506,1.0,0.13312749727569922,2226,Miranda,1.0,0.9999329
2227,Cronulla,248,1072,6105,0.23134328358208955,0.04062244062244062,2227,Cronulla,0.9954129,0.999959
2227,Miranda,824,1072,5506,0.7686567164179104,0.14965492190337815,2227,Miranda,0.9954129,0.9999329
2228,Cronulla,166,1892,6105,0.08773784355179703,0.02719082719082719,2228,Cronulla,1.0,0.999959
2228,Miranda,1726,1892,5506,0.912262156448203,0.3134762077733382,2228,Miranda,1.0,0.9999329
2229,Cronulla,1772,2280,6105,0.7771929824561403,0.29025389025389026,2229,Cronulla,0.995666,0.999959
2229,Miranda,508,2280,5506,0.22280701754385965,0.09226298583363603,2229,Miranda,0.995666,0.9999329
2230,Cronulla,3549,3705,6105,0.9578947368421052,0.5813267813267813,2230,Cronulla,0.9999999,0.999959
2230,Heathcote,156,3705,4579,0.042105263157894736,0.03406857392443765,2230,Heathcote,0.9999999,0.9949272
2231,Cronulla,100,100,6105,1.0,0.01638001638001638,2231,Cronulla,0.9987701,0.999959
2232,Heathcote,2229,2991,4579,0.7452357071213641,0.486787508189561,2232,Heathcote,0.9975861,0.9949272
2232,Miranda,492,2991,5506,0.16449348044132397,0.0893570650199782,2232,Miranda,0.9975861,0.9999329
2232,Cronulla,270,2991,6105,0.09027081243731194,0.044226044226044224,2232,Cronulla,0.9975861,0.999959
2233,Heathcote,1058,1058,4579,1.0,0.23105481546189124,2233,Heathcote,0.9992845,0.9949272
2234,Holsworthy,69,958,5981,0.0720250521920668,0.011536532352449422,2234,Holsworthy,1.0,0.9999641
2234,Heathcote,682,958,4579,0.7118997912317327,0.148940816772221,2234,Heathcote,1.0,0.9949272
2234,Miranda,207,958,5506,0.2160751565762004,0.03759535052669815,2234,Miranda,1.0,0.9999329
2250,Cessnock,5,6916,6751,0.0007229612492770387,0.0007406310176270182,2250,Cessnock,1.0,0.9973209
2250,Terrigal,762,6916,4798,0.1101792943898207,0.15881617340558565,2250,Terrigal,1.0,1.0
2250,The Entrance,1588,6916,7215,0.2296124927703875,0.2200970200970201,2250,The Entrance,1.0,0.9988655
2250,Wyong,25,6916,7904,0.003614806246385194,0.0031629554655870445,2250,Wyong,1.0,0.993882
2250,Gosford,4536,6916,9550,0.6558704453441295,0.4749738219895288,2250,Gosford,1.0,0.9999999
2251,Terrigal,1966,1966,4798,1.0,0.4097540641934139,2251,Terrigal,0.9997837,1.0
2256,Gosford,1993,1993,9550,1.0,0.2086910994764398,2256,Gosford,1.0,0.9999999
2257,Terrigal,337,3288,4798,0.10249391727493917,0.07023759899958316,2257,Terrigal,1.0,1.0
2257,Gosford,2951,3288,9550,0.8975060827250608,0.30900523560209425,2257,Gosford,1.0,0.9999999
2258,The Entrance,347,363,7215,0.9559228650137741,0.048094248094248095,2258,The Entrance,1.0,0.9988655
2258,Wyong,16,363,7904,0.0440771349862259,0.0020242914979757085,2258,Wyong,1.0,0.993882
2259,Swansea,1114,5121,5904,0.21753563757078695,0.18868563685636858,2259,Swansea,1.0,0.9992629
2259,Lake Macquarie,189,5121,5890,0.03690685413005272,0.03208828522920204,2259,Lake Macquarie,1.0,0.9993909
2259,Wyong,3743,5121,7904,0.7309119312634251,0.4735576923076923,2259,Wyong,1.0,0.993882
2259,The Entrance,75,5121,7215,0.014645577035735208,0.010395010395010396,2259,The Entrance,1.0,0.9988655
2260,Terrigal,1733,1733,4798,1.0,0.36119216340141724,2260,Terrigal,1.0,1.0
2261,The Entrance,5205,5724,7215,0.9093291404612159,0.7214137214137214,2261,The Entrance,1.0,0.9988655
2261,Wyong,519,5724,7904,0.09067085953878407,0.06566295546558705,2261,Wyong,1.0,0.993882
2262,Wyong,604,1964,7904,0.3075356415478615,0.076417004048583,2262,Wyong,1.0,0.993882
2262,Swansea,1360,1964,5904,0.6924643584521385,0.23035230352303523,2262,Swansea,1.0,0.9992629
2263,Wyong,2997,2997,7904,1.0,0.3791751012145749,2263,Wyong,1.0,0.993882
2264,Lake Macquarie,1230,1230,5890,1.0,0.20882852292020374,2264,Lake Macquarie,1.0,0.9993909
2265,Lake Macquarie,426,426,5890,1.0,0.07232597623089983,2265,Lake Macquarie,1.0,0.9993909
2267,Lake Macquarie,247,247,5890,1.0,0.041935483870967745,2267,Lake Macquarie,1.0,0.9993909
2278,Cessnock,88,109,6751,0.8073394495412844,0.01303510591023552,2278,Cessnock,1.0,0.9973209
2278,Lake Macquarie,21,109,5890,0.1926605504587156,0.003565365025466893,2278,Lake Macquarie,1.0,0.9993909
2280,Swansea,2217,2221,5904,0.9981990094552003,0.3755081300813008,2280,Swansea,1.0,0.9992629
2280,Charlestown,4,2221,6485,0.0018009905447996398,0.0006168080185042405,2280,Charlestown,1.0,0.9976715
2281,Swansea,1206,1206,5904,1.0,0.20426829268292682,2281,Swansea,1.0,0.9992629
2282,Charlestown,836,920,6485,0.908695652173913,0.12891287586738628,2282,Charlestown,1.0,0.9976715
2282,Lake Macquarie,84,920,5890,0.09130434782608696,0.014261460101867572,2282,Lake Macquarie,1.0,0.9993909
2283,Lake Macquarie,2036,2036,5890,1.0,0.34567062818336164,2283,Lake Macquarie,1.0,0.9993909
2284,Lake Macquarie,1057,1057,5890,1.0,0.1794567062818336,2284,Lake Macquarie,1.0,0.9993909
2285,Lake Macquarie,578,2425,5890,0.23835051546391753,0.09813242784380305,2285,Lake Macquarie,0.99748,0.9993909
2285,Wallsend,632,2425,9141,0.2606185567010309,0.06913904386828575,2285,Wallsend,0.99748,0.9907015
2285,Charlestown,120,2425,6485,0.049484536082474224,0.018504240555127217,2285,Charlestown,0.99748,0.9976715
2285,Cessnock,1095,2425,6751,0.4515463917525773,0.162198192860317,2285,Cessnock,0.99748,0.9973209
2286,Cessnock,214,214,6751,1.0,0.03169900755443638,2286,Cessnock,1.0,0.9973209
2287,Wallsend,3573,3573,9141,1.0,0.39087627174269773,2287,Wallsend,1.0,0.9907015
2289,Newcastle,294,1615,11516,0.18204334365325078,0.025529697811740186,2289,Newcastle,0.9968913,1.0
2289,Charlestown,1321,1615,6485,0.8179566563467492,0.20370084811102546,2289,Charlestown,0.9968913,0.9976715
2290,Charlestown,2862,2869,6485,0.9975601254792611,0.44132613723978414,2290,Charlestown,0.9919595,0.9976715
2290,Swansea,7,2869,5904,0.0024398745207389336,0.0011856368563685636,2290,Swansea,0.9919595,0.9992629
2291,Charlestown,122,1657,6485,0.07362703681351841,0.01881264456437934,2291,Charlestown,0.9943276,0.9976715
2291,Newcastle,1535,1657,11516,0.9263729631864815,0.13329281000347343,2291,Newcastle,0.9943276,1.0
2292,Newcastle,404,404,11516,1.0,0.035081625564432097,2292,Newcastle,0.9796337,1.0
2293,Newcastle,465,465,11516,1.0,0.04037860368183397,2293,Newcastle,1.0,1.0
2294,Newcastle,364,364,11516,1.0,0.03160819729072595,2294,Newcastle,1.0,1.0
2295,Newcastle,634,634,11516,1.0,0.055053838138242446,2295,Newcastle,1.0,1.0
2296,Newcastle,388,388,11516,1.0,0.033692254254949636,2296,Newcastle,1.0,1.0
2297,Newcastle,217,217,11516,1.0,0.01884334838485585,2297,Newcastle,1.0,1.0
2298,Newcastle,251,1508,11516,0.16644562334217505,0.021795762417506078,2298,Newcastle,1.0,1.0
2298,Wallsend,1257,1508,9141,0.833554376657825,0.13751230718739743,2298,Wallsend,1.0,0.9907015
2299,Wallsend,1864,1864,9141,1.0,0.20391642052291872,2299,Wallsend,1.0,0.9907015
2300,Newcastle,2532,2532,11516,1.0,0.21986800972559917,2300,Newcastle,1.0,1.0
2302,Newcastle,162,162,11516,1.0,0.0140673845085099,2302,Newcastle,0.9999818,1.0
2303,Newcastle,1550,1550,11516,1.0,0.13459534560611322,2303,Newcastle,1.0,1.0
2304,Newcastle,2387,2387,11516,1.0,0.2072768322334144,2304,Newcastle,0.9999998,1.0
2305,Wallsend,749,1265,9141,0.5920948616600791,0.08193851876162346,2305,Wallsend,1.0,0.9907015
2305,Charlestown,190,1265,6485,0.15019762845849802,0.029298380878951428,2305,Charlestown,1.0,0.9976715
2305,Newcastle,326,1265,11516,0.25770750988142294,0.028308440430705104,2305,Newcastle,1.0,1.0
2306,Charlestown,1030,1030,6485,1.0,0.15882806476484193,2306,Charlestown,1.0,0.9976715
2307,Wallsend,535,535,9141,1.0,0.05852751340115961,2307,Wallsend,1.0,0.9907015
2311,Upper Hunter,48,48,7342,1.0,0.006537728139471534,2311,Upper Hunter,1.0,0.9947996
2312,Myall Lakes,90,90,7363,1.0,0.012223278554936847,2312,Myall Lakes,1.0,1.0
2315,Port Stephens,1676,1676,6930,1.0,0.24184704184704184,2315,Port Stephens,1.0,1.0
2316,Port Stephens,426,426,6930,1.0,0.06147186147186147,2316,Port Stephens,1.0,1.0
2317,Port Stephens,680,680,6930,1.0,0.09812409812409813,2317,Port Stephens,1.0,1.0
2318,Newcastle,7,797,11516,0.00878293601003764,0.0006078499478985759,2318,Newcastle,1.0,1.0
2318,Port Stephens,790,797,6930,0.9912170639899623,0.113997113997114,2318,Port Stephens,1.0,1.0
2319,Port Stephens,672,672,6930,1.0,0.09696969696969697,2319,Port Stephens,1.0,1.0
2320,Port Stephens,24,3424,6930,0.007009345794392523,0.003463203463203463,2320,Port Stephens,1.0,1.0
2320,Cessnock,59,3424,6751,0.01723130841121495,0.008739446007998815,2320,Cessnock,1.0,0.9973209
2320,Upper Hunter,10,3424,7342,0.0029205607476635513,0.001362026695723236,2320,Upper Hunter,1.0,0.9947996
2320,Maitland,3331,3424,7989,0.9728387850467289,0.4169483039178871,2320,Maitland,1.0,0.9982814
2321,Maitland,727,1154,7989,0.6299826689774697,0.09100012517211166,2321,Maitland,1.0,0.9982814
2321,Cessnock,301,1154,6751,0.2608318890814558,0.044585987261146494,2321,Cessnock,1.0,0.9973209
2321,Upper Hunter,87,1154,7342,0.07538994800693241,0.011849632252792154,2321,Upper Hunter,1.0,0.9947996
2321,Port Stephens,39,1154,6930,0.033795493934142114,0.005627705627705628,2321,Port Stephens,1.0,1.0
2322,Wallsend,531,1587,9141,0.33459357277882795,0.058089924515917296,2322,Wallsend,1.0,0.9907015
2322,Port Stephens,56,1587,6930,0.03528670447385003,0.00808080808080808,2322,Port Stephens,1.0,1.0
2322,Maitland,984,1587,7989,0.6200378071833649,0.12316935786706722,2322,Maitland,1.0,0.9982814
2322,Cessnock,16,1587,6751,0.010081915563957152,0.0023700192564064583,2322,Cessnock,1.0,0.9973209
2323,Cessnock,39,2984,6751,0.01306970509383378,0.005776921937490742,2323,Cessnock,0.9999996,0.9973209
2323,Maitland,2923,2984,7989,0.9795576407506702,0.3658780823632495,2323,Maitland,0.9999996,0.9982814
2323,Lake Macquarie,22,2984,5890,0.007372654155495978,0.003735144312393888,2323,Lake Macquarie,0.9999996,0.9993909
2324,Upper Hunter,3,2585,7342,0.0011605415860735009,0.00040860800871697086,2324,Upper Hunter,0.9999996,0.9947996
2324,Maitland,15,2585,7989,0.005802707930367505,0.001877581674802854,2324,Maitland,0.9999996,0.9982814
2324,Port Stephens,2567,2585,6930,0.993036750483559,0.3704184704184704,2324,Port Stephens,0.9999996,1.0
2325,Cessnock,2825,2825,6751,1.0,0.4184565249592653,2325,Cessnock,1.0,0.9973209
2326,Cessnock,551,551,6751,1.0,0.0816175381424974,2326,Cessnock,0.9983552,0.9973209
2327,Cessnock,917,917,6751,1.0,0.13583172863279513,2327,Cessnock,1.0,0.9973209
2328,Upper Hunter,204,204,7342,1.0,0.02778534459275402,2328,Upper Hunter,0.9999997,0.9947996
2329,Upper Hunter,181,181,7342,1.0,0.024652683192590574,2329,Upper Hunter,1.0,0.9947996
2330,Upper Hunter,2040,2085,7342,0.9784172661870504,0.2778534459275402,2330,Upper Hunter,1.0,0.9947996
2330,Cessnock,45,2085,6751,0.02158273381294964,0.006665679158643164,2330,Cessnock,1.0,0.9973209
2333,Upper Hunter,1971,1971,7342,1.0,0.26845546172704987,2333,Upper Hunter,1.0,0.9947996
2334,Cessnock,223,223,6751,1.0,0.03303214338616501,2334,Cessnock,1.0,0.9973209
2335,Cessnock,373,453,6751,0.8233995584988962,0.05525107391497556,2335,Cessnock,1.0,0.9973209
2335,Maitland,9,453,7989,0.019867549668874173,0.0011265490048817123,2335,Maitland,1.0,0.9982814
2335,Upper Hunter,71,453,7342,0.15673289183222958,0.009670389539634977,2335,Upper Hunter,1.0,0.9947996
2336,Upper Hunter,243,243,7342,1.0,0.03309724870607464,2336,Upper Hunter,1.0,0.9947996
2337,Upper Hunter,771,771,7342,1.0,0.1050122582402615,2337,Upper Hunter,1.0,0.9947996
2338,Tamworth,4,129,8322,0.031007751937984496,0.0004806536890170632,2338,Tamworth,1.0,0.9976104
2338,Upper Hunter,125,129,7342,0.9689922480620154,0.017025333696540454,2338,Upper Hunter,1.0,0.9947996
2339,Upper Hunter,39,39,7342,1.0,0.005311904113320621,2339,Upper Hunter,1.0,0.9947996
2340,Tamworth,5744,5744,8322,1.0,0.6902186974285027,2340,Tamworth,1.0,0.9976104
2341,Tamworth,176,176,8322,1.0,0.02114876231675078,2341,Tamworth,1.0,0.9976104
2342,Tamworth,30,30,8322,1.0,0.003604902667627974,2342,Tamworth,1.0,0.9976104
2343,Tamworth,6,508,8322,0.011811023622047244,0.0007209805335255948,2343,Tamworth,1.0,0.9976104
2343,Upper Hunter,502,508,7342,0.9881889763779528,0.06837374012530646,2343,Upper Hunter,1.0,0.9947996
2344,Tamworth,29,29,8322,1.0,0.003484739245373708,2344,Tamworth,1.0,0.9976104
2345,Tamworth,30,30,8322,1.0,0.003604902667627974,2345,Tamworth,1.0,0.9976104
2346,Tamworth,294,294,8322,1.0,0.035328046142754144,2346,Tamworth,1.0,0.9976104
2347,Tamworth,152,169,8322,0.8994082840236687,0.0182648401826484,2347,Tamworth,1.0,0.9976104
2347,Northern Tablelands,17,169,8654,0.10059171597633136,0.001964409521608505,2347,Northern Tablelands,1.0,1.0
2350,Northern Tablelands,3251,3251,8654,1.0,0.37566443263230875,2350,Northern Tablelands,1.0,1.0
2352,Tamworth,194,194,8322,1.0,0.023311703917327564,2352,Tamworth,1.0,0.9976104
2353,Tamworth,56,56,8322,1.0,0.0067291516462388845,2353,Tamworth,1.0,0.9976104
2354,Tamworth,241,261,8322,0.9233716475095786,0.028959384763278057,2354,Tamworth,1.0,0.9976104
2354,Northern Tablelands,20,261,8654,0.07662835249042145,0.0023110700254217703,2354,Northern Tablelands,1.0,1.0
2355,Tamworth,33,33,8322,1.0,0.003965392934390771,2355,Tamworth,1.0,0.9976104
2356,Barwon,10,10,8010,1.0,0.0012484394506866417,2356,Barwon,1.0,1.0
2357,Barwon,395,395,8010,1.0,0.04931335830212235,2357,Barwon,0.9857787,1.0
2358,Northern Tablelands,330,330,8654,1.0,0.03813265541945921,2358,Northern Tablelands,1.0,1.0
2359,Northern Tablelands,53,53,8654,1.0,0.006124335567367691,2359,Northern Tablelands,1.0,1.0
2360,Northern Tablelands,1638,1638,8654,1.0,0.18927663508204298,2360,Northern Tablelands,1.0,1.0
2361,Northern Tablelands,52,52,8654,1.0,0.006008782066096603,2361,Northern Tablelands,1.0,1.0
2365,Northern Tablelands,317,317,8654,1.0,0.03663045990293506,2365,Northern Tablelands,1.0,1.0
2369,Northern Tablelands,58,58,8654,1.0,0.0067021030737231336,2369,Northern Tablelands,1.0,1.0
2370,Northern Tablelands,783,783,8654,1.0,0.09047839149526231,2370,Northern Tablelands,1.0,1.0
2371,Lismore,4,63,7214,0.06349206349206349,0.0005544774050457444,2371,Lismore,1.0,0.9960037
2371,Northern Tablelands,59,63,8654,0.9365079365079365,0.0068176565749942224,2371,Northern Tablelands,1.0,1.0
2372,Lismore,435,435,7214,1.0,0.060299417798724705,2372,Lismore,1.0,0.9960037
2379,Barwon,10,21,8010,0.47619047619047616,0.0012484394506866417,2379,Barwon,0.8412327,1.0
2379,Tamworth,11,21,8322,0.5238095238095238,0.0013217976447969237,2379,Tamworth,0.8412327,0.9976104
2380,Tamworth,1226,1226,8322,1.0,0.14732035568372986,2380,Tamworth,1.0,0.9976104
2381,Tamworth,86,94,8322,0.9148936170212766,0.010334054313866858,2381,Tamworth,1.0,0.9976104
2381,Upper Hunter,5,94,7342,0.05319148936170213,0.000681013347861618,2381,Upper Hunter,1.0,0.9947996
2381,Barwon,3,94,8010,0.031914893617021274,0.0003745318352059925,2381,Barwon,1.0,1.0
2382,Barwon,135,145,8010,0.9310344827586207,0.016853932584269662,2382,Barwon,1.0,1.0
2382,Tamworth,10,145,8322,0.06896551724137931,0.001201634222542658,2382,Tamworth,1.0,0.9976104
2386,Barwon,26,26,8010,1.0,0.0032459425717852684,2386,Barwon,1.0,1.0
2387,Barwon,16,16,8010,1.0,0.0019975031210986267,2387,Barwon,1.0,1.0
2388,Barwon,279,279,8010,1.0,0.0348314606741573,2388,Barwon,1.0,1.0
2390,Barwon,900,908,8010,0.9911894273127754,0.11235955056179775,2390,Barwon,1.0,1.0
2390,Northern Tablelands,8,908,8654,0.00881057268722467,0.0009244280101687081,2390,Northern Tablelands,1.0,1.0
2395,Barwon,50,50,8010,1.0,0.006242197253433208,2395,Barwon,1.0,1.0
2396,Barwon,81,81,8010,1.0,0.010112359550561797,2396,Barwon,1.0,1.0
2397,Barwon,35,35,8010,1.0,0.004369538077403246,2397,Barwon,1.0,1.0
2398,Northern Tablelands,16,16,8654,1.0,0.0018488560203374163,2398,Northern Tablelands,1.0,1.0
2399,Northern Tablelands,29,29,8654,1.0,0.0033510515368615668,2399,Northern Tablelands,1.0,1.0
2400,Northern Tablelands,1358,1358,8654,1.0,0.1569216547261382,2400,Northern Tablelands,1.0,1.0
2401,Northern Tablelands,12,12,8654,1.0,0.0013866420152530623,2401,Northern Tablelands,1.0,1.0
2402,Northern Tablelands,150,150,8654,1.0,0.01733302519066328,2402,Northern Tablelands,1.0,1.0
2403,Northern Tablelands,33,33,8654,1.0,0.003813265541945921,2403,Northern Tablelands,1.0,1.0
2404,Northern Tablelands,140,140,8654,1.0,0.01617749017795239,2404,Northern Tablelands,1.0,1.0
2405,Northern Tablelands,21,21,8654,1.0,0.0024266235266928587,2405,Northern Tablelands,1.0,1.0
2406,Northern Tablelands,93,93,8654,1.0,0.010746475618211232,2406,Northern Tablelands,1.0,1.0
2408,Northern Tablelands,26,26,8654,1.0,0.0030043910330483014,2408,Northern Tablelands,1.0,1.0
2409,Northern Tablelands,157,157,8654,1.0,0.0181418996995609,2409,Northern Tablelands,1.0,1.0
2410,Northern Tablelands,17,17,8654,1.0,0.001964409521608505,2410,Northern Tablelands,1.0,1.0
2411,Northern Tablelands,7,7,8654,1.0,0.0008088745088976196,2411,Northern Tablelands,1.0,1.0
2415,Upper Hunter,33,33,7342,1.0,0.004494688095886679,2415,Upper Hunter,1.0,0.9947996
2420,Upper Hunter,315,315,7342,1.0,0.04290384091528194,2420,Upper Hunter,1.0,0.9947996
2421,Upper Hunter,62,62,7342,1.0,0.008444565513484064,2421,Upper Hunter,1.0,0.9947996
2422,Myall Lakes,3,477,7363,0.006289308176100629,0.0004074426184978949,2422,Myall Lakes,1.0,1.0
2422,Upper Hunter,474,477,7342,0.9937106918238994,0.0645600653772814,2422,Upper Hunter,1.0,0.9947996
2423,Myall Lakes,208,216,7363,0.9629629629629629,0.02824935488252071,2423,Myall Lakes,1.0,1.0
2423,Upper Hunter,8,216,7342,0.037037037037037035,0.001089621356578589,2423,Upper Hunter,1.0,0.9947996
2424,Myall Lakes,27,27,7363,1.0,0.003666983566481054,2424,Myall Lakes,1.0,1.0
2425,Upper Hunter,88,88,7342,1.0,0.011985834922364479,2425,Upper Hunter,1.0,0.9947996
2426,Port Macquarie,36,48,7623,0.75,0.004722550177095631,2426,Port Macquarie,1.0,0.9999999
2426,Myall Lakes,12,48,7363,0.25,0.0016297704739915795,2426,Myall Lakes,1.0,1.0
2427,Port Macquarie,299,299,7623,1.0,0.0392234028597665,2427,Port Macquarie,1.0,0.9999999
2428,Myall Lakes,2731,2731,7363,1.0,0.37090859703925033,2428,Myall Lakes,1.0,1.0
2429,Oxley,43,672,6963,0.06398809523809523,0.0061754990664943275,2429,Oxley,1.0,0.9991784
2429,Myall Lakes,629,672,7363,0.9360119047619048,0.08542713567839195,2429,Myall Lakes,1.0,1.0
2430,Myall Lakes,3663,3711,7363,0.9870654810024252,0.49748743718592964,2430,Myall Lakes,1.0,1.0
2430,Port Macquarie,48,3711,7623,0.012934518997574777,0.006296733569460842,2430,Port Macquarie,1.0,0.9999999
2431,Oxley,600,600,6963,1.0,0.08616975441619991,2431,Oxley,1.0,0.9991784
2439,Port Macquarie,119,119,7623,1.0,0.015610651974288337,2439,Port Macquarie,1.0,0.9999999
2440,Oxley,1944,1944,6963,1.0,0.2791900043084877,2440,Oxley,1.0,0.9991784
2441,Oxley,277,305,6963,0.9081967213114754,0.039781703288812295,2441,Oxley,1.0,0.9991784
2441,Port Macquarie,28,305,7623,0.09180327868852459,0.0036730945821854912,2441,Port Macquarie,1.0,0.9999999
2443,Port Macquarie,844,844,7623,1.0,0.1107175652630198,2443,Port Macquarie,0.961499,0.9999999
2444,Port Macquarie,5693,5693,7623,1.0,0.7468188377279287,2444,Port Macquarie,1.0,0.9999999
2445,Port Macquarie,432,432,7623,1.0,0.05667060212514758,2445,Port Macquarie,1.0,0.9999999
2446,Port Macquarie,86,1009,7623,0.08523290386521308,0.011281647645284009,2446,Port Macquarie,1.0,0.9999999
2446,Oxley,923,1009,6963,0.9147670961347869,0.13255780554358754,2446,Oxley,1.0,0.9991784
2447,Oxley,553,553,6963,1.0,0.07941979032026425,2447,Oxley,1.0,0.9991784
2448,Oxley,1236,1236,6963,1.0,0.17750969409737183,2448,Oxley,1.0,0.9991784
2449,Oxley,196,196,6963,1.0,0.028148786442625306,2449,Oxley,0.9966496,0.9991784
2450,Clarence,45,5119,7444,0.008790779449111155,0.006045137023105857,2450,Clarence,1.0,0.9985603
2450,Coffs Harbour,5074,5119,8320,0.9912092205508889,0.6098557692307692,2450,Coffs Harbour,1.0,1.0
2452,Coffs Harbour,1875,1875,8320,1.0,0.22536057692307693,2452,Coffs Harbour,1.0,1.0
2453,Oxley,178,209,6963,0.8516746411483254,0.025563693810139308,2453,Oxley,1.0,0.9991784
2453,Northern Tablelands,9,209,8654,0.0430622009569378,0.0010399815114397967,2453,Northern Tablelands,1.0,1.0
2453,Clarence,22,209,7444,0.10526315789473684,0.002955400322407308,2453,Clarence,1.0,0.9985603
2454,Oxley,623,634,6963,0.9826498422712934,0.08947292833548758,2454,Oxley,1.0,0.9991784
2454,Coffs Harbour,11,634,8320,0.017350157728706624,0.0013221153846153847,2454,Coffs Harbour,1.0,1.0
2455,Oxley,390,390,6963,1.0,0.056010340370529946,2455,Oxley,1.0,0.9991784
2456,Coffs Harbour,1360,1360,8320,1.0,0.16346153846153846,2456,Coffs Harbour,1.0,1.0
2460,Clarence,2780,2780,7444,1.0,0.3734551316496507,2460,Clarence,1.0,0.9985603
2462,Clarence,191,191,7444,1.0,0.025658248253627083,2462,Clarence,1.0,0.9985603
2463,Clarence,643,643,7444,1.0,0.08637829124126814,2463,Clarence,1.0,0.9985603
2464,Clarence,906,906,7444,1.0,0.12170875873186458,2464,Clarence,1.0,0.9985603
2465,Clarence,31,31,7444,1.0,0.004164427727028479,2465,Clarence,1.0,0.9985603
2466,Clarence,269,269,7444,1.0,0.0361364857603439,2466,Clarence,0.9995456,0.9985603
2469,Lismore,153,273,7214,0.5604395604395604,0.021208760742999724,2469,Lismore,1.0,0.9960037
2469,Clarence,120,273,7444,0.43956043956043955,0.016120365394948953,2469,Clarence,1.0,0.9985603
2470,Lismore,17,1605,7214,0.01059190031152648,0.0023565289714444137,2470,Lismore,1.0,0.9960037
2470,Clarence,1588,1605,7444,0.9894080996884735,0.21332616872649113,2470,Clarence,1.0,0.9985603
2471,Lismore,21,187,7214,0.11229946524064172,0.002911006376490158,2471,Lismore,1.0,0.9960037
2471,Clarence,166,187,7444,0.8877005347593583,0.02229983879634605,2471,Clarence,1.0,0.9985603
2472,Lismore,5,155,7214,0.03225806451612903,0.0006930967563071804,2472,Lismore,1.0,0.9960037
2472,Clarence,150,155,7444,0.967741935483871,0.02015045674368619,2472,Clarence,1.0,0.9985603
2473,Clarence,518,518,7444,1.0,0.06958624395486297,2473,Clarence,1.0,0.9985603
2474,Lismore,525,525,7214,1.0,0.07277515941225395,2474,Lismore,1.0,0.9960037
2475,Lismore,31,31,7214,1.0,0.004297199889104519,2475,Lismore,1.0,0.9960037
2476,Lismore,69,69,7214,1.0,0.009564735237039091,2476,Lismore,1.0,0.9960037
2477,Lismore,5,994,7214,0.005030181086519115,0.0006930967563071804,2477,Lismore,1.0,0.9960037
2477,Ballina,989,994,7965,0.9949698189134809,0.1241682360326428,2477,Ballina,1.0,0.9995546
2478,Ballina,3430,3430,7965,1.0,0.43063402385436284,2478,Ballina,1.0,0.9995546
2479,Ballina,397,397,7965,1.0,0.04984306340238544,2479,Ballina,1.0,0.9995546
2480,Lismore,4540,4649,7214,0.9765540976554098,0.6293318547269199,2480,Lismore,1.0,0.9960037
2480,Ballina,94,4649,7965,0.0202194020219402,0.01180163214061519,2480,Ballina,1.0,0.9995546
2480,Clarence,15,4649,7444,0.0032265003226500323,0.002015045674368619,2480,Clarence,1.0,0.9985603
2481,Ballina,1382,1382,7965,1.0,0.17350910232266165,2481,Ballina,1.0,0.9995546
2482,Ballina,607,607,7965,1.0,0.07620841180163214,2482,Ballina,1.0,0.9995546
2483,Ballina,1066,1199,7965,0.8890742285237698,0.13383553044569993,2483,Ballina,1.0,0.9995546
2483,Tweed,133,1199,7969,0.11092577147623019,0.016689672480863345,2483,Tweed,1.0,0.998306
2484,Tweed,226,1635,7969,0.1382262996941896,0.028359894591542225,2484,Tweed,1.0,0.998306
2484,Lismore,1409,1635,7214,0.8617737003058104,0.19531466592736346,2484,Lismore,1.0,0.9960037
2485,Tweed,2183,2183,7969,1.0,0.27393650395281716,2485,Tweed,1.0,0.998306
2486,Tweed,2790,2790,7969,1.0,0.35010666332036644,2486,Tweed,1.0,0.998306
2487,Tweed,1511,1511,7969,1.0,0.18960973773371817,2487,Tweed,1.0,0.998306
2488,Tweed,383,383,7969,1.0,0.04806123729451625,2488,Tweed,1.0,0.998306
2489,Tweed,692,692,7969,1.0,0.08683649140419124,2489,Tweed,1.0,0.998306
2490,Tweed,51,51,7969,1.0,0.006399799221985193,2490,Tweed,1.0,0.998306
2500,Keira,1102,7290,7278,0.15116598079561042,0.1514152239626271,2500,Keira,1.0,1.0
2500,Wollongong,6188,7290,12104,0.8488340192043896,0.5112359550561798,2500,Wollongong,1.0,1.0
2502,Wollongong,1555,1555,12104,1.0,0.1284699272967614,2502,Wollongong,1.0,1.0
2505,Wollongong,614,614,12104,1.0,0.0507270323859881,2505,Wollongong,1.0,1.0
2506,Wollongong,981,981,12104,1.0,0.08104758757435558,2506,Wollongong,1.0,1.0
2508,Heathcote,375,375,4579,1.0,0.08189561039528281,2508,Heathcote,1.0,0.9949272
2515,Heathcote,79,725,4579,0.10896551724137932,0.017252675256606245,2515,Heathcote,1.0,0.9949272
2515,Keira,646,725,7278,0.8910344827586207,0.08876064852981588,2515,Keira,1.0,1.0
2516,Keira,448,448,7278,1.0,0.0615553723550426,2516,Keira,1.0,1.0
2517,Keira,1196,1196,7278,1.0,0.16433086012640835,2517,Keira,0.9999993,1.0
2518,Wollongong,357,2731,12104,0.13072134749176126,0.02949438202247191,2518,Wollongong,1.0,1.0
2518,Keira,2374,2731,7278,0.8692786525082388,0.3261885133278373,2518,Keira,1.0,1.0
2519,Wollongong,800,1878,12104,0.42598509052183176,0.06609385327164574,2519,Wollongong,1.0,1.0
2519,Keira,1078,1878,7278,0.5740149094781682,0.14811761472932125,2519,Keira,1.0,1.0
2525,Wollongong,184,618,12104,0.2977346278317152,0.01520158625247852,2525,Wollongong,1.0,1.0
2525,Keira,434,618,7278,0.7022653721682848,0.059631766968947515,2525,Keira,1.0,1.0
2526,Wollongong,1171,1171,12104,1.0,0.09674487772637144,2526,Wollongong,1.0,1.0
2527,Shellharbour,267,1391,7348,0.19194823867721064,0.03633641807294502,2527,Shellharbour,1.0,0.9976253
2527,Kiama,1124,1391,5157,0.8080517613227893,0.2179561760713593,2527,Kiama,1.0,0.9991972
2528,Shellharbour,2782,3036,7348,0.9163372859025033,0.3786064235166032,2528,Shellharbour,1.0,0.9976253
2528,Wollongong,254,3036,12104,0.0836627140974967,0.02098479841374752,2528,Wollongong,1.0,1.0
2529,Kiama,7,2031,5157,0.0034465780403741997,0.001357378320729106,2529,Kiama,1.0,0.9991972
2529,Shellharbour,2024,2031,7348,0.9965534219596258,0.2754491017964072,2529,Shellharbour,1.0,0.9976253
2530,Shellharbour,2275,2275,7348,1.0,0.3096080566140446,2530,Shellharbour,1.0,0.9976253
2533,Kiama,1049,1049,5157,1.0,0.20341283692069032,2533,Kiama,1.0,0.9991972
2534,Kiama,399,399,5157,1.0,0.07737056428155904,2534,Kiama,1.0,0.9991972
2535,Kiama,466,466,5157,1.0,0.09036261392282335,2535,Kiama,1.0,0.9991972
2536,Bega,1920,1953,6538,0.9831029185867896,0.29366778831446927,2536,Bega,1.0,1.0
2536,South Coast,33,1953,6818,0.016897081413210446,0.0048401290701085365,2536,South Coast,1.0,0.9941123
2537,Bega,1025,1025,6538,1.0,0.15677577240746404,2537,Bega,1.0,1.0
2538,South Coast,101,101,6818,1.0,0.014813728366089763,2538,South Coast,1.0,0.9941123
2539,South Coast,1627,1627,6818,1.0,0.23863303021413904,2539,South Coast,0.9999296,0.9941123
2540,South Coast,3467,3630,6818,0.9550964187327824,0.5085068935171605,2540,South Coast,1.0,0.9941123
2540,Kiama,163,3630,5157,0.04490358126721763,0.03160752375412061,2540,Kiama,1.0,0.9991972
2541,South Coast,1590,3472,6818,0.45794930875576034,0.2332062188325022,2541,South Coast,1.0,0.9941123
2541,Kiama,1882,3472,5157,0.5420506912442397,0.36494085708745394,2541,Kiama,1.0,0.9991972
2545,Bega,55,55,6538,1.0,0.0084123585194249,2545,Bega,1.0,1.0
2546,Bega,840,840,6538,1.0,0.1284796573875803,2546,Bega,1.0,1.0
2548,Bega,804,804,6538,1.0,0.122973386356684,2548,Bega,1.0,1.0
2549,Bega,233,233,6538,1.0,0.03563780972774549,2549,Bega,1.0,1.0
2550,Bega,1228,1228,6538,1.0,0.18782502294279596,2550,Bega,1.0,1.0
2551,Bega,429,429,6538,1.0,0.06561639645151422,2551,Bega,1.0,1.0
2555,Camden,21,21,5522,1.0,0.003802969938428106,2555,Camden,1.0,0.9988115
2556,Camden,125,125,5522,1.0,0.02263672582397682,2556,Camden,1.0,0.9988115
2557,Camden,541,541,5522,1.0,0.09797174936617167,2557,Camden,1.0,0.9988115
2558,Macquarie Fields,274,721,7714,0.3800277392510402,0.03551983406792844,2558,Macquarie Fields,1.0,0.9997426
2558,Campbelltown,447,721,9055,0.6199722607489597,0.04936499171728327,2558,Campbelltown,1.0,0.9989032
2559,Campbelltown,613,613,9055,1.0,0.06769740474875759,2559,Campbelltown,1.0,0.9989032
2560,Campbelltown,7956,8408,9055,0.9462416745956232,0.8786305908337935,2560,Campbelltown,1.0,0.9989032
2560,Macquarie Fields,344,8408,7714,0.04091341579448145,0.04459424423126782,2560,Macquarie Fields,1.0,0.9997426
2560,Wollondilly,108,8408,4094,0.012844909609895337,0.026380068392769906,2560,Wollondilly,1.0,1.0
2563,Campbelltown,39,39,9055,1.0,0.0043070127001656544,2563,Campbelltown,1.0,0.9989032
2564,Macquarie Fields,1789,1789,7714,1.0,0.23191599688877365,2564,Macquarie Fields,1.0,0.9997426
2565,Macquarie Fields,1819,1819,7714,1.0,0.2358050298159191,2565,Macquarie Fields,0.9967247,0.9997426
2566,Macquarie Fields,2187,2187,7714,1.0,0.2835105003889033,2566,Macquarie Fields,1.0,0.9997426
2567,Camden,2273,2273,5522,1.0,0.4116262223831945,2567,Camden,0.9930282,0.9988115
2568,Wollondilly,30,30,4094,1.0,0.0073277967757694185,2568,Wollondilly,1.0,1.0
2569,Wollondilly,38,38,4094,1.0,0.009281875915974597,2569,Wollondilly,1.0,1.0
2570,Wollondilly,321,2300,4094,0.13956521739130434,0.07840742550073278,2570,Wollondilly,0.9999802,1.0
2570,Camden,1979,2300,5522,0.8604347826086957,0.35838464324520103,2570,Camden,0.9999802,0.9988115
2571,Wollondilly,511,511,4094,1.0,0.12481680508060576,2571,Wollondilly,1.0,1.0
2572,Wollondilly,255,255,4094,1.0,0.06228627259404006,2572,Wollondilly,1.0,1.0
2573,Wollondilly,493,493,4094,1.0,0.12042012701514411,2573,Wollondilly,1.0,1.0
2574,Wollondilly,246,246,4094,1.0,0.06008793356130923,2574,Wollondilly,1.0,1.0
2575,Goulburn,15,1075,5967,0.013953488372093023,0.002513826043237808,2575,Goulburn,1.0,0.9957683
2575,Wollondilly,1060,1075,4094,0.986046511627907,0.2589154860771861,2575,Wollondilly,1.0,1.0
2576,Wollondilly,875,905,4094,0.9668508287292817,0.21372740595994139,2576,Wollondilly,1.0,1.0
2576,Goulburn,30,905,5967,0.03314917127071823,0.005027652086475616,2576,Goulburn,1.0,0.9957683
2577,Goulburn,1148,1215,5967,0.9448559670781893,0.19239148650913357,2577,Goulburn,1.0,0.9957683
2577,Kiama,67,1215,5157,0.0551440329218107,0.0129920496412643,2577,Kiama,1.0,0.9991972
2578,Goulburn,132,132,5967,1.0,0.02212166918049271,2578,Goulburn,1.0,0.9957683
2579,Goulburn,204,204,5967,1.0,0.03418803418803419,2579,Goulburn,1.0,0.9957683
2580,Goulburn,2994,3002,5967,0.9973351099267155,0.5017596782302665,2580,Goulburn,1.0,0.9957683
2580,Monaro,8,3002,7736,0.002664890073284477,0.001034126163391934,2580,Monaro,1.0,1.0
2581,Goulburn,92,98,5967,0.9387755102040817,0.015418133065191889,2581,Goulburn,1.0,0.9957683
2581,Monaro,6,98,7736,0.061224489795918366,0.0007755946225439503,2581,Monaro,1.0,1.0
2582,Goulburn,740,740,5967,1.0,0.12401541813306519,2582,Goulburn,1.0,0.9957683
2583,Goulburn,258,258,5967,1.0,0.043237807943690296,2583,Goulburn,1.0,0.9957683
2584,Goulburn,41,41,5967,1.0,0.006871124518183342,2584,Goulburn,1.0,0.9957683
2585,Cootamundra,17,17,5998,1.0,0.0028342780926975657,2585,Cootamundra,1.0,0.9984328
2586,Cootamundra,21,187,5998,0.11229946524064172,0.0035011670556852285,2586,Cootamundra,1.0,0.9984328
2586,Goulburn,166,187,5967,0.8877005347593583,0.02781967487849841,2586,Goulburn,1.0,0.9957683
2587,Cootamundra,193,193,5998,1.0,0.03217739246415472,2587,Cootamundra,1.0,0.9984328
2588,Cootamundra,12,12,5998,1.0,0.0020006668889629878,2588,Cootamundra,1.0,0.9984328
2590,Cootamundra,669,669,5998,1.0,0.11153717905968656,2590,Cootamundra,1.0,0.9984328
2594,Cootamundra,1231,1231,5998,1.0,0.20523507835945315,2594,Cootamundra,1.0,0.9984328
2618,Goulburn,47,47,5967,1.0,0.007876654935478464,2618,Goulburn,0.8910169,0.9957683
2619,Monaro,633,633,7736,1.0,0.08182523267838676,2619,Monaro,1.0,1.0
2620,Goulburn,91,4570,5967,0.019912472647702406,0.015250544662309368,2620,Goulburn,0.9998418,0.9957683
2620,Monaro,4479,4570,7736,0.9800875273522975,0.578981385729059,2620,Monaro,0.9998418,1.0
2621,Monaro,282,285,7736,0.9894736842105263,0.03645294725956567,2621,Monaro,1.0,1.0
2621,Goulburn,3,285,5967,0.010526315789473684,0.0005027652086475615,2621,Goulburn,1.0,0.9957683
2622,Goulburn,3,238,5967,0.012605042016806723,0.0005027652086475615,2622,Goulburn,0.9693882,0.9957683
2622,Monaro,235,238,7736,0.9873949579831933,0.030377456049638055,2622,Monaro,0.9693882,1.0
2623,Monaro,39,39,7736,1.0,0.005041365046535677,2623,Monaro,1.0,1.0
2625,Monaro,42,42,7736,1.0,0.005429162357807653,2625,Monaro,1.0,1.0
2626,Monaro,10,10,7736,1.0,0.0012926577042399173,2626,Monaro,1.0,1.0
2627,Monaro,744,744,7736,1.0,0.09617373319544985,2627,Monaro,0.977841,1.0
2628,Monaro,155,155,7736,1.0,0.020036194415718717,2628,Monaro,1.0,1.0
2629,Wagga Wagga,5,49,8628,0.10204081632653061,0.0005795085767269356,2629,Wagga Wagga,1.0,0.9992948
2629,Monaro,44,49,7736,0.8979591836734694,0.005687693898655636,2629,Monaro,1.0,1.0
2630,Monaro,869,869,7736,1.0,0.11233195449844881,2630,Monaro,1.0,1.0
2631,Monaro,30,30,7736,1.0,0.0038779731127197518,2631,Monaro,1.0,1.0
2632,Bega,4,149,6538,0.026845637583892617,0.000611807892321811,2632,Bega,1.0,1.0
2632,Monaro,145,149,7736,0.9731543624161074,0.0187435367114788,2632,Monaro,1.0,1.0
2633,Monaro,15,15,7736,1.0,0.0019389865563598759,2633,Monaro,1.0,1.0
2640,Albury,4285,4285,8527,1.0,0.5025214026034948,2640,Albury,1.0,1.0
2641,Albury,2286,2286,8527,1.0,0.26808959774832886,2641,Albury,1.0,1.0
2642,Albury,207,215,8527,0.9627906976744186,0.024275829717368358,2642,Albury,1.0,1.0
2642,Wagga Wagga,8,215,8628,0.037209302325581395,0.0009272137227630969,2642,Wagga Wagga,1.0,0.9992948
2643,Albury,194,194,8527,1.0,0.022751260701301748,2643,Albury,1.0,1.0
2644,Albury,160,160,8527,1.0,0.01876392635158907,2644,Albury,1.0,1.0
2645,Albury,19,19,8527,1.0,0.002228216254251202,2645,Albury,1.0,1.0
2646,Albury,603,603,8527,1.0,0.0707165474375513,2646,Albury,1.0,1.0
2647,Albury,188,188,8527,1.0,0.022047613463117156,2647,Albury,1.0,1.0
2648,Barwon,3,206,8010,0.014563106796116505,0.0003745318352059925,2648,Barwon,1.0,1.0
2648,Murray,203,206,7761,0.9854368932038835,0.026156423141347765,2648,Murray,1.0,1.0
2650,Albury,3,7039,8527,0.00042619690296917176,0.0003518236190922951,2650,Albury,1.0,1.0
2650,Cootamundra,16,7039,5998,0.002273050149168916,0.00266755585195065,2650,Cootamundra,1.0,0.9984328
2650,Wagga Wagga,7020,7039,8628,0.9973007529478619,0.8136300417246175,2650,Wagga Wagga,1.0,0.9992948
2651,Wagga Wagga,264,264,8628,1.0,0.030598052851182198,2651,Wagga Wagga,1.0,0.9992948
2652,Murray,55,248,7761,0.2217741935483871,0.0070867156294291975,2652,Murray,1.0,1.0
2652,Wagga Wagga,123,248,8628,0.4959677419354839,0.014255910987482615,2652,Wagga Wagga,1.0,0.9992948
2652,Albury,17,248,8527,0.06854838709677419,0.001993667174856339,2652,Albury,1.0,1.0
2652,Cootamundra,53,248,5998,0.21370967741935484,0.008836278759586529,2652,Cootamundra,1.0,0.9984328
2653,Albury,218,218,8527,1.0,0.02556584965404011,2653,Albury,1.0,1.0
2655,Wagga Wagga,62,62,8628,1.0,0.007185906351414001,2655,Wagga Wagga,1.0,0.9992948
2656,Wagga Wagga,92,92,8628,1.0,0.010662957811775614,2656,Wagga Wagga,1.0,0.9992948
2658,Albury,82,90,8527,0.9111111111111111,0.009616512255189398,2658,Albury,1.0,1.0
2658,Wagga Wagga,8,90,8628,0.08888888888888889,0.0009272137227630969,2658,Wagga Wagga,1.0,0.9992948
2659,Albury,41,41,8527,1.0,0.004808256127594699,2659,Albury,1.0,1.0
2660,Albury,114,114,8527,1.0,0.013369297525507213,2660,Albury,1.0,1.0
2661,Wagga Wagga,45,45,8628,1.0,0.00521557719054242,2661,Wagga Wagga,1.0,0.9992948
2663,Cootamundra,404,404,5998,1.0,0.06735578526175391,2663,Cootamundra,1.0,0.9984328
2665,Murray,4,107,7761,0.037383177570093455,0.0005153975003221235,2665,Murray,1.0,1.0
2665,Cootamundra,103,107,5998,0.9626168224299065,0.01717239079693231,2665,Cootamundra,1.0,0.9984328
2666,Cootamundra,463,463,5998,1.0,0.07719239746582195,2666,Cootamundra,1.0,0.9984328
2668,Cootamundra,14,14,5998,1.0,0.002334111370456819,2668,Cootamundra,1.0,0.9984328
2669,Cootamundra,50,69,5998,0.7246376811594203,0.008336112037345782,2669,Cootamundra,1.0,0.9984328
2669,Barwon,11,69,8010,0.15942028985507245,0.0013732833957553058,2669,Barwon,1.0,1.0
2669,Murray,8,69,7761,0.11594202898550725,0.001030795000644247,2669,Murray,1.0,1.0
2671,Cootamundra,343,346,5998,0.9913294797687862,0.057185728576192064,2671,Cootamundra,1.0,0.9984328
2671,Barwon,3,346,8010,0.008670520231213872,0.0003745318352059925,2671,Barwon,1.0,1.0
2672,Barwon,182,182,8010,1.0,0.02272159800249688,2672,Barwon,1.0,1.0
2675,Murray,179,179,7761,1.0,0.023064038139415023,2675,Murray,1.0,1.0
2680,Murray,2548,2548,7761,1.0,0.32830820770519265,2680,Murray,1.0,1.0
2681,Murray,127,127,7761,1.0,0.01636387063522742,2681,Murray,1.0,1.0
2700,Cootamundra,477,481,5998,0.9916839916839917,0.07952650883627876,2700,Cootamundra,1.0,0.9984328
2700,Albury,4,481,8527,0.008316008316008316,0.00046909815878972674,2700,Albury,1.0,1.0
2701,Cootamundra,134,134,5998,1.0,0.022340780260086696,2701,Cootamundra,1.0,0.9984328
2702,Cootamundra,29,29,5998,1.0,0.004834944981660554,2702,Cootamundra,1.0,0.9984328
2703,Murray,58,58,7761,1.0,0.00747326375467079,2703,Murray,1.0,1.0
2705,Murray,1000,1000,7761,1.0,0.12884937508053085,2705,Murray,1.0,1.0
2706,Murray,141,141,7761,1.0,0.01816776188635485,2706,Murray,1.0,1.0
2707,Albury,9,132,8527,0.06818181818181818,0.001055470857276885,2707,Albury,1.0,1.0
2707,Murray,123,132,7761,0.9318181818181818,0.015848473134905297,2707,Murray,1.0,1.0
2710,Murray,999,1004,7761,0.9950199203187251,0.12872052570545034,2710,Murray,1.0,1.0
2710,Albury,5,1004,8527,0.0049800796812749,0.0005863726984871585,2710,Albury,1.0,1.0
2711,Murray,326,326,7761,1.0,0.04200489627625306,2711,Murray,1.0,1.0
2712,Murray,102,102,7761,1.0,0.013142636258214147,2712,Murray,1.0,1.0
2713,Murray,254,254,7761,1.0,0.03272774127045484,2713,Murray,1.0,1.0
2714,Murray,227,227,7761,1.0,0.029248808143280507,2714,Murray,1.0,1.0
2715,Murray,163,163,7761,1.0,0.02100244813812653,2715,Murray,1.0,1.0
2716,Albury,92,92,8527,1.0,0.010789257652163715,2716,Albury,1.0,1.0
2717,Murray,140,140,7761,1.0,0.01803891251127432,2717,Murray,0.9823261,1.0
2720,Wagga Wagga,796,796,8628,1.0,0.09225776541492814,2720,Wagga Wagga,1.0,0.9992948
2721,Cootamundra,9,9,5998,1.0,0.0015005001667222407,2721,Cootamundra,1.0,0.9984328
2722,Cootamundra,232,246,5998,0.943089430894309,0.03867955985328443,2722,Cootamundra,1.0,0.9984328
2722,Wagga Wagga,14,246,8628,0.056910569105691054,0.0016226240148354196,2722,Wagga Wagga,1.0,0.9992948
2725,Cootamundra,12,12,5998,1.0,0.0020006668889629878,2725,Cootamundra,1.0,0.9984328
2726,Cootamundra,14,14,5998,1.0,0.002334111370456819,2726,Cootamundra,1.0,0.9984328
2727,Cootamundra,14,14,5998,1.0,0.002334111370456819,2727,Cootamundra,0.8295316,0.9984328
2729,Wagga Wagga,73,92,8628,0.7934782608695652,0.008460825220213259,2729,Wagga Wagga,0.9999997,0.9992948
2729,Cootamundra,19,92,5998,0.20652173913043478,0.003167722574191397,2729,Cootamundra,0.9999997,0.9984328
2730,Wagga Wagga,118,118,8628,1.0,0.013676402410755678,2730,Wagga Wagga,1.0,0.9992948
2731,Murray,575,575,7761,1.0,0.07408839067130524,2731,Murray,1.0,1.0
2732,Murray,159,159,7761,1.0,0.020487050637804406,2732,Murray,1.0,1.0
2733,Murray,41,41,7761,1.0,0.005282824378301765,2733,Murray,1.0,1.0
2734,Murray,7,7,7761,1.0,0.000901945625563716,2734,Murray,1.0,1.0
2735,Murray,22,22,7761,1.0,0.002834686251771679,2735,Murray,1.0,1.0
2736,Murray,23,23,7761,1.0,0.0029635356268522097,2736,Murray,1.0,1.0
2737,Murray,59,59,7761,1.0,0.0076021131297513206,2737,Murray,1.0,1.0
2738,Murray,94,94,7761,1.0,0.012111841257569901,2738,Murray,1.0,1.0
2739,Murray,124,124,7761,1.0,0.015977322509985827,2739,Murray,1.0,1.0
2745,Mulgoa,1741,1809,4289,0.9624101713653952,0.40592212636978314,2745,Mulgoa,1.0,0.9994336
2745,Wollondilly,4,1809,4094,0.002211166390270868,0.0009770395701025891,2745,Wollondilly,1.0,1.0
2745,Camden,64,1809,5522,0.035378662244333885,0.011590003621876132,2745,Camden,1.0,0.9988115
2747,Penrith,1964,4718,8940,0.4162780839338703,0.2196868008948546,2747,Penrith,1.0,0.995972
2747,Londonderry,2754,4718,10791,0.5837219160661297,0.25521267723102586,2747,Londonderry,1.0,0.9991703
2748,Mulgoa,50,75,4289,0.6666666666666666,0.011657729074376311,2748,Mulgoa,1.0,0.9994336
2748,Londonderry,25,75,10791,0.3333333333333333,0.002316745436011491,2748,Londonderry,1.0,0.9991703
2749,Penrith,1274,1342,8940,0.9493293591654247,0.14250559284116332,2749,Penrith,1.0,0.995972
2749,Londonderry,68,1342,10791,0.05067064083457526,0.006301547585951256,2749,Londonderry,1.0,0.9991703
2750,Penrith,5451,5451,8940,1.0,0.609731543624161,2750,Penrith,1.0,0.995972
2752,Wollondilly,153,153,4094,1.0,0.037371763556424034,2752,Wollondilly,1.0,1.0
2753,Hawkesbury,1320,1513,5326,0.8724388631857237,0.24784078107397672,2753,Hawkesbury,1.0,0.9995091
2753,Londonderry,193,1513,10791,0.12756113681427628,0.01788527476600871,2753,Londonderry,1.0,0.9991703
2754,Hawkesbury,525,525,5326,1.0,0.09857303792714983,2754,Hawkesbury,1.0,0.9995091
2756,Hawkesbury,2815,2815,5326,1.0,0.5285392414570034,2756,Hawkesbury,1.0,0.9995091
2757,Hawkesbury,34,34,5326,1.0,0.006383777694329703,2757,Hawkesbury,1.0,0.9995091
2758,Hawkesbury,180,200,5326,0.9,0.033796470146451374,2758,Hawkesbury,1.0,0.9995091
2758,Blue Mountains,20,200,4933,0.1,0.004054327995134806,2758,Blue Mountains,1.0,0.9952252
2759,Mulgoa,1393,1393,4289,1.0,0.32478433201212403,2759,Mulgoa,1.0,0.9994336
2760,Londonderry,4387,4387,10791,1.0,0.4065424891112964,2760,Londonderry,1.0,0.9991703
2761,Mount Druitt,2020,2020,8806,1.0,0.22938905291846468,2761,Mount Druitt,1.0,1.0
2762,Riverstone,382,382,5927,1.0,0.06445081828918509,2762,Riverstone,0.9999998,1.0
2763,Blacktown,497,2485,10128,0.2,0.049071879936808845,2763,Blacktown,1.0,0.9961887
2763,Riverstone,1988,2485,5927,0.8,0.33541420617513074,2763,Riverstone,1.0,1.0
2765,Hawkesbury,183,1180,5326,0.15508474576271186,0.03435974464889223,2765,Hawkesbury,0.9919364,0.9995091
2765,Londonderry,135,1180,10791,0.11440677966101695,0.012510425354462052,2765,Londonderry,0.9919364,0.9991703
2765,Castle Hill,95,1180,4022,0.08050847457627118,0.02362008950770761,2765,Castle Hill,0.9919364,0.9983124
2765,Riverstone,767,1180,5927,0.65,0.12940779483718576,2765,Riverstone,0.9919364,1.0
2766,Mount Druitt,1245,1252,8806,0.994408945686901,0.14138087667499433,2766,Mount Druitt,1.0,1.0
2766,Prospect,7,1252,6679,0.005591054313099041,0.0010480610869890701,2766,Prospect,1.0,0.9982657
2767,Blacktown,2138,2138,10128,1.0,0.21109794628751974,2767,Blacktown,1.0,0.9961887
2768,Riverstone,1512,1512,5927,1.0,0.2551037624430572,2768,Riverstone,1.0,1.0
2769,Riverstone,649,649,5927,1.0,0.10949890332377257,2769,Riverstone,1.0,1.0
2770,Mount Druitt,5541,8770,8806,0.6318129988597492,0.629230070406541,2770,Mount Druitt,1.0,1.0
2770,Londonderry,3229,8770,10791,0.3681870011402509,0.2992308405152442,2770,Londonderry,1.0,0.9991703
2773,Penrith,251,266,8940,0.943609022556391,0.02807606263982103,2773,Penrith,1.0,0.995972
2773,Blue Mountains,15,266,4933,0.05639097744360902,0.003040745996351105,2773,Blue Mountains,1.0,0.9952252
2774,Blue Mountains,664,664,4933,1.0,0.13460368943847556,2774,Blue Mountains,1.0,0.9952252
2775,Hawkesbury,58,90,5326,0.6444444444444445,0.010889973713856553,2775,Hawkesbury,1.0,0.9995091
2775,Gosford,24,90,9550,0.26666666666666666,0.002513089005235602,2775,Gosford,1.0,0.9999999
2775,Hornsby,8,90,5597,0.08888888888888889,0.001429337144899053,2775,Hornsby,1.0,0.9977373
2776,Blue Mountains,201,201,4933,1.0,0.040745996351104805,2776,Blue Mountains,1.0,0.9952252
2777,Blue Mountains,882,882,4933,1.0,0.17879586458544497,2777,Blue Mountains,1.0,0.9952252
2778,Blue Mountains,76,76,4933,1.0,0.015406446381512263,2778,Blue Mountains,1.0,0.9952252
2779,Blue Mountains,266,266,4933,1.0,0.053922562335292926,2779,Blue Mountains,1.0,0.9952252
2780,Blue Mountains,1542,1542,4933,1.0,0.31258868842489357,2780,Blue Mountains,1.0,0.9952252
2782,Blue Mountains,449,449,4933,1.0,0.0910196634907764,2782,Blue Mountains,1.0,0.9952252
2783,Blue Mountains,205,205,4933,1.0,0.041556861950131765,2783,Blue Mountains,1.0,0.9952252
2784,Blue Mountains,70,70,4933,1.0,0.014190147982971822,2784,Blue Mountains,1.0,0.9952252
2785,Blue Mountains,452,457,4933,0.9890590809628009,0.09162781269004662,2785,Blue Mountains,1.0,0.9952252
2785,Bathurst,5,457,7463,0.010940919037199124,0.0006699718611818304,2785,Bathurst,1.0,0.9993171
2786,Blue Mountains,91,91,4933,1.0,0.01844719237786337,2786,Blue Mountains,1.0,0.9952252
2787,Bathurst,364,364,7463,1.0,0.04877395149403725,2787,Bathurst,1.0,0.9993171
2790,Bathurst,1558,1558,7463,1.0,0.20876323194425833,2790,Bathurst,1.0,0.9993171
2791,Bathurst,18,18,7463,1.0,0.002411898700254589,2791,Bathurst,1.0,0.9993171
2792,Cootamundra,4,24,5998,0.16666666666666666,0.0006668889629876625,2792,Cootamundra,1.0,0.9984328
2792,Bathurst,20,24,7463,0.8333333333333334,0.0026798874447273215,2792,Bathurst,1.0,0.9993171
2793,Cootamundra,47,47,5998,1.0,0.007835945315105034,2793,Cootamundra,1.0,0.9984328
2794,Cootamundra,1114,1117,5998,0.9973142345568488,0.185728576192064,2794,Cootamundra,1.0,0.9984328
2794,Goulburn,3,1117,5967,0.0026857654431512983,0.0005027652086475615,2794,Goulburn,1.0,0.9957683
2795,Bathurst,4389,4389,7463,1.0,0.5881012997454107,2795,Bathurst,1.0,0.9993171
2797,Bathurst,13,13,7463,1.0,0.001741926839072759,2797,Bathurst,1.0,0.9993171
2798,Orange,8,101,8008,0.07920792079207921,0.000999000999000999,2798,Orange,1.0,0.9996142
2798,Bathurst,93,101,7463,0.9207920792079208,0.012461476617982045,2798,Bathurst,1.0,0.9993171
2799,Bathurst,384,384,7463,1.0,0.051453838938764575,2799,Bathurst,1.0,0.9993171
2800,Bathurst,7,5034,7463,0.0013905442987683751,0.0009379606056545625,2800,Bathurst,1.0,0.9993171
2800,Orange,5027,5034,8008,0.9986094557012316,0.6277472527472527,2800,Orange,1.0,0.9996142
2803,Cootamundra,12,12,5998,1.0,0.0020006668889629878,2803,Cootamundra,1.0,0.9984328
2804,Orange,179,201,8008,0.8905472636815921,0.022352647352647352,2804,Orange,1.0,0.9996142
2804,Cootamundra,22,201,5998,0.10945273631840796,0.003667889296432144,2804,Cootamundra,1.0,0.9984328
2805,Cootamundra,16,16,5998,1.0,0.00266755585195065,2805,Cootamundra,1.0,0.9984328
2806,Orange,43,43,8008,1.0,0.00536963036963037,2806,Orange,1.0,0.9996142
2807,Cootamundra,16,16,5998,1.0,0.00266755585195065,2807,Cootamundra,1.0,0.9984328
2808,Cootamundra,7,7,5998,1.0,0.0011670556852284096,2808,Cootamundra,1.0,0.9984328
2809,Cootamundra,4,4,5998,1.0,0.0006668889629876625,2809,Cootamundra,1.0,0.9984328
2810,Cootamundra,227,227,5998,1.0,0.03784594864954985,2810,Cootamundra,1.0,0.9984328
2817,Barwon,8,8,8010,1.0,0.0009987515605493133,2817,Barwon,1.0,1.0
2818,Dubbo,32,32,7816,1.0,0.0040941658137154556,2818,Dubbo,1.0,0.9961841
2820,Dubbo,670,670,7816,1.0,0.08572159672466735,2820,Dubbo,1.0,0.9961841
2821,Dubbo,438,438,7816,1.0,0.0560388945752303,2821,Dubbo,1.0,0.9961841
2822,Dubbo,9,9,7816,1.0,0.0011514841351074718,2822,Dubbo,0.841766,0.9961841
2823,Dubbo,127,127,7816,1.0,0.016248720573183214,2823,Dubbo,1.0,0.9961841
2824,Barwon,240,240,8010,1.0,0.0299625468164794,2824,Barwon,1.0,1.0
2825,Barwon,278,278,8010,1.0,0.03470661672908864,2825,Barwon,1.0,1.0
2826,Barwon,7,7,8010,1.0,0.0008739076154806492,2826,Barwon,1.0,1.0
2827,Barwon,364,364,8010,1.0,0.04544319600499376,2827,Barwon,1.0,1.0
2828,Barwon,76,76,8010,1.0,0.009488139825218476,2828,Barwon,1.0,1.0
2829,Barwon,299,299,8010,1.0,0.037328339575530584,2829,Barwon,0.987677,1.0
2830,Dubbo,4541,4541,7816,1.0,0.5809877175025588,2830,Dubbo,1.0,0.9961841
2831,Dubbo,29,71,7816,0.4084507042253521,0.0037103377686796314,2831,Dubbo,1.0,0.9961841
2831,Barwon,42,71,8010,0.5915492957746479,0.0052434456928838954,2831,Barwon,1.0,1.0
2832,Barwon,345,345,8010,1.0,0.04307116104868914,2832,Barwon,1.0,1.0
2833,Barwon,94,94,8010,1.0,0.011735330836454432,2833,Barwon,1.0,1.0
2834,Barwon,321,321,8010,1.0,0.040074906367041196,2834,Barwon,1.0,1.0
2835,Barwon,571,571,8010,1.0,0.07128589263420725,2835,Barwon,1.0,1.0
2836,Barwon,128,128,8010,1.0,0.015980024968789013,2836,Barwon,1.0,1.0
2838,Barwon,57,57,8010,1.0,0.007116104868913857,2838,Barwon,1.0,1.0
2839,Barwon,239,239,8010,1.0,0.029837702871410736,2839,Barwon,1.0,1.0
2840,Barwon,321,321,8010,1.0,0.040074906367041196,2840,Barwon,1.0,1.0
2842,Barwon,30,30,8010,1.0,0.003745318352059925,2842,Barwon,1.0,1.0
2843,Barwon,111,111,8010,1.0,0.013857677902621723,2843,Barwon,1.0,1.0
2844,Barwon,110,110,8010,1.0,0.01373283395755306,2844,Barwon,1.0,1.0
2845,Bathurst,166,166,7463,1.0,0.022243065791236766,2845,Bathurst,1.0,0.9993171
2846,Bathurst,10,10,7463,1.0,0.0013399437223636608,2846,Bathurst,1.0,0.9993171
2847,Bathurst,110,110,7463,1.0,0.014739380946000268,2847,Bathurst,1.0,0.9993171
2848,Bathurst,200,200,7463,1.0,0.026798874447273215,2848,Bathurst,1.0,0.9993171
2849,Bathurst,99,104,7463,0.9519230769230769,0.01326544285140024,2849,Bathurst,1.0,0.9993171
2849,Upper Hunter,5,104,7342,0.04807692307692308,0.000681013347861618,2849,Upper Hunter,1.0,0.9947996
2850,Dubbo,1655,1739,7816,0.9516963772282921,0.2117451381780962,2850,Dubbo,1.0,0.9961841
2850,Bathurst,27,1739,7463,0.015526164462334674,0.003617848050381884,2850,Bathurst,1.0,0.9993171
2850,Upper Hunter,57,1739,7342,0.0327774583093732,0.007763552165622446,2850,Upper Hunter,1.0,0.9947996
2852,Dubbo,282,282,7816,1.0,0.036079836233367454,2852,Dubbo,1.0,0.9961841
2864,Orange,34,34,8008,1.0,0.004245754245754246,2864,Orange,1.0,0.9996142
2865,Orange,50,50,8008,1.0,0.006243756243756244,2865,Orange,1.0,0.9996142
2866,Dubbo,9,231,7816,0.03896103896103896,0.0011514841351074718,2866,Dubbo,1.0,0.9961841
2866,Orange,222,231,8008,0.961038961038961,0.027722277722277724,2866,Orange,1.0,0.9996142
2867,Dubbo,4,36,7816,0.1111111111111111,0.0005117707267144319,2867,Dubbo,1.0,0.9961841
2867,Orange,32,36,8008,0.8888888888888888,0.003996003996003996,2867,Orange,1.0,0.9996142
2868,Orange,36,42,8008,0.8571428571428571,0.004495504495504496,2868,Orange,1.0,0.9996142
2868,Dubbo,6,42,7816,0.14285714285714285,0.0007676560900716479,2868,Dubbo,1.0,0.9961841
2869,Orange,109,123,8008,0.8861788617886179,0.013611388611388612,2869,Orange,1.0,0.9996142
2869,Dubbo,14,123,7816,0.11382113821138211,0.0017911975435005118,2869,Dubbo,1.0,0.9961841
2870,Orange,1292,1292,8008,1.0,0.16133866133866134,2870,Orange,1.0,0.9996142
2871,Barwon,3,890,8010,0.0033707865168539327,0.0003745318352059925,2871,Barwon,0.9851976,1.0
2871,Orange,887,890,8008,0.996629213483146,0.11076423576423576,2871,Orange,0.9851976,0.9996142
2873,Barwon,40,40,8010,1.0,0.004993757802746567,2873,Barwon,1.0,1.0
2874,Orange,18,18,8008,1.0,0.002247752247752248,2874,Orange,1.0,0.9996142
2875,Barwon,3,64,8010,0.046875,0.0003745318352059925,2875,Barwon,1.0,1.0
2875,Orange,61,64,8008,0.953125,0.007617382617382617,2875,Orange,1.0,0.9996142
2876,Orange,10,10,8008,1.0,0.0012487512487512488,2876,Orange,1.0,0.9996142
2877,Barwon,392,392,8010,1.0,0.04893882646691636,2877,Barwon,1.0,1.0
2878,Barwon,22,22,8010,1.0,0.0027465667915106116,2878,Barwon,1.0,1.0
2879,Barwon,78,78,8010,1.0,0.009737827715355805,2879,Barwon,1.0,1.0
2880,Barwon,1692,1692,8010,1.0,0.21123595505617979,2880,Barwon,1.0,1.0
2898,Port Macquarie,38,38,7623,1.0,0.004984914075823166,2898,Port Macquarie,1.0,0.9999999
