Postcode,GCCSA,Rented Households,Postcode Totals,GCCSA Totals,Postcode Fraction,GCCSA Fraction,POA_NAME_2016,GCCSA_NAME_2016,POA_2016_2021_RATIO,GCCSA_2016_2021_RATIO
2000,Greater Sydney,6118,6118,547460,1.0,0.011175245680049684,2000,Greater Sydney,1.0,0.999999
2007,Greater Sydney,2045,2045,547460,1.0,0.0037354327256785883,2007,Greater Sydney,1.0,0.999999
2008,Greater Sydney,3310,3310,547460,1.0,0.006046103824936981,2008,Greater Sydney,1.0,0.999999
2009,Greater Sydney,3275,3275,547460,1.0,0.00598217221349505,2009,Greater Sydney,1.0,0.999999
2010,Greater Sydney,7710,7710,547460,1.0,0.014083220691922697,2010,Greater Sydney,1.0,0.999999
2011,Greater Sydney,6347,6347,547460,1.0,0.011593541080626895,2011,Greater Sydney,1.0,0.999999
2015,Greater Sydney,2173,2173,547460,1.0,0.003969239761809082,2015,Greater Sydney,1.0,0.999999
2016,Greater Sydney,3584,3584,547460,1.0,0.00654659701165382,2016,Greater Sydney,1.0,0.999999
2017,Greater Sydney,7217,7217,547460,1.0,0.013182698279326343,2017,Greater Sydney,1.0,0.999999
2018,Greater Sydney,2863,2863,547460,1.0,0.005229605815950024,2018,Greater Sydney,1.0,0.999999
2019,Greater Sydney,1211,1211,547460,1.0,0.002212033755890841,2019,Greater Sydney,1.0,0.999999
2020,Greater Sydney,2479,2479,547460,1.0,0.004528184707558543,2020,Greater Sydney,1.0,0.999999
2021,Greater Sydney,2997,2997,547460,1.0,0.005474372556899134,2021,Greater Sydney,1.0,0.999999
2022,Greater Sydney,2101,2101,547460,1.0,0.0038377233039856794,2022,Greater Sydney,1.0,0.999999
2023,Greater Sydney,1264,1264,547460,1.0,0.0023088444817886238,2023,Greater Sydney,1.0,0.999999
2024,Greater Sydney,1615,1615,547460,1.0,0.0029499872136777116,2024,Greater Sydney,1.0,0.999999
2025,Greater Sydney,1048,1048,547460,1.0,0.001914295108318416,2025,Greater Sydney,1.0,0.999999
2026,Greater Sydney,6792,6792,547460,1.0,0.012406385854674315,2026,Greater Sydney,1.0,0.999999
2027,Greater Sydney,1357,1357,547460,1.0,0.0024787199064771857,2027,Greater Sydney,1.0,0.999999
2028,Greater Sydney,802,802,547460,1.0,0.0014649472107551237,2028,Greater Sydney,1.0,0.999999
2029,Greater Sydney,1633,1633,547460,1.0,0.0029828663281335622,2029,Greater Sydney,1.0,0.999999
2030,Greater Sydney,1090,1090,547460,1.0,0.001991013042048734,2030,Greater Sydney,1.0,0.999999
2031,Greater Sydney,6455,6455,547460,1.0,0.011790815767361998,2031,Greater Sydney,1.0,0.999999
2032,Greater Sydney,3300,3300,547460,1.0,0.006027837650239287,2032,Greater Sydney,1.0,0.999999
2033,Greater Sydney,420,420,547460,1.0,0.000767179337303182,2052,Greater Sydney,1.0,0.999999
2033,Greater Sydney,2252,2252,547460,1.0,0.004113542541920871,2033,Greater Sydney,1.0,0.999999
2034,Greater Sydney,4274,4274,547460,1.0,0.007806963065794761,2034,Greater Sydney,1.0,0.999999
2035,Greater Sydney,5008,5008,547460,1.0,0.00914770028860556,2035,Greater Sydney,1.0,0.999999
2036,Greater Sydney,3656,3656,547460,1.0,0.006678113469477222,2036,Greater Sydney,1.0,0.999999
2037,Greater Sydney,4002,4002,547460,1.0,0.007310123114017462,2037,Greater Sydney,1.0,0.999999
2038,Greater Sydney,1541,1541,547460,1.0,0.00281481752091477,2038,Greater Sydney,1.0,0.999999
2039,Greater Sydney,1352,1352,547460,1.0,0.0024695868191283383,2039,Greater Sydney,1.0,0.999999
2040,Greater Sydney,3201,3201,547460,1.0,0.005847002520732108,2040,Greater Sydney,1.0,0.999999
2041,Greater Sydney,2444,2444,547460,1.0,0.004464253096116612,2041,Greater Sydney,1.0,0.999999
2042,Greater Sydney,4359,4359,547460,1.0,0.007962225550725167,2042,Greater Sydney,1.0,0.999999
2043,Greater Sydney,1714,1714,547460,1.0,0.0031308223431848903,2043,Greater Sydney,1.0,0.999999
2044,Greater Sydney,919,919,547460,1.0,0.001678661454718153,2044,Greater Sydney,1.0,0.999999
2045,Greater Sydney,385,385,547460,1.0,0.0007032477258612502,2045,Greater Sydney,1.0,0.999999
2046,Greater Sydney,3305,3305,547460,1.0,0.006036970737588135,2046,Greater Sydney,1.0,0.999999
2047,Greater Sydney,1680,1680,547460,1.0,0.003068717349212728,2047,Greater Sydney,1.0,0.999999
2048,Greater Sydney,1364,1364,547460,1.0,0.002491506228765572,2048,Greater Sydney,1.0,0.999999
2049,Greater Sydney,2080,2080,547460,1.0,0.0037993643371205203,2049,Greater Sydney,1.0,0.999999
2050,Greater Sydney,2930,2930,547460,1.0,0.005351989186424579,2050,Greater Sydney,1.0,0.999999
2060,Greater Sydney,3402,3402,547460,1.0,0.006214152632155774,2060,Greater Sydney,1.0,0.999999
2061,Greater Sydney,1741,1741,547460,1.0,0.0031801410148686662,2061,Greater Sydney,1.0,0.999999
2062,Greater Sydney,1283,1283,547460,1.0,0.002343550213714244,2062,Greater Sydney,1.0,0.999999
2063,Greater Sydney,373,373,547460,1.0,0.0006813283162240164,2063,Greater Sydney,1.0,0.999999
2064,Greater Sydney,1769,1769,547460,1.0,0.003231286304022212,2064,Greater Sydney,1.0,0.999999
2065,Greater Sydney,5959,5959,547460,1.0,0.010884813502356337,2065,Greater Sydney,1.0,0.999999
2066,Greater Sydney,3956,3956,547460,1.0,0.007226098710408066,2066,Greater Sydney,1.0,0.999999
2067,Greater Sydney,4249,4249,547460,1.0,0.007761297629050524,2067,Greater Sydney,1.0,0.999999
2068,Greater Sydney,1273,1273,547460,1.0,0.002325284039016549,2068,Greater Sydney,1.0,0.999999
2069,Greater Sydney,805,805,547460,1.0,0.001470427063164432,2069,Greater Sydney,1.0,0.999999
2070,Greater Sydney,948,948,547460,1.0,0.0017316333613414678,2070,Greater Sydney,1.0,0.999999
2071,Greater Sydney,897,897,547460,1.0,0.0016384758703832244,2071,Greater Sydney,1.0,0.999999
2072,Greater Sydney,737,737,547460,1.0,0.0013462170752201073,2072,Greater Sydney,1.0,0.999999
2073,Greater Sydney,753,753,547460,1.0,0.0013754429547364192,2073,Greater Sydney,1.0,0.999999
2074,Greater Sydney,1059,1059,547460,1.0,0.0019343879004858802,2074,Greater Sydney,1.0,0.999999
2075,Greater Sydney,924,924,547460,1.0,0.0016877945420670003,2075,Greater Sydney,1.0,0.999999
2076,Greater Sydney,1243,1243,547460,1.0,0.0022704855149234646,2076,Greater Sydney,1.0,0.999999
2077,Greater Sydney,4982,4982,547460,1.0,0.009100208234391553,2077,Greater Sydney,1.0,0.999999
2079,Greater Sydney,288,288,547460,1.0,0.0005260658312936105,2079,Greater Sydney,1.0,0.999999
2080,Greater Sydney,71,71,547460,1.0,0.00012968984035363314,2080,Greater Sydney,1.0,0.999999
2081,Greater Sydney,190,190,547460,1.0,0.00034705731925620134,2081,Greater Sydney,1.0,0.999999
2082,Greater Sydney,196,196,547460,1.0,0.00035801702407481823,2082,Greater Sydney,1.0,0.999999
2083,Greater Sydney,110,110,547460,1.0,0.0002009279216746429,2083,Greater Sydney,1.0,0.999999
2084,Greater Sydney,143,143,547460,1.0,0.0002612062981770358,2084,Greater Sydney,1.0,0.999999
2085,Greater Sydney,293,293,547460,1.0,0.0005351989186424579,2085,Greater Sydney,0.9867885,0.999999
2086,Greater Sydney,518,518,547460,1.0,0.000946187849340591,2086,Greater Sydney,1.0,0.999999
2087,Greater Sydney,655,655,547460,1.0,0.00119643444269901,2087,Greater Sydney,1.0,0.999999
2088,Greater Sydney,3724,3724,547460,1.0,0.006802323457421547,2088,Greater Sydney,1.0,0.999999
2089,Greater Sydney,2740,2740,547460,1.0,0.005004931867168378,2089,Greater Sydney,0.9927034,0.999999
2090,Greater Sydney,2626,2626,547460,1.0,0.004796697475614657,2090,Greater Sydney,0.99689,0.999999
2092,Greater Sydney,358,358,547460,1.0,0.0006539290541774742,2092,Greater Sydney,1.0,0.999999
2093,Greater Sydney,2094,2094,547460,1.0,0.003824936981697293,2093,Greater Sydney,1.0,0.999999
2094,Greater Sydney,763,763,547460,1.0,0.001393709129434114,2094,Greater Sydney,1.0,0.999999
2095,Greater Sydney,3313,3313,547460,1.0,0.00605158367734629,2095,Greater Sydney,1.0,0.999999
2096,Greater Sydney,2021,2021,547460,1.0,0.003691593906404121,2096,Greater Sydney,0.9994544,0.999999
2097,Greater Sydney,1079,1079,547460,1.0,0.00197092024988127,2097,Greater Sydney,1.0,0.999999
2099,Greater Sydney,5135,5135,547460,1.0,0.009379680707266285,2099,Greater Sydney,0.9976197,0.999999
2100,Greater Sydney,1362,1362,547460,1.0,0.002487852993826033,2100,Greater Sydney,0.9940007,0.999999
2101,Greater Sydney,1818,1818,547460,1.0,0.003320790560040916,2101,Greater Sydney,0.9961361,0.999999
2102,Greater Sydney,428,428,547460,1.0,0.0007817922770613379,2102,Greater Sydney,0.9994652,0.999999
2103,Greater Sydney,808,808,547460,1.0,0.0014759069155737404,2103,Greater Sydney,0.9884982,0.999999
2104,Greater Sydney,94,94,547460,1.0,0.0001717020421583312,2104,Greater Sydney,1.0,0.999999
2105,Greater Sydney,66,66,547460,1.0,0.00012055675300478574,2105,Greater Sydney,1.0,0.999999
2106,Greater Sydney,712,712,547460,1.0,0.0013005516384758703,2106,Greater Sydney,1.0,0.999999
2107,Greater Sydney,667,667,547460,1.0,0.0012183538523362438,2107,Greater Sydney,1.0,0.999999
2108,Greater Sydney,119,119,547460,1.0,0.00021736747890256823,2108,Greater Sydney,1.0,0.999999
2110,Greater Sydney,670,670,547460,1.0,0.0012238337047455522,2110,Greater Sydney,1.0,0.999999
2111,Greater Sydney,1808,1808,547460,1.0,0.0033025243853432216,2111,Greater Sydney,1.0,0.999999
2112,Greater Sydney,4243,4243,547460,1.0,0.0077503379242319075,2112,Greater Sydney,0.9999997,0.999999
2113,Greater Sydney,586,586,547460,1.0,0.0010703978372849157,2109,Greater Sydney,1.0,0.999999
2113,Greater Sydney,2381,2381,547460,1.0,0.004349176195521134,2113,Greater Sydney,1.0,0.999999
2114,Greater Sydney,3668,3668,547460,1.0,0.006700032879114456,2114,Greater Sydney,1.0,0.999999
2115,Greater Sydney,1370,1370,547460,1.0,0.002502465933584189,2115,Greater Sydney,1.0,0.999999
2116,Greater Sydney,843,843,547460,1.0,0.0015398385270156724,2116,Greater Sydney,0.9894173,0.999999
2117,Greater Sydney,2540,2540,547460,1.0,0.004639608373214482,2117,Greater Sydney,0.9964627,0.999999
2118,Greater Sydney,2046,2046,547460,1.0,0.003737259343148358,2118,Greater Sydney,1.0,0.999999
2119,Greater Sydney,404,404,547460,1.0,0.0007379534577868702,2119,Greater Sydney,1.0,0.999999
2120,Greater Sydney,1090,1090,547460,1.0,0.001991013042048734,2120,Greater Sydney,1.0,0.999999
2121,Greater Sydney,2752,2752,547460,1.0,0.005026851276805611,2121,Greater Sydney,1.0,0.999999
2122,Greater Sydney,3847,3847,547460,1.0,0.007026997406203193,2122,Greater Sydney,1.0,0.999999
2125,Greater Sydney,547,547,547460,1.0,0.000999159755963906,2125,Greater Sydney,1.0,0.999999
2126,Greater Sydney,799,799,547460,1.0,0.0014594673583458151,2126,Greater Sydney,1.0,0.999999
2127,Greater Sydney,2864,2864,547460,1.0,0.005231432433419793,2127,Greater Sydney,0.9999997,0.999999
2128,Greater Sydney,348,348,547460,1.0,0.0006356628794797793,2128,Greater Sydney,1.0,0.999999
2130,Greater Sydney,1476,1476,547460,1.0,0.002696087385379754,2130,Greater Sydney,1.0,0.999999
2131,Greater Sydney,4341,4341,547460,1.0,0.007929346436269316,2131,Greater Sydney,1.0,0.999999
2132,Greater Sydney,982,982,547460,1.0,0.0017937383553136303,2132,Greater Sydney,1.0,0.999999
2133,Greater Sydney,1218,1218,547460,1.0,0.0022248200781792276,2133,Greater Sydney,1.0,0.999999
2134,Greater Sydney,2816,2816,547460,1.0,0.005143754794870858,2134,Greater Sydney,1.0,0.999999
2135,Greater Sydney,3147,3147,547460,1.0,0.005748365177364556,2135,Greater Sydney,1.0,0.999999
2136,Greater Sydney,732,732,547460,1.0,0.00133708398787126,2136,Greater Sydney,1.0,0.999999
2137,Greater Sydney,2747,2747,547460,1.0,0.005017718189456764,2137,Greater Sydney,1.0,0.999999
2138,Greater Sydney,3490,3490,547460,1.0,0.006374894969495488,2138,Greater Sydney,1.0,0.999999
2138,Greater Sydney,4,4,547460,1.0,7.306469879077924e-06,2139,Greater Sydney,1.0,0.999999
2140,Greater Sydney,2834,2834,547460,1.0,0.0051766339093267085,2140,Greater Sydney,1.0,0.999999
2141,Greater Sydney,3305,3305,547460,1.0,0.006036970737588135,2141,Greater Sydney,0.9997959,0.999999
2142,Greater Sydney,4196,4196,547460,1.0,0.007664486903152742,2142,Greater Sydney,0.9924219,0.999999
2143,Greater Sydney,999,999,547460,1.0,0.0018247908522997115,2143,Greater Sydney,1.0,0.999999
2144,Greater Sydney,4564,4564,547460,1.0,0.008336682132027911,2144,Greater Sydney,1.0,0.999999
2145,Greater Sydney,9363,9363,547460,1.0,0.01710261936945165,2145,Greater Sydney,1.0,0.999999
2146,Greater Sydney,1535,1535,547460,1.0,0.002803857816096153,2146,Greater Sydney,1.0,0.999999
2147,Greater Sydney,3391,3391,547460,1.0,0.00619405983998831,2147,Greater Sydney,1.0,0.999999
2148,Greater Sydney,7258,7258,547460,1.0,0.013257589595586892,2148,Greater Sydney,0.9999038,0.999999
2150,Greater Sydney,7475,7475,547460,1.0,0.01365396558652687,2150,Greater Sydney,1.0,0.999999
2151,Greater Sydney,2866,2866,547460,1.0,0.005235085668359332,2151,Greater Sydney,1.0,0.999999
2152,Greater Sydney,1385,1385,547460,1.0,0.002529865195630731,2152,Greater Sydney,1.0,0.999999
2153,Greater Sydney,3104,3104,547460,1.0,0.005669820626164468,2153,Greater Sydney,1.0,0.999999
2154,Greater Sydney,2453,2453,547460,1.0,0.004480692653344537,2154,Greater Sydney,1.0,0.999999
2155,Greater Sydney,2815,2815,547460,1.0,0.005141928177401089,2155,Greater Sydney,0.9896648,0.999999
2156,Greater Sydney,290,290,547460,1.0,0.0005297190662331495,2156,Greater Sydney,1.0,0.999999
2157,Greater Sydney,152,152,547460,1.0,0.0002776458554049611,2157,Greater Sydney,1.0,0.999999
2158,Greater Sydney,344,344,547460,1.0,0.0006283564096007014,2158,Greater Sydney,1.0,0.999999
2159,Greater Sydney,200,200,547460,1.0,0.00036532349395389615,2159,Greater Sydney,1.0,0.999999
2160,Greater Sydney,4822,4822,547460,1.0,0.008807949439228437,2160,Greater Sydney,0.9985917,0.999999
2161,Greater Sydney,3610,3610,547460,1.0,0.006594089065867826,2161,Greater Sydney,0.9999041,0.999999
2162,Greater Sydney,1960,1960,547460,1.0,0.0035801702407481824,2162,Greater Sydney,1.0,0.999999
2163,Greater Sydney,1615,1615,547460,1.0,0.0029499872136777116,2163,Greater Sydney,1.0,0.999999
2164,Greater Sydney,1825,1825,547460,1.0,0.0033335768823293025,2164,Greater Sydney,1.0,0.999999
2165,Greater Sydney,5547,5547,547460,1.0,0.010132247104811311,2165,Greater Sydney,1.0,0.999999
2166,Greater Sydney,5966,5966,547460,1.0,0.010897599824644723,2166,Greater Sydney,1.0,0.999999
2167,Greater Sydney,876,876,547460,1.0,0.0016001169035180652,2167,Greater Sydney,1.0,0.999999
2168,Greater Sydney,4450,4450,547460,1.0,0.00812844774047419,2168,Greater Sydney,1.0,0.999999
2170,Greater Sydney,11163,11163,547460,1.0,0.020390530815036716,2170,Greater Sydney,1.0,0.999999
2171,Greater Sydney,1601,1601,547460,1.0,0.002924414569100939,2171,Greater Sydney,1.0,0.999999
2172,Greater Sydney,123,123,547460,1.0,0.00022467394878164615,2172,Greater Sydney,1.0,0.999999
2173,Greater Sydney,1219,1219,547460,1.0,0.0022266466956489973,2173,Greater Sydney,1.0,0.999999
2174,Greater Sydney,140,140,547460,1.0,0.0002557264457677273,2174,Greater Sydney,1.0,0.999999
2175,Greater Sydney,80,80,547460,1.0,0.00014612939758155847,2175,Greater Sydney,1.0,0.999999
2176,Greater Sydney,2803,2803,547460,1.0,0.005120008767763855,2176,Greater Sydney,1.0,0.999999
2177,Greater Sydney,1354,1354,547460,1.0,0.002473240054067877,2177,Greater Sydney,1.0,0.999999
2178,Greater Sydney,197,197,547460,1.0,0.00035984364154458773,2178,Greater Sydney,1.0,0.999999
2179,Greater Sydney,535,535,547460,1.0,0.0009772403463266723,2179,Greater Sydney,0.9992883,0.999999
2190,Greater Sydney,2240,2240,547460,1.0,0.004091623132283637,2190,Greater Sydney,1.0,0.999999
2191,Greater Sydney,590,590,547460,1.0,0.0010777043071639938,2191,Greater Sydney,1.0,0.999999
2192,Greater Sydney,1823,1823,547460,1.0,0.0033299236473897636,2192,Greater Sydney,1.0,0.999999
2193,Greater Sydney,1613,1613,547460,1.0,0.0029463339787381727,2193,Greater Sydney,1.0,0.999999
2194,Greater Sydney,4159,4159,547460,1.0,0.007596902056771271,2194,Greater Sydney,1.0,0.999999
2195,Greater Sydney,4442,4442,547460,1.0,0.008113834800716034,2195,Greater Sydney,1.0,0.999999
2196,Greater Sydney,3047,3047,547460,1.0,0.005565703430387608,2196,Greater Sydney,1.0,0.999999
2197,Greater Sydney,837,837,547460,1.0,0.0015288788221970555,2197,Greater Sydney,1.0,0.999999
2198,Greater Sydney,428,428,547460,1.0,0.0007817922770613379,2198,Greater Sydney,1.0,0.999999
2199,Greater Sydney,1783,1783,547460,1.0,0.0032568589485989846,2199,Greater Sydney,1.0,0.999999
2200,Greater Sydney,5337,5337,547460,1.0,0.009748657436159719,2200,Greater Sydney,0.9944774,0.999999
2203,Greater Sydney,2403,2403,547460,1.0,0.004389361779856062,2203,Greater Sydney,1.0,0.999999
2204,Greater Sydney,4361,4361,547460,1.0,0.007965878785664706,2204,Greater Sydney,1.0,0.999999
2205,Greater Sydney,3197,3197,547460,1.0,0.00583969605085303,2205,Greater Sydney,0.9946045,0.999999
2206,Greater Sydney,1234,1234,547460,1.0,0.0022540459576955393,2206,Greater Sydney,1.0,0.999999
2207,Greater Sydney,2178,2178,547460,1.0,0.00397837284915793,2207,Greater Sydney,0.9945938,0.999999
2208,Greater Sydney,1003,1003,547460,1.0,0.0018320973221787893,2208,Greater Sydney,1.0,0.999999
2209,Greater Sydney,1665,1665,547460,1.0,0.0030413180871661856,2209,Greater Sydney,0.9918103,0.999999
2210,Greater Sydney,3291,3291,547460,1.0,0.006011398093011362,2210,Greater Sydney,0.9967395,0.999999
2211,Greater Sydney,1469,1469,547460,1.0,0.0026833010630913675,2211,Greater Sydney,1.0,0.999999
2212,Greater Sydney,1623,1623,547460,1.0,0.0029646001534358673,2212,Greater Sydney,1.0,0.999999
2213,Greater Sydney,1739,1739,547460,1.0,0.0031764877799291273,2213,Greater Sydney,1.0,0.999999
2214,Greater Sydney,117,117,547460,1.0,0.00021371424396302927,2214,Greater Sydney,1.0,0.999999
2216,Greater Sydney,4082,4082,547460,1.0,0.007456252511599021,2216,Greater Sydney,1.0,0.999999
2217,Greater Sydney,3681,3681,547460,1.0,0.006723778906221459,2217,Greater Sydney,0.9966257,0.999999
2218,Greater Sydney,2233,2233,547460,1.0,0.004078836809995251,2218,Greater Sydney,1.0,0.999999
2219,Greater Sydney,1410,1410,547460,1.0,0.002575530632374968,2219,Greater Sydney,1.0,0.999999
2220,Greater Sydney,4311,4311,547460,1.0,0.007874547912176231,2220,Greater Sydney,0.9957081,0.999999
2221,Greater Sydney,890,890,547460,1.0,0.001625689548094838,2221,Greater Sydney,1.0,0.999999
2222,Greater Sydney,1567,1567,547460,1.0,0.0028623095751287766,2222,Greater Sydney,1.0,0.999999
2223,Greater Sydney,1996,1996,547460,1.0,0.003645928469659884,2223,Greater Sydney,1.0,0.999999
2224,Greater Sydney,895,895,547460,1.0,0.0016348226354436855,2224,Greater Sydney,0.9996516,0.999999
2225,Greater Sydney,121,121,547460,1.0,0.0002210207138421072,2225,Greater Sydney,1.0,0.999999
2226,Greater Sydney,733,733,547460,1.0,0.0013389106053410295,2226,Greater Sydney,1.0,0.999999
2227,Greater Sydney,1075,1075,547460,1.0,0.001963613780002192,2227,Greater Sydney,0.9954129,0.999999
2228,Greater Sydney,1890,1890,547460,1.0,0.003452307017864319,2228,Greater Sydney,1.0,0.999999
2229,Greater Sydney,2286,2286,547460,1.0,0.004175647535893033,2229,Greater Sydney,0.995666,0.999999
2230,Greater Sydney,3707,3707,547460,1.0,0.006771270960435466,2230,Greater Sydney,0.9999999,0.999999
2231,Greater Sydney,100,100,547460,1.0,0.00018266174697694807,2231,Greater Sydney,0.9987701,0.999999
2232,Greater Sydney,2987,2987,547460,1.0,0.005456106382201439,2232,Greater Sydney,0.9975861,0.999999
2233,Greater Sydney,1058,1058,547460,1.0,0.0019325612830161107,2233,Greater Sydney,0.9992845,0.999999
2234,Greater Sydney,955,955,547460,1.0,0.0017444196836298542,2234,Greater Sydney,1.0,0.999999
2250,Rest of NSW,5,6910,266886,0.000723589001447178,1.8734590799067766e-05,2250,Rest of NSW,1.0,0.9999997
2250,Greater Sydney,6905,6910,547460,0.9992764109985528,0.012612793628758265,2250,Greater Sydney,1.0,0.999999
2251,Greater Sydney,1966,1966,547460,1.0,0.0035911299455667995,2251,Greater Sydney,0.9997837,0.999999
2256,Greater Sydney,1993,1993,547460,1.0,0.0036404486172505754,2256,Greater Sydney,1.0,0.999999
2257,Greater Sydney,3287,3287,547460,1.0,0.006004091623132283,2257,Greater Sydney,1.0,0.999999
2258,Greater Sydney,360,360,547460,1.0,0.0006575822891170131,2258,Greater Sydney,1.0,0.999999
2259,Rest of NSW,189,5118,266886,0.0369284876905041,0.0007081675322047616,2259,Rest of NSW,1.0,0.9999997
2259,Greater Sydney,4929,5118,547460,0.963071512309496,0.009003397508493771,2259,Greater Sydney,1.0,0.999999
2260,Greater Sydney,1733,1733,547460,1.0,0.00316552807511051,2260,Greater Sydney,1.0,0.999999
2261,Greater Sydney,5722,5722,547460,1.0,0.010451905162020969,2261,Greater Sydney,1.0,0.999999
2262,Greater Sydney,1964,1964,547460,1.0,0.0035874767106272606,2262,Greater Sydney,1.0,0.999999
2263,Greater Sydney,2997,2997,547460,1.0,0.005474372556899134,2263,Greater Sydney,1.0,0.999999
2264,Rest of NSW,1230,1230,266886,1.0,0.0046087093365706705,2264,Rest of NSW,1.0,0.9999997
2265,Rest of NSW,426,426,266886,1.0,0.0015961871360805737,2265,Rest of NSW,1.0,0.9999997
2267,Rest of NSW,247,247,266886,1.0,0.0009254887854739476,2267,Rest of NSW,1.0,0.9999997
2278,Rest of NSW,109,109,266886,1.0,0.00040841407941967733,2278,Rest of NSW,1.0,0.9999997
2280,Rest of NSW,2217,2217,266886,1.0,0.008306917560306647,2280,Rest of NSW,1.0,0.9999997
2281,Rest of NSW,1206,1206,266886,1.0,0.004518783300735145,2281,Rest of NSW,1.0,0.9999997
2282,Rest of NSW,922,922,266886,1.0,0.0034546585433480963,2282,Rest of NSW,1.0,0.9999997
2283,Rest of NSW,2036,2036,266886,1.0,0.007628725373380395,2283,Rest of NSW,1.0,0.9999997
2284,Rest of NSW,1057,1057,266886,1.0,0.003960492494922926,2284,Rest of NSW,1.0,0.9999997
2285,Rest of NSW,2417,2417,266886,1.0,0.009056301192269358,2285,Rest of NSW,0.99748,0.9999997
2286,Rest of NSW,214,214,266886,1.0,0.0008018404862001004,2286,Rest of NSW,1.0,0.9999997
2287,Rest of NSW,3573,3573,266886,1.0,0.013387738585013825,2287,Rest of NSW,1.0,0.9999997
2289,Rest of NSW,1615,1615,266886,1.0,0.006051272828098889,2289,Rest of NSW,0.9968913,0.9999997
2290,Rest of NSW,2871,2871,266886,1.0,0.010757402036824711,2290,Rest of NSW,0.9919595,0.9999997
2291,Rest of NSW,1658,1658,266886,1.0,0.006212390308970871,2291,Rest of NSW,0.9943276,0.9999997
2292,Rest of NSW,404,404,266886,1.0,0.0015137549365646756,2292,Rest of NSW,0.9796337,0.9999997
2293,Rest of NSW,465,465,266886,1.0,0.0017423169443133023,2293,Rest of NSW,1.0,0.9999997
2294,Rest of NSW,364,364,266886,1.0,0.0013638782101721334,2294,Rest of NSW,1.0,0.9999997
2295,Rest of NSW,634,634,266886,1.0,0.002375546113321793,2295,Rest of NSW,1.0,0.9999997
2296,Rest of NSW,388,388,266886,1.0,0.0014538042460076586,2296,Rest of NSW,1.0,0.9999997
2297,Rest of NSW,217,217,266886,1.0,0.0008130812406795411,2297,Rest of NSW,1.0,0.9999997
2298,Rest of NSW,1505,1505,266886,1.0,0.005639111830519398,2298,Rest of NSW,1.0,0.9999997
2299,Rest of NSW,1864,1864,266886,1.0,0.0069842554498924635,2299,Rest of NSW,1.0,0.9999997
2300,Rest of NSW,2532,2532,266886,1.0,0.009487196780647918,2300,Rest of NSW,1.0,0.9999997
2302,Rest of NSW,162,162,266886,1.0,0.0006070007418897956,2302,Rest of NSW,0.9999818,0.9999997
2303,Rest of NSW,1550,1550,266886,1.0,0.005807723147711007,2303,Rest of NSW,1.0,0.9999997
2304,Rest of NSW,2387,2387,266886,1.0,0.008943893647474952,2304,Rest of NSW,0.9999998,0.9999997
2305,Rest of NSW,1266,1266,266886,1.0,0.004743598390323959,2305,Rest of NSW,1.0,0.9999997
2306,Rest of NSW,1030,1030,266886,1.0,0.00385932570460796,2306,Rest of NSW,1.0,0.9999997
2307,Rest of NSW,535,535,266886,1.0,0.002004601215500251,2307,Rest of NSW,1.0,0.9999997
2311,Rest of NSW,48,48,266886,1.0,0.00017985207167105056,2311,Rest of NSW,1.0,0.9999997
2312,Rest of NSW,90,90,266886,1.0,0.0003372226343832198,2312,Rest of NSW,1.0,0.9999997
2315,Rest of NSW,1676,1676,266886,1.0,0.006279834835847515,2315,Rest of NSW,1.0,0.9999997
2316,Rest of NSW,426,426,266886,1.0,0.0015961871360805737,2316,Rest of NSW,1.0,0.9999997
2317,Rest of NSW,680,680,266886,1.0,0.0025479043486732163,2317,Rest of NSW,1.0,0.9999997
2318,Rest of NSW,801,801,266886,1.0,0.003001281446010656,2318,Rest of NSW,1.0,0.9999997
2319,Rest of NSW,672,672,266886,1.0,0.002517929003394708,2319,Rest of NSW,1.0,0.9999997
2320,Rest of NSW,3428,3428,266886,1.0,0.012844435451840861,2320,Rest of NSW,1.0,0.9999997
2321,Rest of NSW,1155,1155,266886,1.0,0.004327690474584654,2321,Rest of NSW,1.0,0.9999997
2322,Rest of NSW,1585,1585,266886,1.0,0.005938865283304482,2322,Rest of NSW,1.0,0.9999997
2323,Rest of NSW,2985,2985,266886,1.0,0.011184550707043456,2323,Rest of NSW,0.9999996,0.9999997
2324,Rest of NSW,2588,2588,266886,1.0,0.009697024197597477,2324,Rest of NSW,0.9999996,0.9999997
2325,Rest of NSW,2825,2825,266886,1.0,0.010585043801473288,2325,Rest of NSW,1.0,0.9999997
2326,Rest of NSW,553,553,266886,1.0,0.002072045742376895,2326,Rest of NSW,0.9983552,0.9999997
2327,Rest of NSW,917,917,266886,1.0,0.0034359239525490284,2327,Rest of NSW,1.0,0.9999997
2328,Rest of NSW,204,204,266886,1.0,0.0007643713046019649,2328,Rest of NSW,0.9999997,0.9999997
2329,Rest of NSW,186,186,266886,1.0,0.0006969267777253209,2329,Rest of NSW,1.0,0.9999997
2330,Rest of NSW,2078,2078,266886,1.0,0.0077860959360925635,2330,Rest of NSW,1.0,0.9999997
2333,Rest of NSW,1971,1971,266886,1.0,0.007385175692992514,2333,Rest of NSW,1.0,0.9999997
2334,Rest of NSW,223,223,266886,1.0,0.0008355627496384224,2334,Rest of NSW,1.0,0.9999997
2335,Rest of NSW,453,453,266886,1.0,0.0016973539263955397,2335,Rest of NSW,1.0,0.9999997
2336,Rest of NSW,243,243,266886,1.0,0.0009105011128346935,2336,Rest of NSW,1.0,0.9999997
2337,Rest of NSW,771,771,266886,1.0,0.0028888739012162498,2337,Rest of NSW,1.0,0.9999997
2338,Rest of NSW,124,124,266886,1.0,0.0004646178518168806,2338,Rest of NSW,1.0,0.9999997
2339,Rest of NSW,39,39,266886,1.0,0.00014612980823272857,2339,Rest of NSW,1.0,0.9999997
2340,Rest of NSW,5744,5744,266886,1.0,0.02152229790996905,2340,Rest of NSW,1.0,0.9999997
2341,Rest of NSW,176,176,266886,1.0,0.0006594575961271854,2341,Rest of NSW,1.0,0.9999997
2342,Rest of NSW,30,30,266886,1.0,0.0001124075447944066,2342,Rest of NSW,1.0,0.9999997
2343,Rest of NSW,513,513,266886,1.0,0.0019221690159843528,2343,Rest of NSW,1.0,0.9999997
2344,Rest of NSW,29,29,266886,1.0,0.00010866062663459304,2344,Rest of NSW,1.0,0.9999997
2345,Rest of NSW,30,30,266886,1.0,0.0001124075447944066,2345,Rest of NSW,1.0,0.9999997
2346,Rest of NSW,294,294,266886,1.0,0.0011015939389851846,2346,Rest of NSW,1.0,0.9999997
2347,Rest of NSW,173,173,266886,1.0,0.0006482168416477447,2347,Rest of NSW,1.0,0.9999997
2350,Rest of NSW,3251,3251,266886,1.0,0.012181230937553862,2350,Rest of NSW,1.0,0.9999997
2352,Rest of NSW,194,194,266886,1.0,0.0007269021230038293,2352,Rest of NSW,1.0,0.9999997
2353,Rest of NSW,56,56,266886,1.0,0.000209827416949559,2353,Rest of NSW,1.0,0.9999997
2354,Rest of NSW,255,255,266886,1.0,0.0009554641307524561,2354,Rest of NSW,1.0,0.9999997
2355,Rest of NSW,33,33,266886,1.0,0.00012364829927384726,2355,Rest of NSW,1.0,0.9999997
2356,Rest of NSW,10,10,266886,1.0,3.746918159813553e-05,2356,Rest of NSW,1.0,0.9999997
2357,Rest of NSW,395,395,266886,1.0,0.0014800326731263535,2357,Rest of NSW,0.9857787,0.9999997
2358,Rest of NSW,330,330,266886,1.0,0.0012364829927384727,2358,Rest of NSW,1.0,0.9999997
2359,Rest of NSW,53,53,266886,1.0,0.00019858666247011834,2359,Rest of NSW,1.0,0.9999997
2360,Rest of NSW,1638,1638,266886,1.0,0.0061374519457746005,2360,Rest of NSW,1.0,0.9999997
2361,Rest of NSW,52,52,266886,1.0,0.00019483974431030478,2361,Rest of NSW,1.0,0.9999997
2365,Rest of NSW,317,317,266886,1.0,0.0011877730566608965,2365,Rest of NSW,1.0,0.9999997
2369,Rest of NSW,58,58,266886,1.0,0.0002173212532691861,2369,Rest of NSW,1.0,0.9999997
2370,Rest of NSW,783,783,266886,1.0,0.0029338369191340124,2370,Rest of NSW,1.0,0.9999997
2371,Rest of NSW,64,64,266886,1.0,0.00023980276222806743,2371,Rest of NSW,1.0,0.9999997
2372,Rest of NSW,435,435,266886,1.0,0.0016299093995188957,2372,Rest of NSW,1.0,0.9999997
2379,Rest of NSW,17,17,266886,1.0,6.369760871683041e-05,2379,Rest of NSW,0.8412327,0.9999997
2380,Rest of NSW,1226,1226,266886,1.0,0.004593721663931416,2380,Rest of NSW,1.0,0.9999997
2381,Rest of NSW,87,87,266886,1.0,0.00032598187990377916,2381,Rest of NSW,1.0,0.9999997
2382,Rest of NSW,146,146,266886,1.0,0.0005470500513327788,2382,Rest of NSW,1.0,0.9999997
2386,Rest of NSW,26,26,266886,1.0,9.741987215515239e-05,2386,Rest of NSW,1.0,0.9999997
2387,Rest of NSW,16,16,266886,1.0,5.9950690557016856e-05,2387,Rest of NSW,1.0,0.9999997
2388,Rest of NSW,279,279,266886,1.0,0.0010453901665879815,2388,Rest of NSW,1.0,0.9999997
2390,Rest of NSW,912,912,266886,1.0,0.0034171893617499604,2390,Rest of NSW,1.0,0.9999997
2395,Rest of NSW,50,50,266886,1.0,0.00018734590799067766,2395,Rest of NSW,1.0,0.9999997
2396,Rest of NSW,81,81,266886,1.0,0.0003035003709448978,2396,Rest of NSW,1.0,0.9999997
2397,Rest of NSW,37,37,266886,1.0,0.00013863597191310148,2397,Rest of NSW,1.0,0.9999997
2398,Rest of NSW,16,16,266886,1.0,5.9950690557016856e-05,2398,Rest of NSW,1.0,0.9999997
2399,Rest of NSW,29,29,266886,1.0,0.00010866062663459304,2399,Rest of NSW,1.0,0.9999997
2400,Rest of NSW,1358,1358,266886,1.0,0.0050883148610268054,2400,Rest of NSW,1.0,0.9999997
2401,Rest of NSW,12,12,266886,1.0,4.496301791776264e-05,2401,Rest of NSW,1.0,0.9999997
2402,Rest of NSW,150,150,266886,1.0,0.000562037723972033,2402,Rest of NSW,1.0,0.9999997
2403,Rest of NSW,33,33,266886,1.0,0.00012364829927384726,2403,Rest of NSW,1.0,0.9999997
2404,Rest of NSW,140,140,266886,1.0,0.0005245685423738974,2404,Rest of NSW,1.0,0.9999997
2405,Rest of NSW,21,21,266886,1.0,7.868528135608463e-05,2405,Rest of NSW,1.0,0.9999997
2406,Rest of NSW,93,93,266886,1.0,0.00034846338886266047,2406,Rest of NSW,1.0,0.9999997
2408,Rest of NSW,26,26,266886,1.0,9.741987215515239e-05,2408,Rest of NSW,1.0,0.9999997
2409,Rest of NSW,157,157,266886,1.0,0.0005882661510907279,2409,Rest of NSW,1.0,0.9999997
2410,Rest of NSW,17,17,266886,1.0,6.369760871683041e-05,2410,Rest of NSW,1.0,0.9999997
2411,Rest of NSW,7,7,266886,1.0,2.6228427118694874e-05,2411,Rest of NSW,1.0,0.9999997
2415,Rest of NSW,33,33,266886,1.0,0.00012364829927384726,2415,Rest of NSW,1.0,0.9999997
2420,Rest of NSW,315,315,266886,1.0,0.0011802792203412693,2420,Rest of NSW,1.0,0.9999997
2421,Rest of NSW,62,62,266886,1.0,0.0002323089259084403,2421,Rest of NSW,1.0,0.9999997
2422,Rest of NSW,484,484,266886,1.0,0.0018135083893497598,2422,Rest of NSW,1.0,0.9999997
2423,Rest of NSW,215,215,266886,1.0,0.000805587404359914,2423,Rest of NSW,1.0,0.9999997
2424,Rest of NSW,27,27,266886,1.0,0.00010116679031496594,2424,Rest of NSW,1.0,0.9999997
2425,Rest of NSW,88,88,266886,1.0,0.0003297287980635927,2425,Rest of NSW,1.0,0.9999997
2426,Rest of NSW,48,48,266886,1.0,0.00017985207167105056,2426,Rest of NSW,1.0,0.9999997
2427,Rest of NSW,299,299,266886,1.0,0.0011203285297842524,2427,Rest of NSW,1.0,0.9999997
2428,Rest of NSW,2731,2731,266886,1.0,0.010232833494450814,2428,Rest of NSW,1.0,0.9999997
2429,Rest of NSW,670,670,266886,1.0,0.002510435167075081,2429,Rest of NSW,1.0,0.9999997
2430,Rest of NSW,3710,3710,266886,1.0,0.013901066372908282,2430,Rest of NSW,1.0,0.9999997
2431,Rest of NSW,600,600,266886,1.0,0.002248150895888132,2431,Rest of NSW,1.0,0.9999997
2439,Rest of NSW,119,119,266886,1.0,0.00044588326101781283,2439,Rest of NSW,1.0,0.9999997
2440,Rest of NSW,1944,1944,266886,1.0,0.007284008902677548,2440,Rest of NSW,1.0,0.9999997
2441,Rest of NSW,305,305,266886,1.0,0.0011428100387431337,2441,Rest of NSW,1.0,0.9999997
2443,Rest of NSW,844,844,266886,1.0,0.003162398926882639,2443,Rest of NSW,0.961499,0.9999997
2444,Rest of NSW,5693,5693,266886,1.0,0.02133120508381856,2444,Rest of NSW,1.0,0.9999997
2445,Rest of NSW,432,432,266886,1.0,0.001618668645039455,2445,Rest of NSW,1.0,0.9999997
2446,Rest of NSW,1009,1009,266886,1.0,0.0037806404232518754,2446,Rest of NSW,1.0,0.9999997
2447,Rest of NSW,553,553,266886,1.0,0.002072045742376895,2447,Rest of NSW,1.0,0.9999997
2448,Rest of NSW,1236,1236,266886,1.0,0.004631190845529552,2448,Rest of NSW,1.0,0.9999997
2449,Rest of NSW,196,196,266886,1.0,0.0007343959593234565,2449,Rest of NSW,0.9966496,0.9999997
2450,Rest of NSW,5113,5113,266886,1.0,0.0191579925511267,2450,Rest of NSW,1.0,0.9999997
2452,Rest of NSW,1875,1875,266886,1.0,0.007025471549650412,2452,Rest of NSW,1.0,0.9999997
2453,Rest of NSW,213,213,266886,1.0,0.0007980935680402868,2453,Rest of NSW,1.0,0.9999997
2454,Rest of NSW,631,631,266886,1.0,0.0023643053588423522,2454,Rest of NSW,1.0,0.9999997
2455,Rest of NSW,390,390,266886,1.0,0.0014612980823272858,2455,Rest of NSW,1.0,0.9999997
2456,Rest of NSW,1360,1360,266886,1.0,0.005095808697346433,2456,Rest of NSW,1.0,0.9999997
2460,Rest of NSW,2780,2780,266886,1.0,0.010416432484281679,2460,Rest of NSW,1.0,0.9999997
2462,Rest of NSW,191,191,266886,1.0,0.0007156613685243887,2462,Rest of NSW,1.0,0.9999997
2463,Rest of NSW,643,643,266886,1.0,0.002409268376760115,2463,Rest of NSW,1.0,0.9999997
2464,Rest of NSW,906,906,266886,1.0,0.0033947078527910794,2464,Rest of NSW,1.0,0.9999997
2465,Rest of NSW,31,31,266886,1.0,0.00011615446295422015,2465,Rest of NSW,1.0,0.9999997
2466,Rest of NSW,269,269,266886,1.0,0.0010079209849898458,2466,Rest of NSW,0.9995456,0.9999997
2469,Rest of NSW,274,274,266886,1.0,0.0010266555757889135,2469,Rest of NSW,1.0,0.9999997
2470,Rest of NSW,1599,1599,266886,1.0,0.0059913221375418714,2470,Rest of NSW,1.0,0.9999997
2471,Rest of NSW,182,182,266886,1.0,0.0006819391050860667,2471,Rest of NSW,1.0,0.9999997
2472,Rest of NSW,159,159,266886,1.0,0.0005957599874103549,2472,Rest of NSW,1.0,0.9999997
2473,Rest of NSW,518,518,266886,1.0,0.0019409036067834207,2473,Rest of NSW,1.0,0.9999997
2474,Rest of NSW,525,525,266886,1.0,0.0019671320339021154,2474,Rest of NSW,1.0,0.9999997
2475,Rest of NSW,31,31,266886,1.0,0.00011615446295422015,2475,Rest of NSW,1.0,0.9999997
2476,Rest of NSW,69,69,266886,1.0,0.0002585373530271352,2476,Rest of NSW,1.0,0.9999997
2477,Rest of NSW,995,995,266886,1.0,0.0037281835690144856,2477,Rest of NSW,1.0,0.9999997
2478,Rest of NSW,3430,3430,266886,1.0,0.012851929288160488,2478,Rest of NSW,1.0,0.9999997
2479,Rest of NSW,397,397,266886,1.0,0.0014875265094459807,2479,Rest of NSW,1.0,0.9999997
2480,Rest of NSW,4647,4647,266886,1.0,0.017411928688653582,2480,Rest of NSW,1.0,0.9999997
2481,Rest of NSW,1382,1382,266886,1.0,0.005178240896862331,2481,Rest of NSW,1.0,0.9999997
2482,Rest of NSW,607,607,266886,1.0,0.002274379323006827,2482,Rest of NSW,1.0,0.9999997
2483,Rest of NSW,1201,1201,266886,1.0,0.004500048709936077,2483,Rest of NSW,1.0,0.9999997
2484,Rest of NSW,1634,1634,266886,1.0,0.006122464273135346,2484,Rest of NSW,1.0,0.9999997
2485,Rest of NSW,2183,2183,266886,1.0,0.008179522342872987,2485,Rest of NSW,1.0,0.9999997
2486,Rest of NSW,2790,2790,266886,1.0,0.010453901665879815,2486,Rest of NSW,1.0,0.9999997
2487,Rest of NSW,1511,1511,266886,1.0,0.005661593339478279,2487,Rest of NSW,1.0,0.9999997
2488,Rest of NSW,383,383,266886,1.0,0.001435069655208591,2488,Rest of NSW,1.0,0.9999997
2489,Rest of NSW,692,692,266886,1.0,0.002592867366590979,2489,Rest of NSW,1.0,0.9999997
2490,Rest of NSW,51,51,266886,1.0,0.00019109282615049122,2490,Rest of NSW,1.0,0.9999997
2500,Rest of NSW,7289,7289,266886,1.0,0.02731128646688099,2500,Rest of NSW,1.0,0.9999997
2502,Rest of NSW,1555,1555,266886,1.0,0.005826457738510075,2502,Rest of NSW,1.0,0.9999997
2505,Rest of NSW,614,614,266886,1.0,0.0023006077501255217,2505,Rest of NSW,1.0,0.9999997
2506,Rest of NSW,981,981,266886,1.0,0.003675726714777096,2506,Rest of NSW,1.0,0.9999997
2508,Rest of NSW,375,375,266886,1.0,0.0014050943099300824,2508,Rest of NSW,1.0,0.9999997
2515,Rest of NSW,720,720,266886,1.0,0.0026977810750657585,2515,Rest of NSW,1.0,0.9999997
2516,Rest of NSW,448,448,266886,1.0,0.001678619335596472,2516,Rest of NSW,1.0,0.9999997
2517,Rest of NSW,1196,1196,266886,1.0,0.004481314119137009,2517,Rest of NSW,0.9999993,0.9999997
2518,Rest of NSW,2729,2729,266886,1.0,0.010225339658131187,2518,Rest of NSW,1.0,0.9999997
2519,Rest of NSW,1874,1874,266886,1.0,0.0070217246314905985,2519,Rest of NSW,1.0,0.9999997
2525,Rest of NSW,623,623,266886,1.0,0.0023343300135638435,2525,Rest of NSW,1.0,0.9999997
2526,Rest of NSW,1178,1178,266886,1.0,0.004413869592260366,2526,Rest of NSW,1.0,0.9999997
2527,Rest of NSW,1392,1392,266886,1.0,0.0052157100784604666,2527,Rest of NSW,1.0,0.9999997
2528,Rest of NSW,3042,3042,266886,1.0,0.01139812504215283,2528,Rest of NSW,1.0,0.9999997
2529,Rest of NSW,2027,2027,266886,1.0,0.007595003109942072,2529,Rest of NSW,1.0,0.9999997
2530,Rest of NSW,2275,2275,266886,1.0,0.008524238813575833,2530,Rest of NSW,1.0,0.9999997
2533,Rest of NSW,1049,1049,266886,1.0,0.003930517149644417,2533,Rest of NSW,1.0,0.9999997
2534,Rest of NSW,399,399,266886,1.0,0.0014950203457656079,2534,Rest of NSW,1.0,0.9999997
2535,Rest of NSW,466,466,266886,1.0,0.0017460638624731159,2535,Rest of NSW,1.0,0.9999997
2536,Rest of NSW,1946,1946,266886,1.0,0.007291502738997175,2536,Rest of NSW,1.0,0.9999997
2537,Rest of NSW,1025,1025,266886,1.0,0.0038405911138088924,2537,Rest of NSW,1.0,0.9999997
2538,Rest of NSW,101,101,266886,1.0,0.0003784387341411689,2538,Rest of NSW,1.0,0.9999997
2539,Rest of NSW,1627,1627,266886,1.0,0.006096235846016651,2539,Rest of NSW,0.9999296,0.9999997
2540,Rest of NSW,3629,3629,266886,1.0,0.013597566001963384,2540,Rest of NSW,1.0,0.9999997
2541,Rest of NSW,3472,3472,266886,1.0,0.013009299850872657,2541,Rest of NSW,1.0,0.9999997
2545,Rest of NSW,55,55,266886,1.0,0.00020608049878974543,2545,Rest of NSW,1.0,0.9999997
2546,Rest of NSW,840,840,266886,1.0,0.0031474112542433847,2546,Rest of NSW,1.0,0.9999997
2548,Rest of NSW,804,804,266886,1.0,0.003012522200490097,2548,Rest of NSW,1.0,0.9999997
2549,Rest of NSW,233,233,266886,1.0,0.0008730319312365579,2549,Rest of NSW,1.0,0.9999997
2550,Rest of NSW,1228,1228,266886,1.0,0.004601215500251043,2550,Rest of NSW,1.0,0.9999997
2551,Rest of NSW,429,429,266886,1.0,0.0016074278905600144,2551,Rest of NSW,1.0,0.9999997
2555,Greater Sydney,22,22,547460,1.0,4.018558433492858e-05,2555,Greater Sydney,1.0,0.999999
2556,Greater Sydney,125,125,547460,1.0,0.0002283271837211851,2556,Greater Sydney,1.0,0.999999
2557,Greater Sydney,541,541,547460,1.0,0.0009882000511452892,2557,Greater Sydney,1.0,0.999999
2558,Greater Sydney,716,716,547460,1.0,0.0013078581083549483,2558,Greater Sydney,1.0,0.999999
2559,Greater Sydney,613,613,547460,1.0,0.0011197165089686918,2559,Greater Sydney,1.0,0.999999
2560,Greater Sydney,8408,8408,547460,1.0,0.015358199685821795,2560,Greater Sydney,1.0,0.999999
2563,Greater Sydney,39,39,547460,1.0,7.123808132100975e-05,2563,Greater Sydney,1.0,0.999999
2564,Greater Sydney,1789,1789,547460,1.0,0.0032678186534176013,2564,Greater Sydney,1.0,0.999999
2565,Greater Sydney,1819,1819,547460,1.0,0.0033226171775106858,2565,Greater Sydney,0.9967247,0.999999
2566,Greater Sydney,2187,2187,547460,1.0,0.003994812406385855,2566,Greater Sydney,1.0,0.999999
2567,Greater Sydney,2273,2273,547460,1.0,0.00415190150878603,2567,Greater Sydney,0.9930282,0.999999
2568,Greater Sydney,30,30,547460,1.0,5.479852409308443e-05,2568,Greater Sydney,1.0,0.999999
2569,Greater Sydney,38,38,547460,1.0,6.941146385124027e-05,2569,Greater Sydney,1.0,0.999999
2570,Greater Sydney,2295,2295,547460,1.0,0.004192087093120959,2570,Greater Sydney,0.9999802,0.999999
2571,Rest of NSW,12,508,266886,0.023622047244094488,4.496301791776264e-05,2571,Rest of NSW,1.0,0.9999997
2571,Greater Sydney,496,508,547460,0.9763779527559056,0.0009060022650056625,2571,Greater Sydney,1.0,0.999999
2572,Greater Sydney,255,255,547460,1.0,0.0004657874547912176,2572,Greater Sydney,1.0,0.999999
2573,Greater Sydney,493,493,547460,1.0,0.0009005224125963541,2573,Greater Sydney,1.0,0.999999
2574,Greater Sydney,246,246,547460,1.0,0.0004493478975632923,2574,Greater Sydney,1.0,0.999999
2575,Rest of NSW,1079,1079,266886,1.0,0.004042924694438824,2575,Rest of NSW,1.0,0.9999997
2576,Rest of NSW,904,904,266886,1.0,0.003387214016471452,2576,Rest of NSW,1.0,0.9999997
2577,Rest of NSW,1217,1217,266886,1.0,0.004559999400493095,2577,Rest of NSW,1.0,0.9999997
2578,Rest of NSW,132,132,266886,1.0,0.000494593197095389,2578,Rest of NSW,1.0,0.9999997
2579,Rest of NSW,204,204,266886,1.0,0.0007643713046019649,2579,Rest of NSW,1.0,0.9999997
2580,Rest of NSW,3007,3007,266886,1.0,0.011266982906559355,2580,Rest of NSW,1.0,0.9999997
2581,Rest of NSW,103,103,266886,1.0,0.00038593257046079597,2581,Rest of NSW,1.0,0.9999997
2582,Rest of NSW,739,739,266886,1.0,0.002768972520102216,2582,Rest of NSW,1.0,0.9999997
2583,Rest of NSW,258,258,266886,1.0,0.0009667048852318968,2583,Rest of NSW,1.0,0.9999997
2584,Rest of NSW,41,41,266886,1.0,0.0001536236445523557,2584,Rest of NSW,1.0,0.9999997
2585,Rest of NSW,17,17,266886,1.0,6.369760871683041e-05,2585,Rest of NSW,1.0,0.9999997
2586,Rest of NSW,186,186,266886,1.0,0.0006969267777253209,2586,Rest of NSW,1.0,0.9999997
2587,Rest of NSW,193,193,266886,1.0,0.0007231552048440158,2587,Rest of NSW,1.0,0.9999997
2588,Rest of NSW,12,12,266886,1.0,4.496301791776264e-05,2588,Rest of NSW,1.0,0.9999997
2590,Rest of NSW,669,669,266886,1.0,0.0025066882489152673,2590,Rest of NSW,1.0,0.9999997
2594,Rest of NSW,1231,1231,266886,1.0,0.004612456254730484,2594,Rest of NSW,1.0,0.9999997
2611,Rest of NSW,3,3,266886,1.0,1.124075447944066e-05,2611,Rest of NSW,1.0,0.9999997
2618,Rest of NSW,47,47,266886,1.0,0.000176105153511237,2618,Rest of NSW,0.8910169,0.9999997
2619,Rest of NSW,633,633,266886,1.0,0.0023717991951619794,2619,Rest of NSW,1.0,0.9999997
2620,Rest of NSW,4570,4570,266886,1.0,0.01712341599034794,2620,Rest of NSW,0.9998418,0.9999997
2621,Rest of NSW,283,283,266886,1.0,0.0010603778392272356,2621,Rest of NSW,1.0,0.9999997
2622,Rest of NSW,235,235,266886,1.0,0.000880525767556185,2622,Rest of NSW,0.9693882,0.9999997
2623,Rest of NSW,39,39,266886,1.0,0.00014612980823272857,2623,Rest of NSW,1.0,0.9999997
2625,Rest of NSW,42,42,266886,1.0,0.00015737056271216925,2625,Rest of NSW,1.0,0.9999997
2626,Rest of NSW,10,10,266886,1.0,3.746918159813553e-05,2626,Rest of NSW,1.0,0.9999997
2627,Rest of NSW,744,744,266886,1.0,0.0027877071109012838,2627,Rest of NSW,0.977841,0.9999997
2628,Rest of NSW,155,155,266886,1.0,0.0005807723147711008,2628,Rest of NSW,1.0,0.9999997
2629,Rest of NSW,45,45,266886,1.0,0.0001686113171916099,2629,Rest of NSW,1.0,0.9999997
2630,Rest of NSW,869,869,266886,1.0,0.003256071880877978,2630,Rest of NSW,1.0,0.9999997
2631,Rest of NSW,30,30,266886,1.0,0.0001124075447944066,2631,Rest of NSW,1.0,0.9999997
2632,Rest of NSW,150,150,266886,1.0,0.000562037723972033,2632,Rest of NSW,1.0,0.9999997
2633,Rest of NSW,15,15,266886,1.0,5.62037723972033e-05,2633,Rest of NSW,1.0,0.9999997
2640,Rest of NSW,4285,4285,266886,1.0,0.016055544314801076,2640,Rest of NSW,1.0,0.9999997
2641,Rest of NSW,2286,2286,266886,1.0,0.008565454913333784,2641,Rest of NSW,1.0,0.9999997
2642,Rest of NSW,217,217,266886,1.0,0.0008130812406795411,2642,Rest of NSW,1.0,0.9999997
2643,Rest of NSW,194,194,266886,1.0,0.0007269021230038293,2643,Rest of NSW,1.0,0.9999997
2644,Rest of NSW,160,160,266886,1.0,0.0005995069055701685,2644,Rest of NSW,1.0,0.9999997
2645,Rest of NSW,23,23,266886,1.0,8.617911767571172e-05,2645,Rest of NSW,1.0,0.9999997
2646,Rest of NSW,600,600,266886,1.0,0.002248150895888132,2646,Rest of NSW,1.0,0.9999997
2647,Rest of NSW,193,193,266886,1.0,0.0007231552048440158,2647,Rest of NSW,1.0,0.9999997
2648,Rest of NSW,209,209,266886,1.0,0.0007831058954010327,2648,Rest of NSW,1.0,0.9999997
2650,Rest of NSW,7045,7045,266886,1.0,0.026397038435886484,2650,Rest of NSW,1.0,0.9999997
2651,Rest of NSW,264,264,266886,1.0,0.000989186394190778,2651,Rest of NSW,1.0,0.9999997
2652,Rest of NSW,249,249,266886,1.0,0.0009329826217935748,2652,Rest of NSW,1.0,0.9999997
2653,Rest of NSW,218,218,266886,1.0,0.0008168281588393547,2653,Rest of NSW,1.0,0.9999997
2655,Rest of NSW,62,62,266886,1.0,0.0002323089259084403,2655,Rest of NSW,1.0,0.9999997
2656,Rest of NSW,92,92,266886,1.0,0.0003447164707028469,2656,Rest of NSW,1.0,0.9999997
2658,Rest of NSW,89,89,266886,1.0,0.00033347571622340623,2658,Rest of NSW,1.0,0.9999997
2659,Rest of NSW,41,41,266886,1.0,0.0001536236445523557,2659,Rest of NSW,1.0,0.9999997
2660,Rest of NSW,114,114,266886,1.0,0.00042714867021874506,2660,Rest of NSW,1.0,0.9999997
2661,Rest of NSW,45,45,266886,1.0,0.0001686113171916099,2661,Rest of NSW,1.0,0.9999997
2663,Rest of NSW,404,404,266886,1.0,0.0015137549365646756,2663,Rest of NSW,1.0,0.9999997
2665,Rest of NSW,110,110,266886,1.0,0.00041216099757949087,2665,Rest of NSW,1.0,0.9999997
2666,Rest of NSW,463,463,266886,1.0,0.0017348231079936751,2666,Rest of NSW,1.0,0.9999997
2668,Rest of NSW,14,14,266886,1.0,5.245685423738975e-05,2668,Rest of NSW,1.0,0.9999997
2669,Rest of NSW,64,64,266886,1.0,0.00023980276222806743,2669,Rest of NSW,1.0,0.9999997
2671,Rest of NSW,343,343,266886,1.0,0.0012851929288160487,2671,Rest of NSW,1.0,0.9999997
2672,Rest of NSW,182,182,266886,1.0,0.0006819391050860667,2672,Rest of NSW,1.0,0.9999997
2675,Rest of NSW,179,179,266886,1.0,0.000670698350606626,2675,Rest of NSW,1.0,0.9999997
2680,Rest of NSW,2548,2548,266886,1.0,0.009547147471204933,2680,Rest of NSW,1.0,0.9999997
2681,Rest of NSW,127,127,266886,1.0,0.00047585860629632126,2681,Rest of NSW,1.0,0.9999997
2700,Rest of NSW,480,480,266886,1.0,0.0017985207167105057,2700,Rest of NSW,1.0,0.9999997
2701,Rest of NSW,134,134,266886,1.0,0.0005020870334150161,2701,Rest of NSW,1.0,0.9999997
2702,Rest of NSW,34,34,266886,1.0,0.00012739521743366082,2702,Rest of NSW,1.0,0.9999997
2703,Rest of NSW,58,58,266886,1.0,0.0002173212532691861,2703,Rest of NSW,1.0,0.9999997
2705,Rest of NSW,1001,1001,266886,1.0,0.0037506650779733667,2705,Rest of NSW,1.0,0.9999997
2706,Rest of NSW,141,141,266886,1.0,0.000528315460533711,2706,Rest of NSW,1.0,0.9999997
2707,Rest of NSW,133,133,266886,1.0,0.0004983401152552026,2707,Rest of NSW,1.0,0.9999997
2710,Rest of NSW,995,995,266886,1.0,0.0037281835690144856,2710,Rest of NSW,1.0,0.9999997
2711,Rest of NSW,326,326,266886,1.0,0.0012214953200992184,2711,Rest of NSW,1.0,0.9999997
2712,Rest of NSW,107,107,266886,1.0,0.0004009202431000502,2712,Rest of NSW,1.0,0.9999997
2713,Rest of NSW,255,255,266886,1.0,0.0009554641307524561,2713,Rest of NSW,1.0,0.9999997
2714,Rest of NSW,227,227,266886,1.0,0.0008505504222776766,2714,Rest of NSW,1.0,0.9999997
2715,Rest of NSW,163,163,266886,1.0,0.0006107476600496092,2715,Rest of NSW,1.0,0.9999997
2716,Rest of NSW,93,93,266886,1.0,0.00034846338886266047,2716,Rest of NSW,1.0,0.9999997
2717,Rest of NSW,140,140,266886,1.0,0.0005245685423738974,2717,Rest of NSW,0.9823261,0.9999997
2720,Rest of NSW,796,796,266886,1.0,0.0029825468552115886,2720,Rest of NSW,1.0,0.9999997
2721,Rest of NSW,9,9,266886,1.0,3.372226343832198e-05,2721,Rest of NSW,1.0,0.9999997
2722,Rest of NSW,249,249,266886,1.0,0.0009329826217935748,2722,Rest of NSW,1.0,0.9999997
2725,Rest of NSW,12,12,266886,1.0,4.496301791776264e-05,2725,Rest of NSW,1.0,0.9999997
2726,Rest of NSW,14,14,266886,1.0,5.245685423738975e-05,2726,Rest of NSW,1.0,0.9999997
2727,Rest of NSW,14,14,266886,1.0,5.245685423738975e-05,2727,Rest of NSW,0.8295316,0.9999997
2729,Rest of NSW,89,89,266886,1.0,0.00033347571622340623,2729,Rest of NSW,0.9999997,0.9999997
2730,Rest of NSW,118,118,266886,1.0,0.0004421363428579993,2730,Rest of NSW,1.0,0.9999997
2731,Rest of NSW,575,575,266886,1.0,0.002154477941892793,2731,Rest of NSW,1.0,0.9999997
2732,Rest of NSW,159,159,266886,1.0,0.0005957599874103549,2732,Rest of NSW,1.0,0.9999997
2733,Rest of NSW,41,41,266886,1.0,0.0001536236445523557,2733,Rest of NSW,1.0,0.9999997
2734,Rest of NSW,7,7,266886,1.0,2.6228427118694874e-05,2734,Rest of NSW,1.0,0.9999997
2735,Rest of NSW,22,22,266886,1.0,8.243219951589817e-05,2735,Rest of NSW,1.0,0.9999997
2736,Rest of NSW,23,23,266886,1.0,8.617911767571172e-05,2736,Rest of NSW,1.0,0.9999997
2737,Rest of NSW,59,59,266886,1.0,0.00022106817142899965,2737,Rest of NSW,1.0,0.9999997
2738,Rest of NSW,94,94,266886,1.0,0.000352210307022474,2738,Rest of NSW,1.0,0.9999997
2739,Rest of NSW,124,124,266886,1.0,0.0004646178518168806,2739,Rest of NSW,1.0,0.9999997
2745,Greater Sydney,1811,1811,547460,1.0,0.0033080042377525297,2745,Greater Sydney,1.0,0.999999
2747,Greater Sydney,4726,4726,547460,1.0,0.008632594162130566,2747,Greater Sydney,1.0,0.999999
2748,Greater Sydney,75,75,547460,1.0,0.00013699631023271106,2748,Greater Sydney,1.0,0.999999
2749,Greater Sydney,1350,1350,547460,1.0,0.0024659335841887993,2749,Greater Sydney,1.0,0.999999
2750,Greater Sydney,5451,5451,547460,1.0,0.00995689182771344,2750,Greater Sydney,1.0,0.999999
2752,Greater Sydney,153,153,547460,1.0,0.0002794724728747306,2752,Greater Sydney,1.0,0.999999
2753,Greater Sydney,1515,1515,547460,1.0,0.0027673254667007637,2753,Greater Sydney,1.0,0.999999
2754,Greater Sydney,525,525,547460,1.0,0.0009589741716289774,2754,Greater Sydney,1.0,0.999999
2756,Greater Sydney,2815,2815,547460,1.0,0.005141928177401089,2756,Greater Sydney,1.0,0.999999
2757,Greater Sydney,34,34,547460,1.0,6.210499397216235e-05,2757,Greater Sydney,1.0,0.999999
2758,Greater Sydney,197,197,547460,1.0,0.00035984364154458773,2758,Greater Sydney,1.0,0.999999
2759,Greater Sydney,1393,1393,547460,1.0,0.002544478135388887,2759,Greater Sydney,1.0,0.999999
2760,Greater Sydney,4387,4387,547460,1.0,0.008013370839878712,2760,Greater Sydney,1.0,0.999999
2761,Greater Sydney,2020,2020,547460,1.0,0.0036897672889343513,2761,Greater Sydney,1.0,0.999999
2762,Greater Sydney,382,382,547460,1.0,0.0006977678734519417,2762,Greater Sydney,0.9999998,0.999999
2763,Greater Sydney,2484,2484,547460,1.0,0.004537317794907391,2763,Greater Sydney,1.0,0.999999
2765,Greater Sydney,1183,1183,547460,1.0,0.002160888466737296,2765,Greater Sydney,0.9919364,0.999999
2766,Greater Sydney,1251,1251,547460,1.0,0.0022850984546816206,2766,Greater Sydney,1.0,0.999999
2767,Greater Sydney,2138,2138,547460,1.0,0.0039053081503671503,2767,Greater Sydney,1.0,0.999999
2768,Greater Sydney,1512,1512,547460,1.0,0.002761845614291455,2768,Greater Sydney,1.0,0.999999
2769,Greater Sydney,649,649,547460,1.0,0.001185474737880393,2769,Greater Sydney,1.0,0.999999
2770,Greater Sydney,8773,8773,547460,1.0,0.016024915062287655,2770,Greater Sydney,1.0,0.999999
2773,Greater Sydney,264,264,547460,1.0,0.00048222701201914295,2773,Greater Sydney,1.0,0.999999
2774,Greater Sydney,664,664,547460,1.0,0.0012128739999269353,2774,Greater Sydney,1.0,0.999999
2775,Greater Sydney,87,87,547460,1.0,0.00015891571986994483,2775,Greater Sydney,1.0,0.999999
2776,Greater Sydney,201,201,547460,1.0,0.00036715011142366566,2776,Greater Sydney,1.0,0.999999
2777,Greater Sydney,882,882,547460,1.0,0.0016110766083366822,2777,Greater Sydney,1.0,0.999999
2778,Greater Sydney,76,76,547460,1.0,0.00013882292770248054,2778,Greater Sydney,1.0,0.999999
2779,Greater Sydney,266,266,547460,1.0,0.0004858802469586819,2779,Greater Sydney,1.0,0.999999
2780,Greater Sydney,1542,1542,547460,1.0,0.0028166441383845396,2780,Greater Sydney,1.0,0.999999
2782,Greater Sydney,449,449,547460,1.0,0.0008201512439264969,2782,Greater Sydney,1.0,0.999999
2783,Greater Sydney,205,205,547460,1.0,0.0003744565813027436,2783,Greater Sydney,1.0,0.999999
2784,Greater Sydney,70,70,547460,1.0,0.00012786322288386366,2784,Greater Sydney,1.0,0.999999
2785,Greater Sydney,452,457,547460,0.9890590809628009,0.0008256310963358054,2785,Greater Sydney,1.0,0.999999
2785,Rest of NSW,5,457,266886,0.010940919037199124,1.8734590799067766e-05,2785,Rest of NSW,1.0,0.9999997
2786,Greater Sydney,91,91,547460,1.0,0.00016622218974902275,2786,Greater Sydney,1.0,0.999999
2787,Rest of NSW,364,364,266886,1.0,0.0013638782101721334,2787,Rest of NSW,1.0,0.9999997
2790,Rest of NSW,1558,1558,266886,1.0,0.005837698492989516,2790,Rest of NSW,1.0,0.9999997
2791,Rest of NSW,18,18,266886,1.0,6.744452687664396e-05,2791,Rest of NSW,1.0,0.9999997
2792,Rest of NSW,26,26,266886,1.0,9.741987215515239e-05,2792,Rest of NSW,1.0,0.9999997
2793,Rest of NSW,47,47,266886,1.0,0.000176105153511237,2793,Rest of NSW,1.0,0.9999997
2794,Rest of NSW,1115,1115,266886,1.0,0.004177813748192112,2794,Rest of NSW,1.0,0.9999997
2795,Rest of NSW,4389,4389,266886,1.0,0.016445223803421685,2795,Rest of NSW,1.0,0.9999997
2797,Rest of NSW,13,13,266886,1.0,4.8709936077576195e-05,2797,Rest of NSW,1.0,0.9999997
2798,Rest of NSW,102,102,266886,1.0,0.00038218565230098244,2798,Rest of NSW,1.0,0.9999997
2799,Rest of NSW,384,384,266886,1.0,0.0014388165733684045,2799,Rest of NSW,1.0,0.9999997
2800,Rest of NSW,5037,5037,266886,1.0,0.01887322677098087,2800,Rest of NSW,1.0,0.9999997
2803,Rest of NSW,12,12,266886,1.0,4.496301791776264e-05,2803,Rest of NSW,1.0,0.9999997
2804,Rest of NSW,203,203,266886,1.0,0.0007606243864421513,2804,Rest of NSW,1.0,0.9999997
2805,Rest of NSW,16,16,266886,1.0,5.9950690557016856e-05,2805,Rest of NSW,1.0,0.9999997
2806,Rest of NSW,43,43,266886,1.0,0.00016111748087198279,2806,Rest of NSW,1.0,0.9999997
2807,Rest of NSW,16,16,266886,1.0,5.9950690557016856e-05,2807,Rest of NSW,1.0,0.9999997
2808,Rest of NSW,7,7,266886,1.0,2.6228427118694874e-05,2808,Rest of NSW,1.0,0.9999997
2809,Rest of NSW,4,4,266886,1.0,1.4987672639254214e-05,2809,Rest of NSW,1.0,0.9999997
2810,Rest of NSW,227,227,266886,1.0,0.0008505504222776766,2810,Rest of NSW,1.0,0.9999997
2817,Rest of NSW,8,8,266886,1.0,2.9975345278508428e-05,2817,Rest of NSW,1.0,0.9999997
2818,Rest of NSW,32,32,266886,1.0,0.00011990138111403371,2818,Rest of NSW,1.0,0.9999997
2820,Rest of NSW,670,670,266886,1.0,0.002510435167075081,2820,Rest of NSW,1.0,0.9999997
2821,Rest of NSW,438,438,266886,1.0,0.0016411501539983363,2821,Rest of NSW,1.0,0.9999997
2822,Rest of NSW,9,9,266886,1.0,3.372226343832198e-05,2822,Rest of NSW,0.841766,0.9999997
2823,Rest of NSW,127,127,266886,1.0,0.00047585860629632126,2823,Rest of NSW,1.0,0.9999997
2824,Rest of NSW,240,240,266886,1.0,0.0008992603583552528,2824,Rest of NSW,1.0,0.9999997
2825,Rest of NSW,278,278,266886,1.0,0.0010416432484281679,2825,Rest of NSW,1.0,0.9999997
2826,Rest of NSW,7,7,266886,1.0,2.6228427118694874e-05,2826,Rest of NSW,1.0,0.9999997
2827,Rest of NSW,364,364,266886,1.0,0.0013638782101721334,2827,Rest of NSW,1.0,0.9999997
2828,Rest of NSW,76,76,266886,1.0,0.0002847657801458301,2828,Rest of NSW,1.0,0.9999997
2829,Rest of NSW,299,299,266886,1.0,0.0011203285297842524,2829,Rest of NSW,0.987677,0.9999997
2830,Rest of NSW,4545,4545,266886,1.0,0.0170297430363526,2830,Rest of NSW,1.0,0.9999997
2831,Rest of NSW,70,70,266886,1.0,0.0002622842711869487,2831,Rest of NSW,1.0,0.9999997
2832,Rest of NSW,345,345,266886,1.0,0.0012926867651356759,2832,Rest of NSW,1.0,0.9999997
2833,Rest of NSW,91,91,266886,1.0,0.00034096955254303335,2833,Rest of NSW,1.0,0.9999997
2834,Rest of NSW,321,321,266886,1.0,0.0012027607293001506,2834,Rest of NSW,1.0,0.9999997
2835,Rest of NSW,571,571,266886,1.0,0.002139490269253539,2835,Rest of NSW,1.0,0.9999997
2836,Rest of NSW,128,128,266886,1.0,0.00047960552445613485,2836,Rest of NSW,1.0,0.9999997
2838,Rest of NSW,57,57,266886,1.0,0.00021357433510937253,2838,Rest of NSW,1.0,0.9999997
2839,Rest of NSW,239,239,266886,1.0,0.0008955134401954393,2839,Rest of NSW,1.0,0.9999997
2840,Rest of NSW,321,321,266886,1.0,0.0012027607293001506,2840,Rest of NSW,1.0,0.9999997
2842,Rest of NSW,30,30,266886,1.0,0.0001124075447944066,2842,Rest of NSW,1.0,0.9999997
2843,Rest of NSW,111,111,266886,1.0,0.0004159079157393044,2843,Rest of NSW,1.0,0.9999997
2844,Rest of NSW,112,112,266886,1.0,0.000419654833899118,2844,Rest of NSW,1.0,0.9999997
2845,Rest of NSW,166,166,266886,1.0,0.0006219884145290498,2845,Rest of NSW,1.0,0.9999997
2846,Rest of NSW,10,10,266886,1.0,3.746918159813553e-05,2846,Rest of NSW,1.0,0.9999997
2847,Rest of NSW,110,110,266886,1.0,0.00041216099757949087,2847,Rest of NSW,1.0,0.9999997
2848,Rest of NSW,200,200,266886,1.0,0.0007493836319627106,2848,Rest of NSW,1.0,0.9999997
2849,Rest of NSW,106,106,266886,1.0,0.0003971733249402367,2849,Rest of NSW,1.0,0.9999997
2850,Rest of NSW,1741,1741,266886,1.0,0.006523384516235397,2850,Rest of NSW,1.0,0.9999997
2852,Rest of NSW,282,282,266886,1.0,0.001056630921067422,2852,Rest of NSW,1.0,0.9999997
2864,Rest of NSW,34,34,266886,1.0,0.00012739521743366082,2864,Rest of NSW,1.0,0.9999997
2865,Rest of NSW,50,50,266886,1.0,0.00018734590799067766,2865,Rest of NSW,1.0,0.9999997
2866,Rest of NSW,227,227,266886,1.0,0.0008505504222776766,2866,Rest of NSW,1.0,0.9999997
2867,Rest of NSW,32,32,266886,1.0,0.00011990138111403371,2867,Rest of NSW,1.0,0.9999997
2868,Rest of NSW,45,45,266886,1.0,0.0001686113171916099,2868,Rest of NSW,1.0,0.9999997
2869,Rest of NSW,119,119,266886,1.0,0.00044588326101781283,2869,Rest of NSW,1.0,0.9999997
2870,Rest of NSW,1292,1292,266886,1.0,0.004841018262479111,2870,Rest of NSW,1.0,0.9999997
2871,Rest of NSW,890,890,266886,1.0,0.0033347571622340624,2871,Rest of NSW,0.9851976,0.9999997
2873,Rest of NSW,40,40,266886,1.0,0.00014987672639254213,2873,Rest of NSW,1.0,0.9999997
2874,Rest of NSW,22,22,266886,1.0,8.243219951589817e-05,2874,Rest of NSW,1.0,0.9999997
2875,Rest of NSW,67,67,266886,1.0,0.00025104351670750805,2875,Rest of NSW,1.0,0.9999997
2876,Rest of NSW,10,10,266886,1.0,3.746918159813553e-05,2876,Rest of NSW,1.0,0.9999997
2877,Rest of NSW,391,391,266886,1.0,0.0014650450004870994,2877,Rest of NSW,1.0,0.9999997
2878,Rest of NSW,22,22,266886,1.0,8.243219951589817e-05,2878,Rest of NSW,1.0,0.9999997
2879,Rest of NSW,78,78,266886,1.0,0.00029225961646545714,2879,Rest of NSW,1.0,0.9999997
2880,Rest of NSW,1692,1692,266886,1.0,0.0063397855264045325,2880,Rest of NSW,1.0,0.9999997
2898,Rest of NSW,38,38,266886,1.0,0.00014238289007291504,2898,Rest of NSW,1.0,0.9999997
